Date,Chemical_Plume
2000-01-01,0.030408693707308983
2000-01-02,0.03396421784097899
2000-01-03,0.057243686442093884
2000-01-04,0.039502148687270304
2000-01-05,0.06808299189703164
2000-01-06,0.08139371361955514
2000-01-07,0.05665241569562078
2000-01-08,0.05203474411679854
2000-01-09,0.01638440750178697
2000-01-10,0.064952204905441
2000-01-11,0.027126573969218838
2000-01-12,0.04163981742733161
2000-01-13,0.06919151784770271
2000-01-14,0.07059516328618065
2000-01-15,0.04066984945299766
2000-01-16,0.041821689301600275
2000-01-17,0.03601362253486656
2000-01-18,0.026042925093481786
2000-01-19,0.03730409035791517
2000-01-20,0.01773739962170623
2000-01-21,0.0636612516301653
2000-01-22,0.057890472103237514
2000-01-23,0.06121058569741025
2000-01-24,0.030911918988497145
2000-01-25,0.026098588729698877
2000-01-26,0.05107028548627121
2000-01-27,0.05128205129900451
2000-01-28,0.0470546034497411
2000-01-29,0.04421033461624301
2000-01-30,0.08421551555388773
2000-01-31,0.05852050023585957
2000-02-01,0.08941356782932983
2000-02-02,0.07537930050863267
2000-02-03,0.08406541852034691
2000-02-04,0.02851074467287996
2000-02-05,0.0618634198199606
2000-02-06,0.04136469022013254
2000-02-07,0.016732265772809347
2000-02-08,0.07992006339111052
2000-02-09,0.04412614948588742
2000-02-10,0.028897967394666314
2000-02-11,0.041708722735026134
2000-02-12,0.03407551754452362
2000-02-13,0.036126040647666655
2000-02-14,0.045567932196347014
2000-02-15,0.08461630386089486
2000-02-16,0.03667365566910749
2000-02-17,0.08318541328438381
2000-02-18,0.06697673591959044
2000-02-19,0.05792543127172173
2000-02-20,0.0649624006450375
2000-02-21,0.05027311327674915
2000-02-22,0.07572100207726852
2000-02-23,0.06133960526534202
2000-02-24,0.01670668029948974
2000-02-25,0.0559250386377993
2000-02-26,0.06567946285985231
2000-02-27,0.04421997562797566
2000-02-28,0.05252511745427865
2000-02-29,0.03774284010651186
2000-03-01,0.022447486878728794
2000-03-02,0.018992462581375203
2000-03-03,0.01925864025862273
2000-03-04,0.06338089484941065
2000-03-05,0.00019436583247342543
2000-03-06,0.036670401460730376
2000-03-07,0.034686934295092446
2000-03-08,0.04435680928025071
2000-03-09,0.012871369001275945
2000-03-10,0.058077761894812376
2000-03-11,0.024536772116802025
2000-03-12,0.07264811081418539
2000-03-13,0.03756468624822336
2000-03-14,0.0480877395317616
2000-03-15,0.05007547713110413
2000-03-16,0.054884821057211444
2000-03-17,0.050740287549922845
2000-03-18,0.041457789025347365
2000-03-19,0.05686097061388087
2000-03-20,0.059322942609899086
2000-03-21,0.0346973066578076
2000-03-22,0.058527356379471145
2000-03-23,0.07383440604803393
2000-03-24,0.06411788392209106
2000-03-25,0.06864750483294374
2000-03-26,0.05343841697814891
2000-03-27,0.03127699107850242
2000-03-28,0.033807110805927104
2000-03-29,0.05639775935708824
2000-03-30,0.06885527450304621
2000-03-31,0.10571823827988111
2000-04-01,0.06963643888877208
2000-04-02,0.026591284850049964
2000-04-03,0.034654548552800354
2000-04-04,0.09557034631911998
2000-04-05,0.04571222136046443
2000-04-06,0.050950292695225774
2000-04-07,0.030791661591815424
2000-04-08,0.08130206811148488
2000-04-09,0.06000666414641251
2000-04-10,0.03450797304229377
2000-04-11,0.03012349422285458
2000-04-12,0.056144078917957446
2000-04-13,0.050884123497609055
2000-04-14,0.06664220434442254
2000-04-15,0.060939369462543996
2000-04-16,0.04471039302462755
2000-04-17,0.039123968090772676
2000-04-18,0.04680115703402332
2000-04-19,0.03898638306686475
2000-04-20,0.04739608934390477
2000-04-21,0.050328818572387635
2000-04-22,0.03204138213239886
2000-04-23,0.06261359724195761
2000-04-24,0.04259144571060659
2000-04-25,0.03316231299429313
2000-04-26,0.042967851434362644
2000-04-27,0.05484516313240573
2000-04-28,0.051660763996266075
2000-04-29,0.058442362298089245
2000-04-30,0.06796692250151058
2000-05-01,0.07609880408016066
2000-05-02,0.05570972325376107
2000-05-03,0.028611952255290066
2000-05-04,0.04461778394939399
2000-05-05,0.02991363231233984
2000-05-06,0.08393708147424564
2000-05-07,0.08974801765054327
2000-05-08,0.06300622394992686
2000-05-09,0.06716917685278062
2000-05-10,0.05501886386473319
2000-05-11,0.05732111830921583
2000-05-12,0.018050915633417555
2000-05-13,0.0485213526948618
2000-05-14,0.032376938753074805
2000-05-15,0.0556271307507674
2000-05-16,0.04880780309222932
2000-05-17,0.0889364392469223
2000-05-18,0.06833255377445684
2000-05-19,0.055690239650432904
2000-05-20,0.044661206257207486
2000-05-21,0.0835204291751986
2000-05-22,0.04940090707746941
2000-05-23,0.05663347923270556
2000-05-24,0.050844992088536704
2000-05-25,0.04191692188585355
2000-05-26,0.050730124447710405
2000-05-27,0.010760662986433682
2000-05-28,0.019045871975176255
2000-05-29,0.056992610833392555
2000-05-30,0.08136399381054973
2000-05-31,0.05696442208288338
2000-06-01,0.035592622902066925
2000-06-02,0.021142924918653293
2000-06-03,0.06569054520951277
2000-06-04,0.03865609697969798
2000-06-05,0.06286470837105121
2000-06-06,0.057797303161314345
2000-06-07,0.05956600784509379
2000-06-08,0.050672034147071124
2000-06-09,0.05767288769939283
2000-06-10,0.0476109119748733
2000-06-11,0.03729386931263593
2000-06-12,0.030730018789678973
2000-06-13,0.002299824040580427
2000-06-14,0.04637780875190981
2000-06-15,0.08038756365903907
2000-06-16,0.06460160185075195
2000-06-17,0.05455418236951917
2000-06-18,0.035319900114216984
2000-06-19,0.06994678451518155
2000-06-20,0.04761381376393951
2000-06-21,0.08149868627578118
2000-06-22,0.030378254734106377
2000-06-23,0.03500060944054688
2000-06-24,0.033054601115607436
2000-06-25,0.02035763259131974
2000-06-26,0.031259106296164754
2000-06-27,0.05206432519531835
2000-06-28,0.03575597950298745
2000-06-29,0.0
2000-06-30,0.07148546594840244
2000-07-01,0.016318125413051894
2000-07-02,0.061784565697732746
2000-07-03,0.0506242917933913
2000-07-04,0.09234745632840685
2000-07-05,0.06993914963045239
2000-07-06,0.039907908090300516
2000-07-07,0.035958728752893764
2000-07-08,0.08005455361598571
2000-07-09,0.020482578057971768
2000-07-10,0.05381759871837417
2000-07-11,0.04737759073500656
2000-07-12,0.043135478625906484
2000-07-13,0.05707027968896851
2000-07-14,0.053791197210173516
2000-07-15,0.05914801485583489
2000-07-16,0.05277951304726568
2000-07-17,0.05835362810034496
2000-07-18,0.0518673038586319
2000-07-19,0.036811462255673714
2000-07-20,0.05008002520473191
2000-07-21,0.0357122688059196
2000-07-22,0.034392467905382994
2000-07-23,0.04327699994564497
2000-07-24,0.047611536785283154
2000-07-25,0.05070450612695622
2000-07-26,0.06832757654726662
2000-07-27,0.040030718349183134
2000-07-28,0.05393703852949641
2000-07-29,0.052360554278876384
2000-07-30,0.0378274342506787
2000-07-31,0.0514748157241309
2000-08-01,0.07005442830354627
2000-08-02,0.053730124337668
2000-08-03,0.05453167858054617
2000-08-04,0.03589343338114666
2000-08-05,0.08937717702409753
2000-08-06,0.03703287259354998
2000-08-07,0.01664433078905045
2000-08-08,0.06720368240436153
2000-08-09,0.047703659207031485
2000-08-10,0.0439391635810585
2000-08-11,0.03908892439176946
2000-08-12,0.08743429248631676
2000-08-13,0.05709180557209366
2000-08-14,0.060995024432901696
2000-08-15,0.05325231247164535
2000-08-16,0.05540099226890393
2000-08-17,0.0779724922111883
2000-08-18,0.0449829067754461
2000-08-19,0.020861249089585407
2000-08-20,0.06736109308455554
2000-08-21,0.05993403224484784
2000-08-22,0.052159596257700856
2000-08-23,0.05941506483095573
2000-08-24,0.04258511559411652
2000-08-25,0.050413851657085194
2000-08-26,0.0473659949228018
2000-08-27,0.03817023485858166
2000-08-28,0.07378345566210005
2000-08-29,0.021754827451643994
2000-08-30,0.09721764343625934
2000-08-31,0.06754724418412951
2000-09-01,0.014440489305952986
2000-09-02,0.04551667341018141
2000-09-03,0.04662908168192885
2000-09-04,0.05783773257884225
2000-09-05,0.0302124345852056
2000-09-06,0.05064050686736435
2000-09-07,0.04757761203754706
2000-09-08,0.035247632748531224
2000-09-09,0.032464955370575366
2000-09-10,0.06837609293404714
2000-09-11,0.01606834919914813
2000-09-12,0.05955757872192103
2000-09-13,0.06595020613756249
2000-09-14,0.04562883323323168
2000-09-15,0.05104745679449992
2000-09-16,0.07326989999394763
2000-09-17,0.035902969785518865
2000-09-18,0.037966951422217524
2000-09-19,0.04009032637801384
2000-09-20,0.07330651198446564
2000-09-21,0.07584587493769415
2000-09-22,0.022082195310727623
2000-09-23,0.07012481494623274
2000-09-24,0.06637816612694568
2000-09-25,0.08107189620899656
2000-09-26,0.057702160642527596
2000-09-27,0.049114797594428466
2000-09-28,0.07290433373143318
2000-09-29,0.06397807583003531
2000-09-30,0.09489796828297453
2000-10-01,0.06917415689923656
2000-10-02,0.05307095952847831
2000-10-03,0.026517912392476577
2000-10-04,0.03838165645611764
2000-10-05,0.02128090043943968
2000-10-06,0.04569875927878274
2000-10-07,0.06852135186465691
2000-10-08,0.04992657823038969
2000-10-09,0.07043450537520146
2000-10-10,0.05675147466878027
2000-10-11,0.04193815420491981
2000-10-12,0.05175250310339928
2000-10-13,0.059441933821101925
2000-10-14,0.052784467969272324
2000-10-15,0.053013684577038284
2000-10-16,0.03461899784826587
2000-10-17,0.041340474695155685
2000-10-18,0.09516921592309288
2000-10-19,0.07456932980847085
2000-10-20,0.020523182063805684
2000-10-21,0.002660620849872765
2000-10-22,0.3348372526853172
2000-10-23,0.46326516506210996
2000-10-24,0.5914203250087194
2000-10-25,0.8405588531128468
2000-10-26,1.1259900571608257
2000-10-27,1.5467387744054606
2000-10-28,1.1399192693841875
2000-10-29,0.8094881626908427
2000-10-30,0.5960850353210905
2000-10-31,0.45879905241619945
2000-11-01,0.33268548551502225
2000-11-02,0.29117845032247375
2000-11-03,0.20933446005372794
2000-11-04,0.16680145340085756
2000-11-05,0.12369050963049455
2000-11-06,0.06749509353419213
2000-11-07,0.04354784454396708
2000-11-08,0.055647555023990304
2000-11-09,0.0316741390599088
2000-11-10,0.07078882784461184
2000-11-11,0.05581209394523584
2000-11-12,0.08965026127395753
2000-11-13,0.09784596767339516
2000-11-14,0.06526638902866295
2000-11-15,0.05136850622415807
2000-11-16,0.031078709757488627
2000-11-17,0.0680949960651765
2000-11-18,0.05420569127790457
2000-11-19,0.06076069678308924
2000-11-20,0.08459574774912487
2000-11-21,0.033511534226733065
2000-11-22,0.03151391663037327
2000-11-23,0.0452714812325864
2000-11-24,0.06642402299503647
2000-11-25,0.061097344804289765
2000-11-26,0.03208622976608455
2000-11-27,0.06513105801404966
2000-11-28,0.025975743622134742
2000-11-29,0.03324516651302285
2000-11-30,0.04769085365621621
2000-12-01,0.0389313750804956
2000-12-02,0.0677971897730187
2000-12-03,0.05572756966002189
2000-12-04,0.08531122355254521
2000-12-05,0.04505629269291172
2000-12-06,0.04755595697918513
2000-12-07,0.07420765218123526
2000-12-08,0.04818158393752409
2000-12-09,0.07988010495415092
2000-12-10,0.060816564207689834
2000-12-11,0.0029442706022928186
2000-12-12,0.07355140828298928
2000-12-13,0.06825453626239618
2000-12-14,0.0690266521222109
2000-12-15,0.011780432429094843
2000-12-16,0.036740200774579054
2000-12-17,0.03822590332886461
2000-12-18,0.033177572648792154
2000-12-19,0.08483845063787876
2000-12-20,0.04976464324352732
2000-12-21,0.04926878114741659
2000-12-22,0.06104016620631558
2000-12-23,0.06138603335778764
2000-12-24,0.0
2000-12-25,0.037072849257012735
2000-12-26,0.021744228444174465
2000-12-27,0.058006121863096394
2000-12-28,0.04422215171331906
2000-12-29,0.050307751290025376
2000-12-30,0.008429605022189542
2000-12-31,0.04380295550619004
2001-01-01,0.07230260503665631
2001-01-02,0.07818898966204335
2001-01-03,0.064377268390814
2001-01-04,0.023290694131037626
2001-01-05,0.07518803605984248
2001-01-06,0.06448004510000031
2001-01-07,0.04765621931870923
2001-01-08,0.00949927370980512
2001-01-09,0.06907189901325034
2001-01-10,0.03815667340033242
2001-01-11,0.05692331642109562
2001-01-12,0.051367877212733254
2001-01-13,0.08076789968876558
2001-01-14,0.04749266028004983
2001-01-15,0.04969772819828105
2001-01-16,0.0815723078095726
2001-01-17,0.03683555512499623
2001-01-18,0.06628645702815554
2001-01-19,0.046027685542430724
2001-01-20,0.02994916075990142
2001-01-21,0.05002321973441746
2001-01-22,0.06383410227215976
2001-01-23,0.07707419679953023
2001-01-24,0.07949387970691366
2001-01-25,0.04410471851548935
2001-01-26,0.03025501535935573
2001-01-27,0.04362522200845042
2001-01-28,0.02636938493339689
2001-01-29,0.0456522760116699
2001-01-30,0.04316669432760484
2001-01-31,0.0645498040831353
2001-02-01,0.005881296401712435
2001-02-02,0.03532784107826721
2001-02-03,0.035489633911161694
2001-02-04,0.07374254504816051
2001-02-05,0.027723112451979663
2001-02-06,0.05453314719297988
2001-02-07,0.047437431711604375
2001-02-08,0.07086085053672764
2001-02-09,0.06191663729021095
2001-02-10,0.05242487463640759
2001-02-11,0.03890666250823864
2001-02-12,0.012953149937802479
2001-02-13,0.05494171311374811
2001-02-14,0.06060979597059746
2001-02-15,0.018502647750506945
2001-02-16,0.025326116713429016
2001-02-17,0.055046599467433524
2001-02-18,0.056782833724157405
2001-02-19,0.030187053798158815
2001-02-20,0.03851870572863924
2001-02-21,0.01327022322859147
2001-02-22,0.07754527807626468
2001-02-23,0.024002511852630956
2001-02-24,0.06084518782497102
2001-02-25,0.0493007860769324
2001-02-26,0.07579187239249519
2001-02-27,0.03415491814450487
2001-02-28,0.051225054206807744
2001-03-01,0.016031461815253
2001-03-02,0.011229463261204928
2001-03-03,0.06192667167730948
2001-03-04,0.014299483218605961
2001-03-05,0.04543564931130939
2001-03-06,0.0702259089594584
2001-03-07,0.06493369712189359
2001-03-08,0.036708290241028126
2001-03-09,0.018229937271836555
2001-03-10,0.06018989723311058
2001-03-11,0.07684513565720362
2001-03-12,0.036755238426687535
2001-03-13,0.03393374283185767
2001-03-14,0.03950196074262003
2001-03-15,0.06143217421614232
2001-03-16,0.07457035212829827
2001-03-17,0.025207863772389556
2001-03-18,0.020034363813506942
2001-03-19,0.09679992643864896
2001-03-20,0.04645354424219923
2001-03-21,0.05505785591380619
2001-03-22,0.03616138318764722
2001-03-23,0.05979924618905432
2001-03-24,0.06920121749403045
2001-03-25,0.055995923431458594
2001-03-26,0.0848171615402887
2001-03-27,0.04346510820117817
2001-03-28,0.04474235053929248
2001-03-29,0.05462812702554831
2001-03-30,0.05929923291012194
2001-03-31,0.05455894524125219
2001-04-01,0.024311699460898183
2001-04-02,0.05625030332391123
2001-04-03,0.04251652830393125
2001-04-04,0.03838045971850709
2001-04-05,0.050649641095064875
2001-04-06,0.030769546253415717
2001-04-07,0.027292173522535376
2001-04-08,0.0
2001-04-09,0.08494474657019782
2001-04-10,0.06111462638206005
2001-04-11,0.0476647175738739
2001-04-12,0.036655535262267044
2001-04-13,0.0
2001-04-14,0.035429422475570314
2001-04-15,0.06431732674328153
2001-04-16,0.06884348607187737
2001-04-17,0.06284583987206603
2001-04-18,0.053167839115049374
2001-04-19,0.07607748291862758
2001-04-20,0.0434292555582292
2001-04-21,0.07170377832268723
2001-04-22,0.04230835112559574
2001-04-23,0.03237717382244476
2001-04-24,0.029885740391549582
2001-04-25,0.028710071576540947
2001-04-26,0.06318136057604971
2001-04-27,0.03514508857805843
2001-04-28,0.029339423099301126
2001-04-29,0.0642747043932272
2001-04-30,0.056559407809444656
2001-05-01,0.06925183965691604
2001-05-02,0.06025199022545597
2001-05-03,0.03493776839605377
2001-05-04,0.05152204832937175
2001-05-05,0.052502659815393544
2001-05-06,0.03161682683051996
2001-05-07,0.02790750051812015
2001-05-08,0.03638556781764591
2001-05-09,0.09073164713344162
2001-05-10,0.041745118115569024
2001-05-11,0.07465733582773429
2001-05-12,0.040626789810404046
2001-05-13,0.06777677639079985
2001-05-14,0.06804983311115695
2001-05-15,0.0690518101590409
2001-05-16,0.057756546840179175
2001-05-17,0.07754733157562303
2001-05-18,0.05756707938705456
2001-05-19,0.0842705945868056
2001-05-20,0.017601603936231336
2001-05-21,0.05696572495333637
2001-05-22,0.055666471850713335
2001-05-23,0.03126960308389018
2001-05-24,0.06159168443527477
2001-05-25,0.02019834648846764
2001-05-26,0.036916313484793434
2001-05-27,0.010018243742043846
2001-05-28,0.0811725303392563
2001-05-29,0.045369010121094094
2001-05-30,0.09333768069632624
2001-05-31,0.0660589985303899
2001-06-01,0.058961964267020495
2001-06-02,0.03827544611438002
2001-06-03,0.0290729992862516
2001-06-04,0.060459431477938905
2001-06-05,0.04856971981454036
2001-06-06,0.023214593690293984
2001-06-07,0.01966283166983363
2001-06-08,0.030825925417128325
2001-06-09,0.08641934450532462
2001-06-10,0.09426555836022608
2001-06-11,0.0540997829461782
2001-06-12,0.05297885592482577
2001-06-13,0.04327359256340958
2001-06-14,0.03131029303380996
2001-06-15,0.07750358115214488
2001-06-16,0.08747152787794271
2001-06-17,0.03213161828321429
2001-06-18,0.04834323243150797
2001-06-19,0.04100267398579664
2001-06-20,0.04159521850270046
2001-06-21,0.07371816510859724
2001-06-22,0.023760769092677568
2001-06-23,0.05932939381872613
2001-06-24,0.06456476214611731
2001-06-25,0.04715697652796362
2001-06-26,0.06786135653973546
2001-06-27,0.052953036810749005
2001-06-28,0.07434259842312224
2001-06-29,0.019555893901482917
2001-06-30,0.043024494779862615
2001-07-01,0.04856373714297931
2001-07-02,0.0
2001-07-03,0.028280945328429306
2001-07-04,0.033728014912824275
2001-07-05,0.068964119896467
2001-07-06,0.03586313307370799
2001-07-07,0.03363842025388046
2001-07-08,0.06634971561312383
2001-07-09,0.01764178708419891
2001-07-10,0.00857511865112856
2001-07-11,0.04276815399861307
2001-07-12,0.021045864638432898
2001-07-13,0.02180641410680702
2001-07-14,0.061468675833759645
2001-07-15,0.06751947675825158
2001-07-16,0.06577728431704251
2001-07-17,0.07217553320614466
2001-07-18,0.07482268640029605
2001-07-19,0.007428195823461388
2001-07-20,0.059008239198589336
2001-07-21,0.039407836008608824
2001-07-22,0.03505151508019128
2001-07-23,0.061208292644174114
2001-07-24,0.015394090402084969
2001-07-25,0.014977827882553606
2001-07-26,0.06267145488163435
2001-07-27,0.059755720350217964
2001-07-28,0.05273465311743021
2001-07-29,0.032401731905537266
2001-07-30,0.06487659269164249
2001-07-31,0.06360605784120953
2001-08-01,0.05170609030094909
2001-08-02,0.026453579174604572
2001-08-03,0.04149503308540987
2001-08-04,0.06675667355048887
2001-08-05,0.07654382445603575
2001-08-06,0.04346926793247343
2001-08-07,0.045006540643834754
2001-08-08,0.04676621783949878
2001-08-09,0.05549786017821945
2001-08-10,0.03837865399879953
2001-08-11,0.0
2001-08-12,0.07385538003294194
2001-08-13,0.08589377894325098
2001-08-14,0.03775200280788575
2001-08-15,0.028666932621624522
2001-08-16,0.04725798955219556
2001-08-17,0.04624992232542455
2001-08-18,0.06991037154325919
2001-08-19,0.05109278883290076
2001-08-20,0.034147543392576335
2001-08-21,0.02363181098883902
2001-08-22,0.06731268369639347
2001-08-23,0.06199022482328499
2001-08-24,0.07121119756183639
2001-08-25,0.030636264985578126
2001-08-26,0.08676873799056659
2001-08-27,0.015126109858855263
2001-08-28,0.0641920204280296
2001-08-29,0.011808344656061967
2001-08-30,0.03419337236603065
2001-08-31,0.08122045860895918
2001-09-01,0.06662728508951979
2001-09-02,0.039075591690256366
2001-09-03,0.039623259143566236
2001-09-04,0.052012442216708844
2001-09-05,0.06028281981521446
2001-09-06,0.07503158765365393
2001-09-07,0.04087531990783011
2001-09-08,0.01776429873025597
2001-09-09,0.053139372540975206
2001-09-10,0.040851383249832104
2001-09-11,0.023987325905031057
2001-09-12,0.055953378306255894
2001-09-13,0.04573772491814422
2001-09-14,0.05613024412939589
2001-09-15,0.03211111599625639
2001-09-16,0.05973421060650998
2001-09-17,0.023658036064900433
2001-09-18,0.033445372206068344
2001-09-19,0.04514171537825445
2001-09-20,0.08483636829919429
2001-09-21,0.06569650737096988
2001-09-22,0.0715438500853558
2001-09-23,0.07834154066686289
2001-09-24,0.12205664271621747
2001-09-25,0.050831781351168684
2001-09-26,0.07840801846259711
2001-09-27,0.07025270508803882
2001-09-28,0.06992065006615052
2001-09-29,0.08548479236080363
2001-09-30,0.041613739380310474
2001-10-01,0.040026299521272415
2001-10-02,0.05639531026963723
2001-10-03,0.04634600456156226
2001-10-04,0.056370017059963466
2001-10-05,0.08125497570106023
2001-10-06,0.04043706554587444
2001-10-07,0.043906420748125397
2001-10-08,0.05348622007053154
2001-10-09,0.04543363147949662
2001-10-10,0.01171988343973026
2001-10-11,0.03839744714602121
2001-10-12,0.06374746484475009
2001-10-13,0.07875093501865293
2001-10-14,0.02690762864924547
2001-10-15,0.026814352015383142
2001-10-16,0.050604676054346716
2001-10-17,0.00848809870244327
2001-10-18,0.04110059594025745
2001-10-19,0.015279158808972133
2001-10-20,0.07738122599684931
2001-10-21,0.03461337691299191
2001-10-22,0.08305668372678054
2001-10-23,0.07227042706916678
2001-10-24,0.03707365404605167
2001-10-25,0.028560807263078452
2001-10-26,0.04612908501664823
2001-10-27,0.047907067514835935
2001-10-28,0.05692293887904803
2001-10-29,0.03446913420939642
2001-10-30,0.06492789747044406
2001-10-31,0.05530656109999799
2001-11-01,0.043192096865682726
2001-11-02,0.03575918689163954
2001-11-03,0.046302300338026285
2001-11-04,0.03366197496344862
2001-11-05,0.05116877389767176
2001-11-06,0.0517087737043982
2001-11-07,0.055234145669526793
2001-11-08,0.08532484819343708
2001-11-09,0.04735110560600855
2001-11-10,0.07009195734248966
2001-11-11,0.05459174793951404
2001-11-12,0.04523511396203092
2001-11-13,0.04761681460097532
2001-11-14,0.048823471816639
2001-11-15,0.055595354154564326
2001-11-16,0.030813584695620604
2001-11-17,0.020693192331100663
2001-11-18,0.06308594786948551
2001-11-19,0.06796247665162519
2001-11-20,0.06491271665605607
2001-11-21,0.05309944037112946
2001-11-22,0.06534449254906577
2001-11-23,0.06426858052034284
2001-11-24,0.0657525871790991
2001-11-25,0.032809183573157735
2001-11-26,0.028060964056907382
2001-11-27,0.04222861506495459
2001-11-28,0.0496523178091469
2001-11-29,0.04516157745735421
2001-11-30,0.012466193373242493
2001-12-01,0.08443385224270285
2001-12-02,0.04451908022228529
2001-12-03,0.05345408833153908
2001-12-04,0.07489097981526117
2001-12-05,0.003100554609575895
2001-12-06,0.03976612256176576
2001-12-07,0.04225765452840391
2001-12-08,0.04327379909098711
2001-12-09,0.046530268185720945
2001-12-10,0.0789426959688969
2001-12-11,0.06346917751454445
2001-12-12,0.0691607053725766
2001-12-13,0.05094240543621848
2001-12-14,0.022012539077089978
2001-12-15,0.008406059297079861
2001-12-16,0.3027252497917101
2001-12-17,0.4525910212569106
2001-12-18,0.6024545560111162
2001-12-19,0.815922405597768
2001-12-20,1.1174254277258813
2001-12-21,1.590234431508855
2001-12-22,1.1083388940411545
2001-12-23,0.8386820676712092
2001-12-24,0.6018574204775834
2001-12-25,0.44417691693787026
2001-12-26,0.35684615522867763
2001-12-27,0.28225353250874796
2001-12-28,0.1906669626589108
2001-12-29,0.1702092312190452
2001-12-30,0.131958429794797
2001-12-31,0.050148742776198296
2002-01-01,0.05408509885314052
2002-01-02,0.03623982370310325
2002-01-03,0.04387801213337831
2002-01-04,0.03838729440494588
2002-01-05,0.06802753432857839
2002-01-06,0.048095977689178754
2002-01-07,0.024045719507699233
2002-01-08,0.03553125553673825
2002-01-09,0.0
2002-01-10,0.04011014796235703
2002-01-11,0.050752901301942994
2002-01-12,0.04727728302266053
2002-01-13,0.08960308703062786
2002-01-14,0.061498120818300736
2002-01-15,0.06060903706178302
2002-01-16,0.017134619308594445
2002-01-17,0.04270715891765735
2002-01-18,0.04026674385352609
2002-01-19,0.034278376023839846
2002-01-20,0.03400238668973307
2002-01-21,0.013837540921167527
2002-01-22,0.024482935906373432
2002-01-23,0.06748186805529899
2002-01-24,0.047141706160136354
2002-01-25,0.03987195163451332
2002-01-26,0.049891773306945844
2002-01-27,0.07334781357402302
2002-01-28,0.050084210417515714
2002-01-29,0.06080748261862076
2002-01-30,0.03306790315223486
2002-01-31,0.03762740098506562
2002-02-01,0.05707953770127351
2002-02-02,0.08785307416674228
2002-02-03,0.07859549719029749
2002-02-04,0.06165656138912278
2002-02-05,0.053028675203214366
2002-02-06,0.07802138711254342
2002-02-07,0.06589356646090248
2002-02-08,0.004126759552586776
2002-02-09,0.02892138304289556
2002-02-10,0.056762806507158634
2002-02-11,0.014260648688980554
2002-02-12,0.03204821990486276
2002-02-13,0.03600370112684052
2002-02-14,0.04487668187508333
2002-02-15,0.04425139583547585
2002-02-16,0.044217591456663465
2002-02-17,0.06650615034480628
2002-02-18,0.044695522690989316
2002-02-19,0.042307397358575326
2002-02-20,0.023016557917129678
2002-02-21,0.0704869240397165
2002-02-22,0.03657004972105028
2002-02-23,0.0282593934399745
2002-02-24,0.05426181149737942
2002-02-25,0.03466117475233875
2002-02-26,0.03948094520411412
2002-02-27,0.05516920348638139
2002-02-28,0.04347034752440888
2002-03-01,0.0962321875060127
2002-03-02,0.04850342913361604
2002-03-03,0.062356764377584445
2002-03-04,0.011166119050141102
2002-03-05,0.0327870173617054
2002-03-06,0.028261726101665753
2002-03-07,0.03091240553394743
2002-03-08,0.05831075987674005
2002-03-09,0.0707113013555482
2002-03-10,0.05689261009269022
2002-03-11,0.04546710752867382
2002-03-12,0.037382899225751616
2002-03-13,0.07227199502373019
2002-03-14,0.09142510908309724
2002-03-15,0.052701114095673816
2002-03-16,0.06878726128143145
2002-03-17,0.0568674069959095
2002-03-18,0.06511009812931179
2002-03-19,0.026709064437797674
2002-03-20,0.04023727439715752
2002-03-21,0.05790938880091168
2002-03-22,0.07424981888163959
2002-03-23,0.03363731556724651
2002-03-24,0.009334017779197464
2002-03-25,0.040034711471175016
2002-03-26,0.070202614286965
2002-03-27,0.018322088178243018
2002-03-28,0.026461602157368317
2002-03-29,0.053118371721022246
2002-03-30,0.04768057494477072
2002-03-31,0.06188932963106455
2002-04-01,0.02542546479108842
2002-04-02,0.04350042811662665
2002-04-03,0.07390370804806196
2002-04-04,0.026142076127264324
2002-04-05,0.07953824592620538
2002-04-06,0.028651660282226227
2002-04-07,0.06698763154755222
2002-04-08,0.04254082979573749
2002-04-09,0.02710183484722047
2002-04-10,0.040062019056948034
2002-04-11,0.060898583763579886
2002-04-12,0.04986292010197019
2002-04-13,0.07236938822886688
2002-04-14,0.07871480121869763
2002-04-15,0.026339386693642993
2002-04-16,0.024874617101793103
2002-04-17,0.023904124527583167
2002-04-18,0.03201607807903962
2002-04-19,0.07208429041639489
2002-04-20,0.061207239013334705
2002-04-21,0.03909944854155137
2002-04-22,0.04977794818754332
2002-04-23,0.07808611010331877
2002-04-24,0.0881602170195824
2002-04-25,0.05518768666885605
2002-04-26,0.0
2002-04-27,0.05594574189519946
2002-04-28,0.06869496259082696
2002-04-29,0.0544926463171215
2002-04-30,0.06453029837469568
2002-05-01,0.057141307489207684
2002-05-02,0.025307091650362698
2002-05-03,0.03227523133273075
2002-05-04,0.043576956257396875
2002-05-05,0.07130829556476703
2002-05-06,0.03468231863358759
2002-05-07,0.059118052663352946
2002-05-08,0.05607385187842394
2002-05-09,0.08172394530158261
2002-05-10,0.049166404437411715
2002-05-11,0.014904831634474834
2002-05-12,0.06293740929793556
2002-05-13,0.0927611042326801
2002-05-14,0.06424766689732912
2002-05-15,0.034246768163791866
2002-05-16,0.02836108241642071
2002-05-17,0.030940623329851896
2002-05-18,0.09006623760764093
2002-05-19,0.04345345118957128
2002-05-20,0.03674713212343945
2002-05-21,0.04683126711745533
2002-05-22,0.04366185902788597
2002-05-23,0.08135300719575007
2002-05-24,0.029710450179673942
2002-05-25,0.07361286463320893
2002-05-26,0.052441841929021696
2002-05-27,0.07414053026855372
2002-05-28,0.08165238087468102
2002-05-29,0.0516959526782619
2002-05-30,0.04369872780801669
2002-05-31,0.05132357663730207
2002-06-01,0.04810458655989737
2002-06-02,0.016860670885225443
2002-06-03,0.08104960747570146
2002-06-04,0.05491570034762381
2002-06-05,0.026738016298978918
2002-06-06,0.008649533596031829
2002-06-07,0.0034480153413930237
2002-06-08,0.06540960873375007
2002-06-09,0.037620448631858094
2002-06-10,0.04090198663789733
2002-06-11,0.05976308529077647
2002-06-12,0.03967903687796443
2002-06-13,0.060930488321070266
2002-06-14,0.051905281287534306
2002-06-15,0.048317408337015276
2002-06-16,0.018544991886170224
2002-06-17,0.03360537287122281
2002-06-18,0.06205070731173732
2002-06-19,0.03635956370271898
2002-06-20,0.07410739111568981
2002-06-21,0.09692802647986798
2002-06-22,0.06312770601682645
2002-06-23,0.07985663782730315
2002-06-24,0.06441454476592137
2002-06-25,0.03931475954655624
2002-06-26,0.054003033296148494
2002-06-27,0.09026641892194884
2002-06-28,0.03952892514745098
2002-06-29,0.029213454022438523
2002-06-30,0.027316111537694615
2002-07-01,0.045649412323329024
2002-07-02,0.02993055822713876
2002-07-03,0.08348038854874475
2002-07-04,0.05432713069182576
2002-07-05,0.06943452619521007
2002-07-06,0.04402669218840603
2002-07-07,0.027196056044877636
2002-07-08,0.023812121091334456
2002-07-09,0.03184016515643759
2002-07-10,0.056950509880534225
2002-07-11,0.06039765863535896
2002-07-12,0.0620639214611737
2002-07-13,0.02022654632436286
2002-07-14,0.0499918162820346
2002-07-15,0.029478763382152152
2002-07-16,0.05802931935169057
2002-07-17,0.059581541109949045
2002-07-18,0.026556539059471237
2002-07-19,0.06936059214392697
2002-07-20,0.0967764588305649
2002-07-21,0.06669671475169325
2002-07-22,0.04674331920897791
2002-07-23,0.04366908593580516
2002-07-24,0.04581872036654983
2002-07-25,0.03478532306445979
2002-07-26,0.055047964133040986
2002-07-27,0.027230748176913917
2002-07-28,0.012206044268041998
2002-07-29,0.05439203363627097
2002-07-30,0.05042466131551643
2002-07-31,0.038576599671256116
2002-08-01,0.024346067547792668
2002-08-02,0.055794880538280696
2002-08-03,0.030196499228590988
2002-08-04,0.04722111298269331
2002-08-05,0.08529943708252889
2002-08-06,0.06302379539150768
2002-08-07,0.02261734675236607
2002-08-08,0.024502968579753953
2002-08-09,0.05303638185487518
2002-08-10,0.022493586358819585
2002-08-11,0.009965490375314266
2002-08-12,0.06064744022593447
2002-08-13,0.056418715086417354
2002-08-14,0.059011966625582654
2002-08-15,0.05526070363635808
2002-08-16,0.0486937857665521
2002-08-17,0.03675622904646679
2002-08-18,0.06032269932175886
2002-08-19,0.08059766976810301
2002-08-20,0.03997541985113092
2002-08-21,0.029585195795834032
2002-08-22,0.02729761161177522
2002-08-23,0.03266539533332565
2002-08-24,0.054051970489521484
2002-08-25,0.0072074487289287975
2002-08-26,0.05878340848864652
2002-08-27,0.06287826020592312
2002-08-28,0.014038432801142399
2002-08-29,0.030416391274448017
2002-08-30,0.05159361959690828
2002-08-31,0.04713060539391205
2002-09-01,0.06039274936537181
2002-09-02,0.04717726356967268
2002-09-03,0.0752953905354993
2002-09-04,0.04357661201912636
2002-09-05,0.03033934026560493
2002-09-06,0.028731162674764874
2002-09-07,0.06470937018563379
2002-09-08,0.050592422839138326
2002-09-09,0.0626743180145039
2002-09-10,0.06226244998458369
2002-09-11,0.009603002944723188
2002-09-12,0.02719834797953113
2002-09-13,0.02958749918992359
2002-09-14,0.03367871623016475
2002-09-15,0.041592893468469484
2002-09-16,0.06998299189234372
2002-09-17,0.07396964704767799
2002-09-18,0.04414218339594007
2002-09-19,0.044974382773505114
2002-09-20,0.035891325518854274
2002-09-21,0.05178375394477089
2002-09-22,0.05405041765467874
2002-09-23,0.06612951110004531
2002-09-24,0.06596877451965107
2002-09-25,0.003957638978618977
2002-09-26,0.04694910104725764
2002-09-27,0.07768200061780207
2002-09-28,0.04123770145390167
2002-09-29,0.07278483636726577
2002-09-30,0.043870963999776226
2002-10-01,0.053498469348839284
2002-10-02,0.02726218615201702
2002-10-03,0.02801502884866971
2002-10-04,0.06450983144526029
2002-10-05,0.0676363656040133
2002-10-06,0.050528578124009856
2002-10-07,0.025449515147232177
2002-10-08,0.050876091132144294
2002-10-09,0.07514469921348556
2002-10-10,0.08485732940103521
2002-10-11,0.04366584135348171
2002-10-12,0.0168026429948442
2002-10-13,0.06680727199109558
2002-10-14,0.044480738070899986
2002-10-15,0.0688608128312208
2002-10-16,0.05562144450035239
2002-10-17,0.032331117884763005
2002-10-18,0.05116488721318762
2002-10-19,0.07616676734108656
2002-10-20,0.04701692022065513
2002-10-21,0.02930389673109245
2002-10-22,0.01822711662806687
2002-10-23,0.03455670626270697
2002-10-24,0.04179727476458037
2002-10-25,0.06639998271834519
2002-10-26,0.027583014643767566
2002-10-27,0.08107503771459272
2002-10-28,0.023256955783176173
2002-10-29,0.09662972185113675
2002-10-30,0.08451037113508943
2002-10-31,0.052823324987759844
2002-11-01,0.01704612930460816
2002-11-02,0.04889151876035157
2002-11-03,0.042263180840269886
2002-11-04,0.024514255538981525
2002-11-05,0.05582019254494885
2002-11-06,0.033527137402887125
2002-11-07,0.03570188305900837
2002-11-08,0.04592642730855289
2002-11-09,0.038501823425885935
2002-11-10,0.09156313234220059
2002-11-11,0.03928570734000901
2002-11-12,0.058817620227889514
2002-11-13,0.05291044984420724
2002-11-14,0.05705500450517744
2002-11-15,0.05858176807221864
2002-11-16,0.06762722973212246
2002-11-17,0.05532892151237285
2002-11-18,0.0544979158977264
2002-11-19,0.05116954136936279
2002-11-20,0.047231642953200516
2002-11-21,0.031764042366786455
2002-11-22,0.048782632451595975
2002-11-23,0.05482534750531067
2002-11-24,0.0580432911314559
2002-11-25,0.05360569545980473
2002-11-26,0.045340899731029324
2002-11-27,0.04885840193608205
2002-11-28,0.038927070308984166
2002-11-29,0.05626447982013128
2002-11-30,0.045577435441717565
2002-12-01,0.053611218763949406
2002-12-02,0.07001606086765105
2002-12-03,0.035812821807151604
2002-12-04,0.06193390761820969
2002-12-05,0.05066420359770746
2002-12-06,0.09042387199161511
2002-12-07,0.04567399343072981
2002-12-08,0.06390329166302133
2002-12-09,0.05030706903511954
2002-12-10,0.022233909833730126
2002-12-11,0.03958621808961711
2002-12-12,0.06760942210856788
2002-12-13,0.04134611078783454
2002-12-14,0.005594873703207721
2002-12-15,0.04937193966150993
2002-12-16,0.02815327404097979
2002-12-17,0.05263635465193438
2002-12-18,0.08102294162796038
2002-12-19,0.06538914621605807
2002-12-20,0.08073311657479956
2002-12-21,0.038769759571110174
2002-12-22,0.04713667332728936
2002-12-23,0.02911127606384441
2002-12-24,0.0363191310991981
2002-12-25,0.0314623033542764
2002-12-26,0.023865540615760857
2002-12-27,0.0773171325066268
2002-12-28,0.008160794099471555
2002-12-29,0.07740277809609114
2002-12-30,0.07492117849840463
2002-12-31,0.3433092577659227
2003-01-01,0.4231055618117088
2003-01-02,0.5701756595282994
2003-01-03,0.8091576049236168
2003-01-04,1.1372993749874825
2003-01-05,1.5500612727488134
2003-01-06,1.1039269759587889
2003-01-07,0.8430897742420179
2003-01-08,0.6355068283207943
2003-01-09,0.4408637238932982
2003-01-10,0.3355001423282897
2003-01-11,0.22282595118232912
2003-01-12,0.18717021747442686
2003-01-13,0.16443397639422222
2003-01-14,0.13177773335695148
2003-01-15,0.03984664301580587
2003-01-16,0.04451512983047106
2003-01-17,0.04105578526910897
2003-01-18,0.044430705725632305
2003-01-19,0.05846469605036254
2003-01-20,0.01064925829261755
2003-01-21,0.04851300970384156
2003-01-22,0.05699951071251379
2003-01-23,0.03859030628717846
2003-01-24,0.04041333912070237
2003-01-25,0.04099211118369101
2003-01-26,0.0404190005292568
2003-01-27,0.050117675557007475
2003-01-28,0.052580055160275675
2003-01-29,0.007989713675324008
2003-01-30,0.06305760742944577
2003-01-31,0.04420002231306082
2003-02-01,0.08865926350937067
2003-02-02,0.026167029222025837
2003-02-03,0.03265370982491337
2003-02-04,0.04594182042833478
2003-02-05,0.05826450899372071
2003-02-06,0.010984653452569972
2003-02-07,0.03341799895767787
2003-02-08,0.06182640321147687
2003-02-09,0.03103752107134915
2003-02-10,0.07740052752752455
2003-02-11,0.04092232802301855
2003-02-12,0.03201253597316207
2003-02-13,0.062204885155790396
2003-02-14,0.08215234773648894
2003-02-15,0.058327925174877934
2003-02-16,0.07520858798446517
2003-02-17,0.08353270681273928
2003-02-18,0.03156282640144843
2003-02-19,0.06876782668119173
2003-02-20,0.019530589813929054
2003-02-21,0.0584980506357277
2003-02-22,0.04857364218970362
2003-02-23,0.07485900406084126
2003-02-24,0.07344503025969683
2003-02-25,0.06139566701068805
2003-02-26,0.05596855798965637
2003-02-27,0.060167373534439024
2003-02-28,0.05123541742753091
2003-03-01,0.04877608517784193
2003-03-02,0.07885156344504886
2003-03-03,0.08125779639356354
2003-03-04,0.047166816045955864
2003-03-05,0.054752728060214896
2003-03-06,0.05163310449545549
2003-03-07,0.017766031161256107
2003-03-08,0.043271288447759876
2003-03-09,0.08199408402096206
2003-03-10,0.03500448249936379
2003-03-11,0.09229086924602603
2003-03-12,0.07344252619178765
2003-03-13,0.05802996301092418
2003-03-14,0.06121686571952842
2003-03-15,0.031655866073299496
2003-03-16,0.044695424955505964
2003-03-17,0.0788279822064352
2003-03-18,0.03770941321652933
2003-03-19,0.07122263513897599
2003-03-20,0.022459196211258838
2003-03-21,0.02603683175049979
2003-03-22,0.08802769331172633
2003-03-23,0.049763257075193516
2003-03-24,0.03923000226011318
2003-03-25,0.07725481653997926
2003-03-26,0.07491643109927008
2003-03-27,0.06841509130514478
2003-03-28,0.038602041611757884
2003-03-29,0.04426164848124649
2003-03-30,0.0562325764744946
2003-03-31,0.06388798684294475
2003-04-01,0.03983032851962926
2003-04-02,0.053414742212413935
2003-04-03,0.05534782601594813
2003-04-04,0.07573539512750507
2003-04-05,0.06508931657870239
2003-04-06,0.019863967103294185
2003-04-07,0.04572739383029229
2003-04-08,0.03142433260033167
2003-04-09,0.06136174841223348
2003-04-10,0.06846306701010088
2003-04-11,0.05203111971220489
2003-04-12,0.044637459387443
2003-04-13,0.05138339586071967
2003-04-14,0.05417838546955509
2003-04-15,0.03719800696566186
2003-04-16,0.025625777984612696
2003-04-17,0.00899721914889294
2003-04-18,0.07534364263477768
2003-04-19,0.05992732487269932
2003-04-20,0.057250220226883454
2003-04-21,0.07530397775905899
2003-04-22,0.024890639806151665
2003-04-23,0.015287382482899625
2003-04-24,0.057684638330381795
2003-04-25,0.05586542750886861
2003-04-26,0.01537386380654493
2003-04-27,0.057190421242809444
2003-04-28,0.04199554095200864
2003-04-29,0.03385823880524837
2003-04-30,0.04333152583435174
2003-05-01,0.001169428581630598
2003-05-02,0.03817251553216124
2003-05-03,0.035914108610315916
2003-05-04,0.061142048938722805
2003-05-05,0.04683539726978228
2003-05-06,0.06277737747357763
2003-05-07,0.0
2003-05-08,0.033218035548579036
2003-05-09,0.061119941031428884
2003-05-10,0.0438227073885369
2003-05-11,0.06690921065948735
2003-05-12,0.013907941812215538
2003-05-13,0.06462221679378949
2003-05-14,0.037217215644299195
2003-05-15,0.035276058312346516
2003-05-16,0.06982094093854904
2003-05-17,0.07323802259913012
2003-05-18,0.07069399392174563
2003-05-19,0.09077283850096532
2003-05-20,0.07533607216886669
2003-05-21,0.03409126832535402
2003-05-22,0.05283276256271301
2003-05-23,0.0427960418303013
2003-05-24,0.09058179719898132
2003-05-25,0.0720973990939742
2003-05-26,0.04622239726573089
2003-05-27,0.06755819595506005
2003-05-28,0.025356030673737907
2003-05-29,0.05500523475290946
2003-05-30,0.031241550147938318
2003-05-31,0.016228155987451864
2003-06-01,0.06569072475059667
2003-06-02,0.06817182190375104
2003-06-03,0.059144252724239725
2003-06-04,0.04634065918866998
2003-06-05,0.024672826903071814
2003-06-06,0.026773062585655056
2003-06-07,0.03061440040522406
2003-06-08,0.045326534165501524
2003-06-09,0.0715235746720983
2003-06-10,0.07120808422157306
2003-06-11,0.01702864800774246
2003-06-12,0.036135333265661054
2003-06-13,0.03559677960856322
2003-06-14,0.0
2003-06-15,0.06132241893899816
2003-06-16,0.04507680351362957
2003-06-17,0.047737149267380485
2003-06-18,0.07691742116751277
2003-06-19,0.05176618026568715
2003-06-20,0.04138539070067965
2003-06-21,0.06144155242009887
2003-06-22,0.07117743693151124
2003-06-23,0.05592935132098451
2003-06-24,0.06378379197396297
2003-06-25,0.047088647005142314
2003-06-26,0.04836284507280675
2003-06-27,0.052260414205976574
2003-06-28,0.034937580991346764
2003-06-29,0.03863876771260799
2003-06-30,0.07755759283636948
2003-07-01,0.09015912191724643
2003-07-02,0.0818439582807636
2003-07-03,0.02353485286462905
2003-07-04,0.02160284930830055
2003-07-05,0.02618581136109678
2003-07-06,0.05268774883758962
2003-07-07,0.0
2003-07-08,0.03822396866760999
2003-07-09,0.07814198578322226
2003-07-10,0.06964877661457816
2003-07-11,0.039818106988529854
2003-07-12,0.04133289117658725
2003-07-13,0.06134483413613809
2003-07-14,0.06870537510488398
2003-07-15,0.0393372546452048
2003-07-16,0.04531267956561125
2003-07-17,0.038679805429599534
2003-07-18,0.023373011172495725
2003-07-19,0.04560512503956372
2003-07-20,0.04408144919582473
2003-07-21,0.02478711768022689
2003-07-22,0.0629216187527546
2003-07-23,0.05966641357251779
2003-07-24,0.06391439401690154
2003-07-25,0.03463859289071264
2003-07-26,0.010328486437707056
2003-07-27,0.059346622592912984
2003-07-28,0.036717745707405734
2003-07-29,0.03218663733508598
2003-07-30,0.024858938507131154
2003-07-31,0.044493549438256924
2003-08-01,0.08154654594100946
2003-08-02,0.03989100957288971
2003-08-03,0.028203939116661327
2003-08-04,0.06303866802060057
2003-08-05,0.05345624559542568
2003-08-06,0.007613972646235853
2003-08-07,0.06324692639506574
2003-08-08,0.09256935537003201
2003-08-09,0.0
2003-08-10,0.025285879519557526
2003-08-11,0.0
2003-08-12,0.048493911585183305
2003-08-13,0.06980772473222706
2003-08-14,0.05211001499592559
2003-08-15,0.0778399139622534
2003-08-16,0.06661100580660269
2003-08-17,0.08404294647004354
2003-08-18,0.0732042153621419
2003-08-19,0.04194113862780991
2003-08-20,0.0513345291246968
2003-08-21,0.03262646169038054
2003-08-22,0.04538687662263903
2003-08-23,0.051236633440362396
2003-08-24,0.04830185352929292
2003-08-25,0.07684507052607222
2003-08-26,0.04339663874986339
2003-08-27,0.03135827172885286
2003-08-28,0.03260777930193626
2003-08-29,0.06310200543245062
2003-08-30,0.02193723183822001
2003-08-31,0.045976276596981655
2003-09-01,0.07655000490910842
2003-09-02,0.05585196891481661
2003-09-03,0.048507892217624915
2003-09-04,0.04928179192723141
2003-09-05,0.029408708155456546
2003-09-06,0.03285730579130918
2003-09-07,0.046096366541708456
2003-09-08,0.055425460602185866
2003-09-09,0.06896300023604221
2003-09-10,0.051851212343428696
2003-09-11,0.07705548351508495
2003-09-12,0.08210396030419051
2003-09-13,0.06590534424964407
2003-09-14,0.07449962816111769
2003-09-15,0.030185729572238116
2003-09-16,0.027016021306238754
2003-09-17,0.06035946752580332
2003-09-18,0.023175803762659056
2003-09-19,0.04419256311968134
2003-09-20,0.06542383810659479
2003-09-21,0.07826745849370415
2003-09-22,0.044915686994238695
2003-09-23,0.037001114093846196
2003-09-24,0.05640923243023165
2003-09-25,0.028529131129522215
2003-09-26,0.04653442703413146
2003-09-27,0.04983999903447438
2003-09-28,0.0494403201465841
2003-09-29,0.051770069476357636
2003-09-30,0.03330970288855717
2003-10-01,0.035460140147631665
2003-10-02,0.0350576747793476
2003-10-03,0.01759811321609886
2003-10-04,0.05683660643692212
2003-10-05,0.0678931490338401
2003-10-06,0.06592620165707072
2003-10-07,0.04475006279078491
2003-10-08,0.03377989521072225
2003-10-09,0.0648862928472538
2003-10-10,0.06277846044749104
2003-10-11,0.05434841284872592
2003-10-12,0.08488622504846546
2003-10-13,0.04947148957265875
2003-10-14,0.044862200321502226
2003-10-15,0.042003653378508
2003-10-16,0.018782445870383857
2003-10-17,0.06322679928284586
2003-10-18,0.04789029265684447
2003-10-19,0.06019862482713591
2003-10-20,0.0868375600418248
2003-10-21,0.042184964601907654
2003-10-22,0.0032398256641689785
2003-10-23,0.05962140739021545
2003-10-24,0.053337187797853514
2003-10-25,0.0353509224805736
2003-10-26,0.05794532671242996
2003-10-27,0.0657219264020875
2003-10-28,0.031067801795769054
2003-10-29,0.04397336277193235
2003-10-30,0.07953507459697856
2003-10-31,0.0355675561754127
2003-11-01,0.051333395108275705
2003-11-02,0.0
2003-11-03,0.0203630899783741
2003-11-04,0.053150349946655996
2003-11-05,0.07455975619171203
2003-11-06,0.022759406359979983
2003-11-07,0.051491281241209934
2003-11-08,0.04248564181892567
2003-11-09,0.06906176109984988
2003-11-10,0.0256439338935483
2003-11-11,0.05860155296734971
2003-11-12,0.036926186260074864
2003-11-13,0.05446076049652951
2003-11-14,0.051378621046169456
2003-11-15,0.04496441851714765
2003-11-16,0.059556236925387696
2003-11-17,0.050873054686059224
2003-11-18,0.04734387395846611
2003-11-19,0.04287166931954514
2003-11-20,0.05155196779490674
2003-11-21,0.05444087096292144
2003-11-22,0.03021715839838758
2003-11-23,0.04301057524165247
2003-11-24,0.028896281107376548
2003-11-25,0.04920309154438429
2003-11-26,0.03815335590291944
2003-11-27,0.06541566295962511
2003-11-28,0.06345453955513379
2003-11-29,0.03154502872871261
2003-11-30,0.04995385309203051
2003-12-01,0.06277033158496728
2003-12-02,0.04649383359671943
2003-12-03,0.03543564950388911
2003-12-04,0.02815192943910409
2003-12-05,0.06708535123156725
2003-12-06,0.0680542629656994
2003-12-07,0.04584104802251903
2003-12-08,0.06532275169053355
2003-12-09,0.0
2003-12-10,0.07655109301418472
2003-12-11,0.04686110389445643
2003-12-12,0.05283553121598979
2003-12-13,0.04358964552668061
2003-12-14,0.07791414963735012
2003-12-15,0.028785367520889327
2003-12-16,0.07948920653213672
2003-12-17,0.057925418418902225
2003-12-18,0.06245328431836317
2003-12-19,0.04341590873342168
2003-12-20,0.02383561604207259
2003-12-21,0.06861021531072203
2003-12-22,0.05622816702378662
2003-12-23,0.07723246916617635
2003-12-24,0.04612447359568604
2003-12-25,0.04161537242202171
2003-12-26,0.07776176473280605
2003-12-27,0.08823788328994889
2003-12-28,0.050186943527314606
2003-12-29,0.03494485006285788
2003-12-30,0.06621061525579099
2003-12-31,0.04491958867658652
2004-01-01,0.06198525650801597
2004-01-02,0.04481448051242493
2004-01-03,0.08128028036423626
2004-01-04,0.03601020989898601
2004-01-05,0.0596105932504392
2004-01-06,0.040225960595357525
2004-01-07,0.04436986877158462
2004-01-08,0.04175888690478847
2004-01-09,0.0647721613218683
2004-01-10,0.06836726229867743
2004-01-11,0.06115477657864742
2004-01-12,0.0478403306650946
2004-01-13,0.05280360062003186
2004-01-14,0.0679544313691885
2004-01-15,0.06858623174415211
2004-01-16,0.0
2004-01-17,0.04455555656454609
2004-01-18,0.04551482417121029
2004-01-19,0.06338505128252324
2004-01-20,0.04866458364578509
2004-01-21,0.06438366761898574
2004-01-22,0.028426784579388957
2004-01-23,0.055201090309215606
2004-01-24,0.06800411306900989
2004-01-25,0.020512342613637036
2004-01-26,0.10027286936417806
2004-01-27,0.07381771865733039
2004-01-28,0.05002706604931284
2004-01-29,0.03343183785522464
2004-01-30,0.04649829699452589
2004-01-31,0.051676047192226814
2004-02-01,0.05881325113624095
2004-02-02,0.08001321698920062
2004-02-03,0.04047803061114308
2004-02-04,0.344567601007794
2004-02-05,0.4195471239215879
2004-02-06,0.5935471474706582
2004-02-07,0.8276600155062752
2004-02-08,1.13862221568086
2004-02-09,1.5349353504667076
2004-02-10,1.1159811319404458
2004-02-11,0.8493368112605589
2004-02-12,0.6250573341497244
2004-02-13,0.4495648515146375
2004-02-14,0.28858050119192846
2004-02-15,0.3032255758087192
2004-02-16,0.19505932056346267
2004-02-17,0.1479738356737758
2004-02-18,0.11423340403471362
2004-02-19,0.05752734074398218
2004-02-20,0.057731651783418596
2004-02-21,0.06901255746253025
2004-02-22,0.03147875671301974
2004-02-23,0.04375010243717478
2004-02-24,0.09061091446448405
2004-02-25,0.05449181266499984
2004-02-26,0.04654951253346507
2004-02-27,0.031167644688325967
2004-02-28,0.060118686116415035
2004-02-29,0.07062036434084888
2004-03-01,0.06749175291619615
2004-03-02,0.04482398272782167
2004-03-03,0.05722504566727073
2004-03-04,0.08343318873297223
2004-03-05,0.07141764584342938
2004-03-06,0.03431674515613361
2004-03-07,0.0
2004-03-08,0.0559354501416847
2004-03-09,0.06597136253496866
2004-03-10,0.028215510162534752
2004-03-11,0.04982420955754445
2004-03-12,0.04472601868253843
2004-03-13,0.05208572644464398
2004-03-14,0.039106074257605754
2004-03-15,0.07581021995255988
2004-03-16,0.052959377612655255
2004-03-17,0.03241966227670501
2004-03-18,0.06834924307187441
2004-03-19,0.0247162480801659
2004-03-20,0.07568988755070266
2004-03-21,0.06982118848445128
2004-03-22,0.07779550590641572
2004-03-23,0.046835072551167686
2004-03-24,0.04007772040433247
2004-03-25,0.05168043521866186
2004-03-26,0.04831126427288938
2004-03-27,0.036945274288729756
2004-03-28,0.03892753371748715
2004-03-29,0.04267254305467072
2004-03-30,0.02659992627120275
2004-03-31,0.06355926579198669
2004-04-01,0.048954057248579874
2004-04-02,0.043832430615327066
2004-04-03,0.027792916781166455
2004-04-04,0.026792540446650703
2004-04-05,0.08871828101444824
2004-04-06,0.03745485074276861
2004-04-07,0.06221056788418654
2004-04-08,0.053252689398003546
2004-04-09,0.0
2004-04-10,0.08584901646277185
2004-04-11,0.06368167957552233
2004-04-12,0.03464659691390383
2004-04-13,0.0494326699114081
2004-04-14,0.027016332651926687
2004-04-15,0.08652440956922268
2004-04-16,0.03184684583517071
2004-04-17,0.039538320066106816
2004-04-18,0.03540877843704818
2004-04-19,0.051607588004183406
2004-04-20,0.07740633000278628
2004-04-21,0.08578748898190316
2004-04-22,0.04202007711555407
2004-04-23,0.05756517964635845
2004-04-24,0.05163810825208147
2004-04-25,0.03036781471111884
2004-04-26,0.09845111149191889
2004-04-27,0.07725519124592511
2004-04-28,0.053782316994220696
2004-04-29,0.08163752186997976
2004-04-30,0.07424213425435609
2004-05-01,0.051637226821635115
2004-05-02,0.05651927210655987
2004-05-03,0.08024252284753308
2004-05-04,0.03107692837740639
2004-05-05,0.08347381394642678
2004-05-06,0.04549774878629768
2004-05-07,0.08049353485695135
2004-05-08,0.0498954680507436
2004-05-09,0.05675212444945944
2004-05-10,0.04931383286855082
2004-05-11,0.03936312754377545
2004-05-12,0.04459890203711376
2004-05-13,0.07758222806337134
2004-05-14,0.003716720346550635
2004-05-15,0.02522068110390326
2004-05-16,0.03549056581283796
2004-05-17,0.028433104151279576
2004-05-18,0.08019959220830979
2004-05-19,0.07515353955706408
2004-05-20,0.06184063618789232
2004-05-21,0.0372439186504493
2004-05-22,0.07670103733588274
2004-05-23,0.01823740148008912
2004-05-24,0.09283965280295872
2004-05-25,0.036307404056448986
2004-05-26,0.044759295563171236
2004-05-27,0.041413122990105716
2004-05-28,0.028537851718026464
2004-05-29,0.08850226247873838
2004-05-30,0.06577789261568974
2004-05-31,0.07430941084159576
2004-06-01,0.025526614558784584
2004-06-02,0.05361875654007999
2004-06-03,0.06042057378662807
2004-06-04,0.055415130470996866
2004-06-05,0.026792530978640004
2004-06-06,0.07151000042261274
2004-06-07,0.05243100165570309
2004-06-08,0.030900719287139944
2004-06-09,0.01289498920894673
2004-06-10,0.0621333302697976
2004-06-11,0.09900911468263002
2004-06-12,0.029694914533074372
2004-06-13,0.053408941008259325
2004-06-14,0.07220994558183154
2004-06-15,0.02460695467797398
2004-06-16,0.04040086461829951
2004-06-17,0.03279682441477196
2004-06-18,0.06969353389649093
2004-06-19,0.0765104513870812
2004-06-20,0.053180725294634704
2004-06-21,0.033165318620117984
2004-06-22,0.04114418124144305
2004-06-23,0.03739002971506494
2004-06-24,0.03045462276753987
2004-06-25,0.04795923598363071
2004-06-26,0.061496529689237245
2004-06-27,0.059805148888570386
2004-06-28,0.04983535270860979
2004-06-29,0.05114107673650728
2004-06-30,0.04836898409820443
2004-07-01,0.024055769216674537
2004-07-02,0.053202697939657456
2004-07-03,0.03832748829090701
2004-07-04,0.02305313561681125
2004-07-05,0.057414111342311676
2004-07-06,0.0377653992716291
2004-07-07,0.05455507842517672
2004-07-08,0.06695275630138856
2004-07-09,0.030995225577095366
2004-07-10,0.05184242564145943
2004-07-11,0.013791542365392775
2004-07-12,0.08065066181218553
2004-07-13,0.022818670062224364
2004-07-14,0.039703606752052506
2004-07-15,0.07676759807527915
2004-07-16,0.04530954147838028
2004-07-17,0.026052046273994
2004-07-18,0.06426146464573071
2004-07-19,0.0638106492430237
2004-07-20,0.03733627321269534
2004-07-21,0.03950146958439202
2004-07-22,0.04129182058763828
2004-07-23,0.045859520786279376
2004-07-24,0.01214057846156387
2004-07-25,0.046371522777638015
2004-07-26,0.08567828396366298
2004-07-27,0.03208060065526591
2004-07-28,0.038330128130604726
2004-07-29,0.026327646736072085
2004-07-30,0.06224323852790708
2004-07-31,0.07406394716284753
2004-08-01,0.0736063567835525
2004-08-02,0.0250397882221268
2004-08-03,0.0599958346099392
2004-08-04,0.07867500068428472
2004-08-05,0.06019326215420247
2004-08-06,0.05956819366687553
2004-08-07,0.040567148427296834
2004-08-08,0.05440219647587328
2004-08-09,0.07472636359412811
2004-08-10,0.05656417936857528
2004-08-11,0.02503450487940547
2004-08-12,0.04087916651428057
2004-08-13,0.07418559077777988
2004-08-14,0.05649486640702191
2004-08-15,0.05238124156486153
2004-08-16,0.038919689335066
2004-08-17,0.07377198361068871
2004-08-18,0.08324825195644514
2004-08-19,0.07526378246036067
2004-08-20,0.07885183242890746
2004-08-21,0.04282587518467667
2004-08-22,0.03999661805252193
2004-08-23,0.046873096530016284
2004-08-24,0.05077146483952508
2004-08-25,0.07862039560250511
2004-08-26,0.07331773478936834
2004-08-27,0.06076938774508989
2004-08-28,0.021376264683062262
2004-08-29,0.016239563108062495
2004-08-30,0.05480925489603407
2004-08-31,0.06760526411201434
2004-09-01,0.04840865902027725
2004-09-02,0.0882980900995681
2004-09-03,0.02835117912439129
2004-09-04,0.025832961010088022
2004-09-05,0.03671438051051358
2004-09-06,0.035954055736175286
2004-09-07,0.06052571737363959
2004-09-08,0.04156576296312994
2004-09-09,0.01904319077442677
2004-09-10,0.06783156913390234
2004-09-11,0.01480096147855741
2004-09-12,0.02857563553978582
2004-09-13,0.017545868585122623
2004-09-14,0.054142425541417474
2004-09-15,0.05372095424302424
2004-09-16,0.08832908642032707
2004-09-17,0.068276533122911
2004-09-18,0.07883292366684401
2004-09-19,0.05577219302596986
2004-09-20,0.03046136357818873
2004-09-21,0.05256215203986993
2004-09-22,0.061848420147746136
2004-09-23,0.0640761476450315
2004-09-24,0.040551757117833154
2004-09-25,0.059775729475647986
2004-09-26,0.03133944058317471
2004-09-27,0.02913444811778566
2004-09-28,0.027684305772290304
2004-09-29,0.050492519771135946
2004-09-30,0.02644327289847393
2004-10-01,0.041505112202579846
2004-10-02,0.06805833102827916
2004-10-03,0.0294174064384339
2004-10-04,0.039913759329913666
2004-10-05,0.05143262553552339
2004-10-06,0.05493773803064533
2004-10-07,0.040014188183888785
2004-10-08,0.06573720137470314
2004-10-09,0.061809046015694494
2004-10-10,0.07279713208723407
2004-10-11,0.048367961513058805
2004-10-12,0.03974362381087314
2004-10-13,0.03634735955975756
2004-10-14,0.05614055035858726
2004-10-15,0.042456884343774544
2004-10-16,0.03861660444638422
2004-10-17,0.04103425471509356
2004-10-18,0.036326190297514965
2004-10-19,0.053980422255254644
2004-10-20,0.021748336349118783
2004-10-21,0.05606032584949926
2004-10-22,0.063530975208059
2004-10-23,0.038382417236454046
2004-10-24,0.08844073879213094
2004-10-25,0.05035242621953707
2004-10-26,0.01877314033800223
2004-10-27,0.04437514187326659
2004-10-28,0.05125312289871593
2004-10-29,0.05897935111140428
2004-10-30,0.04485138951778307
2004-10-31,0.029768594485912188
2004-11-01,0.028100387637754347
2004-11-02,0.03692801429636658
2004-11-03,0.038844492749624746
2004-11-04,0.027300516702014856
2004-11-05,0.03534373677792602
2004-11-06,0.0631891704887871
2004-11-07,0.08296825215388974
2004-11-08,0.06510923427741927
2004-11-09,0.07611722172373625
2004-11-10,0.06948236936467396
2004-11-11,0.0666626065679669
2004-11-12,0.04324407473885344
2004-11-13,0.05281821756773895
2004-11-14,0.04158761315087957
2004-11-15,0.04561785675332746
2004-11-16,0.051363342007731724
2004-11-17,0.06427132303158054
2004-11-18,0.05846646763030248
2004-11-19,0.04676341473971288
2004-11-20,0.05111077481783333
2004-11-21,0.058669273483870535
2004-11-22,0.0633478887611567
2004-11-23,0.01962009673485595
2004-11-24,0.028452220722021266
2004-11-25,0.07214621067878685
2004-11-26,0.04878260860137884
2004-11-27,0.04151846813266043
2004-11-28,0.04473001054147922
2004-11-29,0.044725893888468926
2004-11-30,0.06115875563048748
2004-12-01,0.027839672120384663
2004-12-02,0.050495554929935224
2004-12-03,0.054922354589008085
2004-12-04,0.057925358331310066
2004-12-05,0.05445727992420586
2004-12-06,0.06031812460628057
2004-12-07,0.03854607697883375
2004-12-08,0.031163945353500894
2004-12-09,0.09914008886501027
2004-12-10,0.04397470630851527
2004-12-11,0.046310910586908643
2004-12-12,0.06355680195435769
2004-12-13,0.08192178584388482
2004-12-14,0.03910943766130609
2004-12-15,0.03002369463620949
2004-12-16,0.025156932984167796
2004-12-17,0.08186212443005851
2004-12-18,0.02923786027077932
2004-12-19,0.04944888126968867
2004-12-20,0.030454303359140622
2004-12-21,0.021032881640833924
2004-12-22,0.04415249293812628
2004-12-23,0.031244266673176795
2004-12-24,0.036167431491533744
2004-12-25,0.09012210194834808
2004-12-26,0.05849792208344806
2004-12-27,0.06862939039107978
2004-12-28,0.06649319125698507
2004-12-29,0.047982781538419506
2004-12-30,0.041205632812447525
2004-12-31,0.054978692237222335
2005-01-01,0.05336901539864989
2005-01-02,0.03862389165669384
2005-01-03,0.05259695660933721
2005-01-04,0.03587340586607416
2005-01-05,0.04657084138718321
2005-01-06,0.04329433050965326
2005-01-07,0.02462254814788442
2005-01-08,0.002976835737756603
2005-01-09,0.03121873500120602
2005-01-10,0.08608209329172603
2005-01-11,0.043806364359265444
2005-01-12,0.06551936321792809
2005-01-13,0.00751109713813284
2005-01-14,0.029834278640713446
2005-01-15,0.022910207652752992
2005-01-16,0.045953999798257705
2005-01-17,0.09843910961070487
2005-01-18,0.05920477886455836
2005-01-19,0.08391225066556174
2005-01-20,0.044911265446286736
2005-01-21,0.07729738747710144
2005-01-22,0.09146513413365781
2005-01-23,0.04781261867179084
2005-01-24,0.039214705775452705
2005-01-25,0.023643781260196946
2005-01-26,0.043818794828460614
2005-01-27,0.051637933504015826
2005-01-28,0.09061907234698298
2005-01-29,0.024100520518078275
2005-01-30,0.05119323787393957
2005-01-31,0.013713837572207663
2005-02-01,0.041464743423228645
2005-02-02,0.05622790714824038
2005-02-03,0.060251663053771165
2005-02-04,0.06178046159283844
2005-02-05,0.05794808065773691
2005-02-06,0.06160843880192482
2005-02-07,0.05091478258005327
2005-02-08,0.029042673880220568
2005-02-09,0.012966860726398875
2005-02-10,0.03906624356525566
2005-02-11,0.04730769133873541
2005-02-12,0.07507863594350961
2005-02-13,0.04798796649687626
2005-02-14,0.04606861931566615
2005-02-15,0.05771054253683559
2005-02-16,0.044599760250975964
2005-02-17,0.06621083997893877
2005-02-18,0.08958667236767756
2005-02-19,0.09381571028421401
2005-02-20,0.05194081254488979
2005-02-21,0.05673784729390897
2005-02-22,0.08157712240746967
2005-02-23,0.04700075954207458
2005-02-24,0.06358384283848359
2005-02-25,0.0272967974062835
2005-02-26,0.04378321703450004
2005-02-27,0.07312229233290615
2005-02-28,0.035636087324247535
2005-03-01,0.04743897642540645
2005-03-02,0.01851580708795761
2005-03-03,0.09011536589019274
2005-03-04,0.07526056139633806
2005-03-05,0.05376199132305497
2005-03-06,0.060150257441646565
2005-03-07,0.05791796213886737
2005-03-08,0.07768623506061573
2005-03-09,0.03962399915257255
2005-03-10,0.06464535239856464
2005-03-11,0.07154832997704347
2005-03-12,0.07430651940952915
2005-03-13,0.004812582323366045
2005-03-14,0.03801451043469711
2005-03-15,0.029616587573961923
2005-03-16,0.052991765711413716
2005-03-17,0.009679395609714557
2005-03-18,0.009087542181087947
2005-03-19,0.0934018998375252
2005-03-20,0.06235378776526681
2005-03-21,0.05242018486397623
2005-03-22,0.057273452956779644
2005-03-23,0.0529268184749836
2005-03-24,0.06994701313103052
2005-03-25,0.03735111615872043
2005-03-26,0.053732296521471386
2005-03-27,0.05454842535875431
2005-03-28,0.02906284083083325
2005-03-29,0.07553966118126106
2005-03-30,0.04108646520197182
2005-03-31,0.07034843339617802
2005-04-01,0.0522982545274296
2005-04-02,0.08267169664818116
2005-04-03,0.029172418229569518
2005-04-04,0.028304823969791004
2005-04-05,0.03188608817991383
2005-04-06,0.05266591101028748
2005-04-07,0.08082936791556411
2005-04-08,0.08186187236330501
2005-04-09,0.003800627991231202
2005-04-10,0.05499414322445078
2005-04-11,0.0
2005-04-12,0.06590063587570069
2005-04-13,0.07236338829790415
2005-04-14,0.04919511450615629
2005-04-15,0.05167963154989509
2005-04-16,0.051472777858804795
2005-04-17,0.03431116162517507
2005-04-18,0.05863411570642961
2005-04-19,0.045371839966934856
2005-04-20,0.06860583418579237
2005-04-21,0.04772746130961541
2005-04-22,0.032779537870234826
2005-04-23,0.019282706582689796
2005-04-24,0.012718703498885757
2005-04-25,0.07625018687908872
2005-04-26,0.04084421294281962
2005-04-27,0.05677148380163298
2005-04-28,0.08566459783489039
2005-04-29,0.03874391337404218
2005-04-30,0.037450450312376926
2005-05-01,0.047356764952893524
2005-05-02,0.05058865400839986
2005-05-03,0.08775102700511694
2005-05-04,0.08131641188188227
2005-05-05,0.062417508318134945
2005-05-06,0.07898827537993736
2005-05-07,0.04643561974864288
2005-05-08,0.05598329134376957
2005-05-09,0.04396972710922611
2005-05-10,0.02419263234840721
2005-05-11,0.07407749483587191
2005-05-12,0.06063397467979722
2005-05-13,0.05036146946847328
2005-05-14,0.04995064301375649
2005-05-15,0.019875702581869836
2005-05-16,0.030450493336945696
2005-05-17,0.0567230634022805
2005-05-18,0.03941774665450989
2005-05-19,0.0456457391756502
2005-05-20,0.04790687870441797
2005-05-21,0.03635062461965779
2005-05-22,0.030641633599518995
2005-05-23,0.017752847381492534
2005-05-24,0.04706963441976919
2005-05-25,0.06237217095220567
2005-05-26,0.017127317155600993
2005-05-27,0.04951904349800348
2005-05-28,0.05562286505383122
2005-05-29,0.03020839192541711
2005-05-30,0.07844283623096177
2005-05-31,0.042285692619231846
2005-06-01,0.04797480623086978
2005-06-02,0.04677460998804043
2005-06-03,0.014584511548178879
2005-06-04,0.07017504143368088
2005-06-05,0.030889624631615254
2005-06-06,0.04526958969188528
2005-06-07,0.06195322002555991
2005-06-08,0.07921806852289068
2005-06-09,0.028401354362063216
2005-06-10,0.04107032828811146
2005-06-11,0.07764837260014307
2005-06-12,0.05927427758550894
2005-06-13,0.06342342718103217
2005-06-14,0.028977365284476645
2005-06-15,0.04241580940146884
2005-06-16,0.04664329135239139
2005-06-17,0.03284210485314052
2005-06-18,0.01650860748652186
2005-06-19,0.03979002882472808
2005-06-20,0.0770857639916886
2005-06-21,0.05118346931120992
2005-06-22,0.07748581827146753
2005-06-23,0.0535804182845904
2005-06-24,0.03470584540824075
2005-06-25,0.07555238026463444
2005-06-26,0.054246522813357984
2005-06-27,0.06923677664854795
2005-06-28,0.028633436577588572
2005-06-29,0.07077512579229006
2005-06-30,0.07137778551088397
2005-07-01,0.055795342887130714
2005-07-02,0.033861558283804355
2005-07-03,0.049079823425747765
2005-07-04,0.062225822944764884
2005-07-05,0.054691400398730675
2005-07-06,0.062021654762155286
2005-07-07,0.07024491815305811
2005-07-08,0.03703106693256158
2005-07-09,0.026898487580797218
2005-07-10,0.04924922397255516
2005-07-11,0.04340513682260265
2005-07-12,0.065716928263123
2005-07-13,0.02851003220682384
2005-07-14,0.0704076374835536
2005-07-15,0.07707224219093532
2005-07-16,0.0500060992852458
2005-07-17,0.05121472251162609
2005-07-18,0.03464906997539694
2005-07-19,0.039146782020518675
2005-07-20,0.04183326638708633
2005-07-21,0.07885880135675863
2005-07-22,0.04856258428378452
2005-07-23,0.023556540867199834
2005-07-24,0.055107086842240076
2005-07-25,0.06652580249244552
2005-07-26,0.0494917726135681
2005-07-27,0.07938426879453979
2005-07-28,0.06555017334531796
2005-07-29,0.029017425402242933
2005-07-30,0.03897134375207196
2005-07-31,0.05452452562849218
2005-08-01,0.016676215239467856
2005-08-02,0.056727134749412295
2005-08-03,0.014768351454907035
2005-08-04,0.0704686691112902
2005-08-05,0.06814547369583417
2005-08-06,0.06009562721830142
2005-08-07,0.036482432712953775
2005-08-08,0.053404056492270785
2005-08-09,0.03973245024970702
2005-08-10,0.029383694450998678
2005-08-11,0.043225139764571784
2005-08-12,0.0639653107298419
2005-08-13,0.05087628385663522
2005-08-14,0.07901419848268847
2005-08-15,0.0653156107896055
2005-08-16,0.06317381627811237
2005-08-17,0.017821469011087922
2005-08-18,0.04429682939689444
2005-08-19,0.02871255179131601
2005-08-20,0.04633994240752192
2005-08-21,0.03613447752153687
2005-08-22,0.04244790093884123
2005-08-23,0.07122325464747702
2005-08-24,0.05950499858011668
2005-08-25,0.0701422885796327
2005-08-26,0.017986337819680287
2005-08-27,0.051159493932313276
2005-08-28,0.06933409962793202
2005-08-29,0.08012591829774313
2005-08-30,0.01903823220615014
2005-08-31,0.042970327276776604
2005-09-01,0.07068453348009526
2005-09-02,0.046154433743771095
2005-09-03,0.03179164651660553
2005-09-04,0.019000016430079848
2005-09-05,0.031025969306736664
2005-09-06,0.016221966628725423
2005-09-07,0.051169209136680514
2005-09-08,0.0679262037155732
2005-09-09,0.024780504821827923
2005-09-10,0.055154594824221054
2005-09-11,0.06690542058891734
2005-09-12,0.04994583346303301
2005-09-13,0.017786114101655093
2005-09-14,0.05772423109325007
2005-09-15,0.048907061104710596
2005-09-16,0.046869907027982896
2005-09-17,0.03906325508479071
2005-09-18,0.05173574852548083
2005-09-19,0.0601963581689392
2005-09-20,0.09781296268671698
2005-09-21,0.0522466413677441
2005-09-22,0.08022282320025347
2005-09-23,0.05715510166853754
2005-09-24,0.04800943344704493
2005-09-25,0.05297095055422585
2005-09-26,0.025565272606149814
2005-09-27,0.056117205415040755
2005-09-28,0.010158698703572555
2005-09-29,0.03274667284222936
2005-09-30,0.05219686186267622
2005-10-01,0.07387964546357689
2005-10-02,0.07861248793996789
2005-10-03,0.045269068407181305
2005-10-04,0.05311434639060882
2005-10-05,0.06968724939164056
2005-10-06,0.023410128556141625
2005-10-07,0.05809495010631008
2005-10-08,0.03344214265268382
2005-10-09,0.04656349910646563
2005-10-10,0.0408195349901137
2005-10-11,0.05870716254096295
2005-10-12,0.061006073480181805
2005-10-13,0.06782157354794795
2005-10-14,0.05696397656928897
2005-10-15,0.05343307539937793
2005-10-16,0.08708047600877204
2005-10-17,0.01951281859605646
2005-10-18,0.0839121972025848
2005-10-19,0.04420356182263206
2005-10-20,0.061417831727366104
2005-10-21,0.043486806388127984
2005-10-22,0.03594916740896748
2005-10-23,0.05969154385588457
2005-10-24,0.07084256617228887
2005-10-25,0.059460159099348105
2005-10-26,0.039157684266342356
2005-10-27,0.12222700125631339
2005-10-28,0.07397147341732505
2005-10-29,0.06866684608414506
2005-10-30,0.04294071538515592
2005-10-31,0.037496684234219216
2005-11-01,0.044403218483141216
2005-11-02,0.07162813088784967
2005-11-03,0.030187913258483443
2005-11-04,0.02863592337091366
2005-11-05,0.060790950667220366
2005-11-06,0.05638392889284241
2005-11-07,0.034593729242182084
2005-11-08,0.02817592843169551
2005-11-09,0.07875793986736865
2005-11-10,0.05714008850599124
2005-11-11,0.02272928272543935
2005-11-12,0.024127489278354123
2005-11-13,0.04276976055099062
2005-11-14,0.06465683613995267
2005-11-15,0.0619001760421656
2005-11-16,0.07263357074002436
2005-11-17,0.020193003850784052
2005-11-18,0.05447693379559314
2005-11-19,0.07851820664642722
2005-11-20,0.07665603460952197
2005-11-21,0.05717819962825372
2005-11-22,0.09696037017307753
2005-11-23,0.062185702328317195
2005-11-24,0.07085493265682687
2005-11-25,0.050888958375510135
2005-11-26,0.03438049414311426
2005-11-27,0.03249581598442508
2005-11-28,0.0536323042958884
2005-11-29,0.04576995986299586
2005-11-30,0.014628286601730378
2005-12-01,0.02948412830148518
2005-12-02,0.043631928518918145
2005-12-03,0.06454558751874319
2005-12-04,0.04967852227675851
2005-12-05,0.04855871578998972
2005-12-06,0.03026174745993368
2005-12-07,0.05046332160124198
2005-12-08,0.07638202054891977
2005-12-09,0.053111502255171146
2005-12-10,0.019853728370362766
2005-12-11,0.02496954411390938
2005-12-12,0.06177577754446306
2005-12-13,0.04551369049554761
2005-12-14,0.04850839539792972
2005-12-15,0.03774531649970486
2005-12-16,0.06006824424399825
2005-12-17,0.043981645735093014
2005-12-18,0.04626773556542791
2005-12-19,0.03297553216673747
2005-12-20,0.0684338259628554
2005-12-21,0.04557734416767158
2005-12-22,0.0621576066623952
2005-12-23,0.026128168719319646
2005-12-24,0.08467766276757216
2005-12-25,0.07554748077026445
2005-12-26,0.011804046606821467
2005-12-27,0.0339612504987257
2005-12-28,0.0595526878201977
2005-12-29,0.02360542687701992
2005-12-30,0.047368118356733484
2005-12-31,0.058532635719535944
2006-01-01,0.046305481760410334
2006-01-02,0.06077677407074193
2006-01-03,0.03613340190796237
2006-01-04,0.00511636915663756
2006-01-05,0.06964230624330121
2006-01-06,0.06951629307205061
2006-01-07,0.10007273284576665
2006-01-08,0.005856269641313708
2006-01-09,0.06501664218693631
2006-01-10,0.01062635723833226
2006-01-11,0.08512986563350639
2006-01-12,0.05975733667392019
2006-01-13,0.03096142304647494
2006-01-14,0.06560444949202872
2006-01-15,0.03893909984566128
2006-01-16,0.05600832199102539
2006-01-17,0.05411921432418168
2006-01-18,0.08488336272294589
2006-01-19,0.08629851820173026
2006-01-20,0.03805469253452988
2006-01-21,0.07116211235992073
2006-01-22,0.057096803111405955
2006-01-23,0.021746358659861766
2006-01-24,0.0360754323925564
2006-01-25,0.09672292199199248
2006-01-26,0.05715708802209311
2006-01-27,0.06999559159035046
2006-01-28,0.04575911375266018
2006-01-29,0.03920116170561316
2006-01-30,0.0505452901526895
2006-01-31,0.044677918895075656
2006-02-01,0.020134941379368037
2006-02-02,0.029933490850919366
2006-02-03,0.06415769028824463
2006-02-04,0.04238618621795179
2006-02-05,0.05051409764055814
2006-02-06,0.054698461009944216
2006-02-07,0.056261000976374397
2006-02-08,0.07293158122630741
2006-02-09,0.028026083698629363
2006-02-10,0.061405054470872494
2006-02-11,0.06510055587039296
2006-02-12,0.06971703558003012
2006-02-13,0.021741648011702554
2006-02-14,0.05509638436693996
2006-02-15,0.08432151892797035
2006-02-16,0.04801758961686754
2006-02-17,0.05966989403928583
2006-02-18,0.0656079118917037
2006-02-19,0.029490603112034795
2006-02-20,0.08667649457999949
2006-02-21,0.059990015939378076
2006-02-22,0.06039005628386852
2006-02-23,0.016759452439789303
2006-02-24,0.06589089596426626
2006-02-25,0.06012820682758275
2006-02-26,0.08248382655444128
2006-02-27,0.04377469571391293
2006-02-28,0.03024683340803117
2006-03-01,0.036355220104513336
2006-03-02,0.03990043529985403
2006-03-03,0.027623069637372526
2006-03-04,0.07580320047531987
2006-03-05,0.07655395725863334
2006-03-06,0.0460841659771989
2006-03-07,0.042144801558316125
2006-03-08,0.013690361733613758
2006-03-09,0.06391922510607209
2006-03-10,0.08306880217651685
2006-03-11,0.03725610565480887
2006-03-12,0.04766430948447204
2006-03-13,0.05868582922631462
2006-03-14,0.08448836721219811
2006-03-15,0.05399552443670189
2006-03-16,0.053908598320530375
2006-03-17,0.053586370023196064
2006-03-18,0.02149934986192654
2006-03-19,0.021064186923402707
2006-03-20,0.033840096617702556
2006-03-21,0.07025781148074746
2006-03-22,0.04329285858908014
2006-03-23,0.039407919023954144
2006-03-24,0.039056507917124644
2006-03-25,0.04724686243054646
2006-03-26,0.08404215868203281
2006-03-27,0.04697605228605757
2006-03-28,0.034274051892502835
2006-03-29,0.05050491258163266
2006-03-30,0.08510167211523073
2006-03-31,0.039943505621287685
2006-04-01,0.0263798998313811
2006-04-02,0.03998017460539166
2006-04-03,0.052575274726968664
2006-04-04,0.0637648190165068
2006-04-05,0.07013767157364492
2006-04-06,0.029085654520753436
2006-04-07,0.030983093310818607
2006-04-08,0.0435347548122502
2006-04-09,0.06368986049393792
2006-04-10,0.02479984204695489
2006-04-11,0.03785346179164606
2006-04-12,0.038145125411761044
2006-04-13,0.06883497710728742
2006-04-14,0.06056521521328875
2006-04-15,0.06807436722099841
2006-04-16,0.0767735594846611
2006-04-17,0.04388699809821839
2006-04-18,0.026251876902926366
2006-04-19,0.026380727643059602
2006-04-20,0.013237848698823204
2006-04-21,0.04082466340667615
2006-04-22,0.042315547703365236
2006-04-23,0.06575106813610096
2006-04-24,0.05033828434353208
2006-04-25,0.04019343111314788
2006-04-26,0.04768002547678828
2006-04-27,0.029220530325704718
2006-04-28,0.07050813141502574
2006-04-29,0.03428168874380984
2006-04-30,0.02720137456128209
2006-05-01,0.0663576393341494
2006-05-02,0.06148328416727703
2006-05-03,0.015526292428819768
2006-05-04,0.06710003269420445
2006-05-05,0.035168147218118874
2006-05-06,0.04251790944872161
2006-05-07,0.05374040215387875
2006-05-08,0.06173249765233643
2006-05-09,0.058909583493750535
2006-05-10,0.049003633381879956
2006-05-11,0.04150713342168179
2006-05-12,0.05824441387130895
2006-05-13,0.04763224325311544
2006-05-14,0.08610708918251848
2006-05-15,0.06172818019939804
2006-05-16,0.031531687500192904
2006-05-17,0.04044800097252697
2006-05-18,0.05096384354519659
2006-05-19,0.0759886243014091
2006-05-20,0.07822210018224271
2006-05-21,0.04207730559268871
2006-05-22,0.03132731566821114
2006-05-23,0.028770047175876255
2006-05-24,0.055048575144315604
2006-05-25,0.09607568618434986
2006-05-26,0.060781882085102046
2006-05-27,0.018121749466319857
2006-05-28,0.03547991793507998
2006-05-29,0.03752171596310174
2006-05-30,0.03355994959770184
2006-05-31,0.0422421235013156
2006-06-01,0.05738789722039884
2006-06-02,0.06363962338645293
2006-06-03,0.07183526981833288
2006-06-04,0.06048405146094356
2006-06-05,0.010916995193423186
2006-06-06,0.028853908249373734
2006-06-07,0.046838119262816176
2006-06-08,0.05294559711534958
2006-06-09,0.06722836719752515
2006-06-10,0.05086368352433546
2006-06-11,0.05101414507727349
2006-06-12,0.05475594726278119
2006-06-13,0.044899565224375965
2006-06-14,0.05173770279755623
2006-06-15,0.07251664358023502
2006-06-16,0.04832178202431994
2006-06-17,0.049395745464314335
2006-06-18,0.049328291904656214
2006-06-19,0.07595547627582339
2006-06-20,0.027838933463411156
2006-06-21,0.0855169378958239
2006-06-22,0.02647236290968974
2006-06-23,0.03691559477344482
2006-06-24,0.0648947653943064
2006-06-25,0.07060633390947343
2006-06-26,0.02193001966003024
2006-06-27,0.02814596273505828
2006-06-28,0.05555685618943696
2006-06-29,0.09688838775527592
2006-06-30,0.07492525561997361
2006-07-01,0.045038059007363795
2006-07-02,0.0016174172384848806
2006-07-03,0.051632854688423185
2006-07-04,0.057245936072931075
2006-07-05,0.04234609717834393
2006-07-06,0.03298552018906809
2006-07-07,0.05318330520642777
2006-07-08,0.031154776122120788
2006-07-09,0.08744897321617448
2006-07-10,0.08033489595067635
2006-07-11,0.06315825263185522
2006-07-12,0.05179421138238633
2006-07-13,0.036796718267728803
2006-07-14,0.049584256322181976
2006-07-15,0.08278594270414552
2006-07-16,0.06737308116873257
2006-07-17,0.05407384556952919
2006-07-18,0.06847948668335191
2006-07-19,0.06091221326761657
2006-07-20,0.05792555079773744
2006-07-21,0.06961126517983071
2006-07-22,0.06034055289649516
2006-07-23,0.06717102940206757
2006-07-24,0.05322774099269018
2006-07-25,0.044917483536197934
2006-07-26,0.03903674242119703
2006-07-27,0.03665380789058083
2006-07-28,0.01789659115116935
2006-07-29,0.03176120106376672
2006-07-30,0.031182929408356378
2006-07-31,0.039853096080319284
2006-08-01,0.08124488421276582
2006-08-02,0.04684876088892446
2006-08-03,0.0548353377976862
2006-08-04,0.055466392890238546
2006-08-05,0.08175161825684733
2006-08-06,0.03848829092309417
2006-08-07,0.04554955839483877
2006-08-08,0.04787601256451633
2006-08-09,0.07273069711549536
2006-08-10,0.0768821138750891
2006-08-11,0.059491676393878895
2006-08-12,0.07465818748123759
2006-08-13,0.05355321992937979
2006-08-14,0.04654793504766355
2006-08-15,0.07357448173171244
2006-08-16,0.059752353504675955
2006-08-17,0.03528938668184836
2006-08-18,0.06994841876248702
2006-08-19,0.04583014737959441
2006-08-20,0.043383529545515914
2006-08-21,0.06786008736399425
2006-08-22,0.048223357183101744
2006-08-23,0.057779170720805795
2006-08-24,0.063238791681416
2006-08-25,0.034341138414552316
2006-08-26,0.05769701129364404
2006-08-27,0.07698946210523248
2006-08-28,0.030870657125207798
2006-08-29,0.058998177776624555
2006-08-30,0.03341064530839425
2006-08-31,0.07042795367680797
2006-09-01,0.07023811167499543
2006-09-02,0.04291355319501803
2006-09-03,0.09419257304381726
2006-09-04,0.07213250618274569
2006-09-05,0.06413857970272338
2006-09-06,0.06301221792212272
2006-09-07,0.06967853818412448
2006-09-08,0.0300871518551168
2006-09-09,0.05389215196922049
2006-09-10,0.057663807707546554
2006-09-11,0.041997278733948804
2006-09-12,0.059295905388879314
2006-09-13,0.07463388600868012
2006-09-14,0.04156461824468187
2006-09-15,0.04891151399257389
2006-09-16,0.03358829408292111
2006-09-17,0.014260219803784155
2006-09-18,0.06557864361041021
2006-09-19,0.04948532410321505
2006-09-20,0.050951588343055756
2006-09-21,0.030264527636529464
2006-09-22,0.04628992941927619
2006-09-23,0.07193187578364246
2006-09-24,0.0500164267355892
2006-09-25,0.05058367516110826
2006-09-26,0.05415056555726845
2006-09-27,0.02527235743187088
2006-09-28,0.06249840928204714
2006-09-29,0.024896037701683388
2006-09-30,0.031207688374419475
2006-10-01,0.029015704619856707
2006-10-02,0.04649550066738909
2006-10-03,0.042950945929242854
2006-10-04,0.04997549923383491
2006-10-05,0.03189487680447114
2006-10-06,0.07010990640612758
2006-10-07,0.06668055137452662
2006-10-08,0.04652372974216559
2006-10-09,0.04043266566824125
2006-10-10,0.03841285013309602
2006-10-11,0.043797100099786414
2006-10-12,0.02199509542497647
2006-10-13,0.03080785375576319
2006-10-14,0.06720240783969933
2006-10-15,0.05603624972151738
2006-10-16,0.08268548971953062
2006-10-17,0.044016096996613574
2006-10-18,0.042769735457862654
2006-10-19,0.04184202150912704
2006-10-20,0.04361671033563663
2006-10-21,0.03680091973706805
2006-10-22,0.055419764293744005
2006-10-23,0.05058208134296823
2006-10-24,0.03980170996323455
2006-10-25,0.07502297826037806
2006-10-26,0.08793165844972614
2006-10-27,0.07333154411146801
2006-10-28,0.0611624802616679
2006-10-29,0.06523539452527548
2006-10-30,0.08712831035652671
2006-10-31,0.06520638631518848
2006-11-01,0.03829628294801431
2006-11-02,0.05784545053301097
2006-11-03,0.06252488532126636
2006-11-04,0.030105654519281606
2006-11-05,0.04430138362713645
2006-11-06,0.07200783648110932
2006-11-07,0.013530145299008277
2006-11-08,0.024991429099188122
2006-11-09,0.04647185892743345
2006-11-10,0.057073591910114095
2006-11-11,0.022847351101021863
2006-11-12,0.04746421496668118
2006-11-13,0.07307537078177134
2006-11-14,0.05137302914148568
2006-11-15,0.06878177887262261
2006-11-16,0.038157717573299936
2006-11-17,0.03380166286421637
2006-11-18,0.06697747660570096
2006-11-19,0.0573853106931238
2006-11-20,0.026288079844510818
2006-11-21,0.033983181676744224
2006-11-22,0.0812916248211483
2006-11-23,0.03150889561061368
2006-11-24,0.06868657493451996
2006-11-25,0.040436266055326006
2006-11-26,0.04993648286465738
2006-11-27,0.055891852418867446
2006-11-28,0.007980375790008029
2006-11-29,0.02074565329145402
2006-11-30,0.05172666037574326
2006-12-01,0.035513848724322394
2006-12-02,0.06993162590549246
2006-12-03,0.017877582382637508
2006-12-04,0.061305101125159744
2006-12-05,0.022475575591913478
2006-12-06,0.04295790011711143
2006-12-07,0.028712444715240724
2006-12-08,0.08804859760942396
2006-12-09,0.023210156740599286
2006-12-10,0.04755880609261953
2006-12-11,0.015463277039596962
2006-12-12,0.0819914024414118
2006-12-13,0.05802564832354411
2006-12-14,0.05273946179197336
2006-12-15,0.07948625878583451
2006-12-16,0.052948448828452246
2006-12-17,0.05439142712282154
2006-12-18,0.05263450576130303
2006-12-19,0.06127268650886239
2006-12-20,0.04015117232157475
2006-12-21,0.04571425385273335
2006-12-22,0.06620669256914892
2006-12-23,0.05554745903115764
2006-12-24,0.04771512171795749
2006-12-25,0.021989552179385755
2006-12-26,0.0799610056907319
2006-12-27,0.036770917800984584
2006-12-28,0.06974474476838514
2006-12-29,0.05351507303376171
2006-12-30,0.024130989545402597
2006-12-31,0.0750455095506123
2007-01-01,0.0550908129279908
2007-01-02,0.07670690713474085
2007-01-03,0.046351825985281626
2007-01-04,0.06408102459934109
2007-01-05,0.014749457773099724
2007-01-06,0.03999568272812486
2007-01-07,0.02454013335537457
2007-01-08,0.042504322999232166
2007-01-09,0.0594362347901229
2007-01-10,0.03790839824691709
2007-01-11,0.06727684187277563
2007-01-12,0.03286774712899977
2007-01-13,0.06770473227299957
2007-01-14,0.07619514331748073
2007-01-15,0.07027052270181972
2007-01-16,0.04311621896340455
2007-01-17,0.007490928041117145
2007-01-18,0.06164333993474696
2007-01-19,0.04749530570569392
2007-01-20,0.030432141197452935
2007-01-21,0.0388744187025918
2007-01-22,0.07868850632889604
2007-01-23,0.02725319598779691
2007-01-24,0.05936618351242424
2007-01-25,0.054359163512748075
2007-01-26,0.04285224670673536
2007-01-27,0.06289065374626095
2007-01-28,0.08264490517797732
2007-01-29,0.04408056992227603
2007-01-30,0.045136381038457976
2007-01-31,0.062441298099804005
2007-02-01,0.06836485642870004
2007-02-02,0.0474458558570273
2007-02-03,0.04389252527812704
2007-02-04,0.0056470695856047914
2007-02-05,0.034439821752668937
2007-02-06,0.027213766558648992
2007-02-07,0.06369249992623782
2007-02-08,0.04512194102798316
2007-02-09,0.044339567889221436
2007-02-10,0.04981887472754038
2007-02-11,0.032596470597492
2007-02-12,0.08106494373377508
2007-02-13,0.07596387823393222
2007-02-14,0.08236213566095377
2007-02-15,0.06366834462477783
2007-02-16,0.04941043769956126
2007-02-17,0.0822945860601377
2007-02-18,0.03638066328174041
2007-02-19,0.03257582041933975
2007-02-20,0.03796976970460282
2007-02-21,0.06045742533828597
2007-02-22,0.03475789613224655
2007-02-23,0.04689254023564003
2007-02-24,0.01796289412230448
2007-02-25,0.05962195330856489
2007-02-26,0.01965793265633782
2007-02-27,0.03135677890269276
2007-02-28,0.07434334269793288
2007-03-01,0.0736063663397222
2007-03-02,0.05748626179092996
2007-03-03,0.05551327163470461
2007-03-04,0.03938080705691482
2007-03-05,0.03454192672515598
2007-03-06,0.04275516604485241
2007-03-07,0.01972691651075365
2007-03-08,0.05504897109907327
2007-03-09,0.050976622496168196
2007-03-10,0.03133157466579467
2007-03-11,0.08137363837682715
2007-03-12,0.062138274205740966
2007-03-13,0.06383683608017714
2007-03-14,0.040253201479216696
2007-03-15,0.049973398439473536
2007-03-16,0.06254745340374845
2007-03-17,0.053055647342004714
2007-03-18,0.08203801569539743
2007-03-19,0.04592424861166498
2007-03-20,0.03990878935527779
2007-03-21,0.06268505752942852
2007-03-22,0.02470705455426976
2007-03-23,0.06848593864616224
2007-03-24,0.023985763988160345
2007-03-25,0.06277169332117101
2007-03-26,0.03703452891654675
2007-03-27,0.05953168293966787
2007-03-28,0.06814685892122035
2007-03-29,0.05306842391007838
2007-03-30,0.026007580967186403
2007-03-31,0.03206449510985696
2007-04-01,0.03542681717932436
2007-04-02,0.012099862128044522
2007-04-03,0.07254955717463858
2007-04-04,0.05220215171512658
2007-04-05,0.027289639096220106
2007-04-06,0.07911349714916714
2007-04-07,0.035973437997236735
2007-04-08,0.05501144978149743
2007-04-09,0.033494589096075965
2007-04-10,0.009634796933419447
2007-04-11,0.02271118882297479
2007-04-12,0.041030191382671374
2007-04-13,0.06796593742412096
2007-04-14,0.05693066293638491
2007-04-15,0.052804102523424906
2007-04-16,0.009799447545102362
2007-04-17,0.0754017229536019
2007-04-18,0.05447359392991112
2007-04-19,0.047611646602156804
2007-04-20,0.07264846219977791
2007-04-21,0.07494993447136547
2007-04-22,0.07309180495218383
2007-04-23,0.04505827006593425
2007-04-24,0.02993046878431609
2007-04-25,0.06977845834284147
2007-04-26,0.02269891113859166
2007-04-27,0.08894513477328564
2007-04-28,0.05055999090389126
2007-04-29,0.02878231488600832
2007-04-30,0.025362628916867795
2007-05-01,0.02444790351887881
2007-05-02,0.05280725813441686
2007-05-03,0.04987215359880426
2007-05-04,0.025281556529816143
2007-05-05,0.04287088426888196
2007-05-06,0.022641292278173155
2007-05-07,0.061786036118883454
2007-05-08,0.04890813467774573
2007-05-09,0.04243194988165104
2007-05-10,0.02423778539864946
2007-05-11,0.043996887995544694
2007-05-12,0.04170544237307347
2007-05-13,0.05635453402419194
2007-05-14,0.053340359562339214
2007-05-15,0.06584120204158685
2007-05-16,0.04030846912989876
2007-05-17,0.012791769956070113
2007-05-18,0.0698218575319608
2007-05-19,0.031279349739036386
2007-05-20,0.027861658939694892
2007-05-21,0.04913766909772496
2007-05-22,0.056045410259090336
2007-05-23,0.039383271885706346
2007-05-24,0.03922614637063747
2007-05-25,0.0421794736446889
2007-05-26,0.07833080701986286
2007-05-27,0.049946438248837356
2007-05-28,0.030640743210764078
2007-05-29,0.030844332861940656
2007-05-30,0.04498231640835262
2007-05-31,0.05475715868056015
2007-06-01,0.059679603239323815
2007-06-02,0.05248317207694431
2007-06-03,0.03316253298165822
2007-06-04,0.04152117400878435
2007-06-05,0.06467815763729248
2007-06-06,0.027078160790938093
2007-06-07,0.04068493213845076
2007-06-08,0.06194925715762706
2007-06-09,0.06750562853270353
2007-06-10,0.04614169257817235
2007-06-11,0.04177586378858368
2007-06-12,0.0235576411711252
2007-06-13,0.06051279845454189
2007-06-14,0.07637559370293578
2007-06-15,0.10130308117199383
2007-06-16,0.05772892367036093
2007-06-17,0.04898240696712038
2007-06-18,0.03160378773698186
2007-06-19,0.012422861725137013
2007-06-20,0.05353918499479667
2007-06-21,0.09700678240308606
2007-06-22,0.07541624459313825
2007-06-23,0.07233128538227597
2007-06-24,0.05491205634115831
2007-06-25,0.057190463205606445
2007-06-26,0.001525053634440457
2007-06-27,0.06525021161527994
2007-06-28,0.03841318860848369
2007-06-29,0.035965453068082257
2007-06-30,0.04353486093902785
2007-07-01,0.04285991021097971
2007-07-02,0.035647288160566754
2007-07-03,0.050277441443519526
2007-07-04,0.03883444807583894
2007-07-05,0.05200645911512292
2007-07-06,0.020256443708999344
2007-07-07,0.045718844587359656
2007-07-08,0.02807408820627498
2007-07-09,0.03717101363004268
2007-07-10,0.052867976860670615
2007-07-11,0.01792004770490084
2007-07-12,0.03355185245455726
2007-07-13,0.06137928769672668
2007-07-14,0.021736443162683982
2007-07-15,0.08555734280557616
2007-07-16,0.07408815912261293
2007-07-17,0.040109458310954416
2007-07-18,0.034255806244298734
2007-07-19,0.05403879806670964
2007-07-20,0.02105075485945681
2007-07-21,0.009957145503351347
2007-07-22,0.040813297518948674
2007-07-23,0.04731902466995618
2007-07-24,0.05188854448707061
2007-07-25,0.03770518767764231
2007-07-26,0.07547893458949895
2007-07-27,0.020097206830322335
2007-07-28,0.027234757300838026
2007-07-29,0.05973271912289623
2007-07-30,0.02676705228725718
2007-07-31,0.025993590956053667
2007-08-01,0.052467095844143274
2007-08-02,0.028929547593679373
2007-08-03,0.047338311441586255
2007-08-04,0.03600286880684487
2007-08-05,0.032766725932545204
2007-08-06,0.007953892173101197
2007-08-07,0.05279126305642675
2007-08-08,0.025056200157741425
2007-08-09,0.04663515592938961
2007-08-10,0.0397579020330287
2007-08-11,0.04586983882600234
2007-08-12,0.04700649251973479
2007-08-13,0.05387256501836527
2007-08-14,0.03544481397017114
2007-08-15,0.07485392958546737
2007-08-16,0.013051998782888465
2007-08-17,0.04546817762945542
2007-08-18,0.06672461952821734
2007-08-19,0.05953545106005208
2007-08-20,0.030503288469428062
2007-08-21,0.03383509014023953
2007-08-22,0.029864148813467925
2007-08-23,0.06198455261328779
2007-08-24,0.03520152542968984
2007-08-25,0.055102461762469
2007-08-26,0.05528602828151911
2007-08-27,0.09736786936470744
2007-08-28,0.056265025196034074
2007-08-29,0.033777119704990734
2007-08-30,0.02079699475867202
2007-08-31,0.04448294570724509
2007-09-01,0.04761828315145363
2007-09-02,0.005786009452188892
2007-09-03,0.035722916794139734
2007-09-04,0.055947050856551064
2007-09-05,0.039352886594676506
2007-09-06,0.06937247571411674
2007-09-07,0.0188328711055896
2007-09-08,0.06353765640306434
2007-09-09,0.06827779483051906
2007-09-10,0.06912992951683074
2007-09-11,0.01868287230691243
2007-09-12,0.056291055917147684
2007-09-13,0.03662491762956971
2007-09-14,0.02187715116034198
2007-09-15,0.04172264550052583
2007-09-16,0.03190044016198382
2007-09-17,0.0684150093632774
2007-09-18,0.06026126686027139
2007-09-19,0.02695111063782265
2007-09-20,0.03551557372338142
2007-09-21,0.04238605148766753
2007-09-22,0.04855189705364206
2007-09-23,0.07012756549607561
2007-09-24,0.06381564652961266
2007-09-25,0.0510278393794968
2007-09-26,0.04478702300210156
2007-09-27,0.014532919307850563
2007-09-28,0.07583995252252113
2007-09-29,0.04105806804268686
2007-09-30,0.08109680480852514
2007-10-01,0.05392218584263671
2007-10-02,0.0905056841724289
2007-10-03,0.06212643066732633
2007-10-04,0.021359607375582425
2007-10-05,0.03771169039477576
2007-10-06,0.046617300786560706
2007-10-07,0.03252434225783352
2007-10-08,0.04245878365635912
2007-10-09,0.022661216828357814
2007-10-10,0.05011442562198245
2007-10-11,0.0547482389802188
2007-10-12,0.029917811855877628
2007-10-13,0.08880508586963824
2007-10-14,0.05127026522560918
2007-10-15,0.03366518267754176
2007-10-16,0.017409214000695658
2007-10-17,0.05119885778794337
2007-10-18,0.044790229343732946
2007-10-19,0.06566081814572886
2007-10-20,0.047132594700560644
2007-10-21,0.026125624354625464
2007-10-22,0.08341436592355161
2007-10-23,0.058712497590143714
2007-10-24,0.044917825768032826
2007-10-25,0.05329277062899477
2007-10-26,0.059480839131233164
2007-10-27,0.0214228677221313
2007-10-28,0.0531538843992562
2007-10-29,0.04099753053412217
2007-10-30,0.06014599971259504
2007-10-31,0.03519636150787443
2007-11-01,0.03790596289805835
2007-11-02,0.08325742197128116
2007-11-03,0.07461824181764273
2007-11-04,0.0
2007-11-05,0.07313523964928624
2007-11-06,0.048526959474844866
2007-11-07,0.035836358742019764
2007-11-08,0.029856505285847
2007-11-09,0.031017647434400237
2007-11-10,0.0364012811048317
2007-11-11,0.02745734832636313
2007-11-12,0.022908006778547155
2007-11-13,0.029192396983121788
2007-11-14,0.05646787710131375
2007-11-15,0.05100180297141595
2007-11-16,0.06111712903103713
2007-11-17,0.048672603215798915
2007-11-18,0.023866413387104168
2007-11-19,0.059888818469872124
2007-11-20,0.029906214422501704
2007-11-21,0.06293228603977868
2007-11-22,0.02668159994086079
2007-11-23,0.0362504674719295
2007-11-24,0.042772167188641706
2007-11-25,0.06348809602113897
2007-11-26,0.0535199450425479
2007-11-27,0.05040002644301849
2007-11-28,0.0877133757011061
2007-11-29,0.013260336775497095
2007-11-30,0.02923244714598898
2007-12-01,0.028376230439220176
2007-12-02,0.014586953801554517
2007-12-03,0.035609609742279454
2007-12-04,0.06375538327593412
2007-12-05,0.03816705202968497
2007-12-06,0.04333994056027381
2007-12-07,0.01554890344239436
2007-12-08,0.03406948849679306
2007-12-09,0.040766025688248324
2007-12-10,0.06284800845094228
2007-12-11,0.01650167204163558
2007-12-12,0.04089982508557724
2007-12-13,0.07173636060137781
2007-12-14,0.04109833428753472
2007-12-15,0.007688771717626421
2007-12-16,0.07558351554696383
2007-12-17,0.06469793885076666
2007-12-18,0.06738794350157581
2007-12-19,0.015124327065092119
2007-12-20,0.08024911451694429
2007-12-21,0.03453447829777605
2007-12-22,0.03981122111559538
2007-12-23,0.03594445668015993
2007-12-24,0.06893874363910414
2007-12-25,0.04640403294989409
2007-12-26,0.05963482065175252
2007-12-27,0.051518020457687365
2007-12-28,0.04809915992614159
2007-12-29,0.031064318725076076
2007-12-30,0.0862428117461553
2007-12-31,0.02073212742989542
2008-01-01,0.05824507948069369
2008-01-02,0.057533131842145584
2008-01-03,0.07308712572304851
2008-01-04,0.07776180064758556
2008-01-05,0.04725222801166449
2008-01-06,0.06060788611849506
2008-01-07,0.08529747420905019
2008-01-08,0.04869646466155496
2008-01-09,0.02867133049869647
2008-01-10,0.04231063774601158
2008-01-11,0.023907080027710657
2008-01-12,0.057436336219894454
2008-01-13,0.0712891241628127
2008-01-14,0.04757917015864924
2008-01-15,0.01758079901092719
2008-01-16,0.07043301670115355
2008-01-17,0.014474020768684426
2008-01-18,0.01908090444153918
2008-01-19,0.04643323225010563
2008-01-20,0.05503570491350999
2008-01-21,0.05844494997516708
2008-01-22,0.04867720895907054
2008-01-23,0.08520087530269715
2008-01-24,0.05130336682166404
2008-01-25,0.07069336203505872
2008-01-26,0.06573909128189397
2008-01-27,0.02414252535590941
2008-01-28,0.04660539025428957
2008-01-29,0.09246641026562039
2008-01-30,0.039912982921194856
2008-01-31,0.03650758951286619
2008-02-01,0.05341151162954045
2008-02-02,0.04062960141479896
2008-02-03,0.03412590840995523
2008-02-04,0.04033433211404827
2008-02-05,0.07864019342737251
2008-02-06,0.04726762617044856
2008-02-07,0.02343849934490576
2008-02-08,0.019765069238236715
2008-02-09,0.0941360986410894
2008-02-10,0.045533312611317954
2008-02-11,0.05869157001930837
2008-02-12,0.034572455473207815
2008-02-13,0.05641971938542832
2008-02-14,0.07918659303203064
2008-02-15,0.03695473632512491
2008-02-16,0.05917173559897165
2008-02-17,0.021885074482192242
2008-02-18,0.09045732236733584
2008-02-19,0.0553707186048915
2008-02-20,0.04174412311295417
2008-02-21,0.04404251753427672
2008-02-22,0.039799236509713294
2008-02-23,0.04082189671753014
2008-02-24,0.0010500971530068015
2008-02-25,0.04804068535806489
2008-02-26,0.04720242638788576
2008-02-27,0.059773230745209543
2008-02-28,0.03953712507116947
2008-02-29,0.03457927371717955
2008-03-01,0.0498445011109405
2008-03-02,0.01775263763819032
2008-03-03,0.05286846375069169
2008-03-04,0.01276361480956558
2008-03-05,0.07241637297661592
2008-03-06,0.0636853991132155
2008-03-07,0.031476282471519734
2008-03-08,0.06322276026676074
2008-03-09,0.052230284485077626
2008-03-10,0.029819795378302805
2008-03-11,0.009542476855418217
2008-03-12,0.05632871366852905
2008-03-13,0.034114363057299306
2008-03-14,0.0718993913939216
2008-03-15,0.05028067467763703
2008-03-16,0.03600834607005366
2008-03-17,0.08595677466180943
2008-03-18,0.061528929852060106
2008-03-19,0.0
2008-03-20,0.04027216462418268
2008-03-21,0.022318220159751535
2008-03-22,0.03400404124559383
2008-03-23,0.04710535202162928
2008-03-24,0.05708097017175093
2008-03-25,0.055227314842271474
2008-03-26,0.07155746153129605
2008-03-27,0.06273196755017334
2008-03-28,0.06149493858251011
2008-03-29,0.05402984646266549
2008-03-30,0.07573597705451802
2008-03-31,0.04367446913618166
2008-04-01,0.04419393462529619
2008-04-02,0.011888532940549396
2008-04-03,0.07112328087620072
2008-04-04,0.048461484884416914
2008-04-05,0.10867211412342545
2008-04-06,0.041889346164750846
2008-04-07,0.05177156258833471
2008-04-08,0.06093009907216827
2008-04-09,0.027962000540225743
2008-04-10,0.057170954277584556
2008-04-11,0.05069322864114371
2008-04-12,0.04392623620646325
2008-04-13,0.07345207917486013
2008-04-14,0.03192502564178688
2008-04-15,0.05549804226164443
2008-04-16,0.07909328582770092
2008-04-17,0.03586756488087403
2008-04-18,0.044062280346154024
2008-04-19,0.09690609126943657
2008-04-20,0.05948782130312114
2008-04-21,0.03987605046714765
2008-04-22,0.06605249520156956
2008-04-23,0.03863812896817949
2008-04-24,0.01870168151679858
2008-04-25,0.07744727890530341
2008-04-26,0.027938814717379714
2008-04-27,0.09903425249994582
2008-04-28,0.04021335249075589
2008-04-29,0.09266529363123711
2008-04-30,0.022626578629598847
2008-05-01,0.07050987172532507
2008-05-02,0.059994525459693006
2008-05-03,0.06675492451110304
2008-05-04,0.06936045413352522
2008-05-05,0.04004509715437657
2008-05-06,0.023823123159940035
2008-05-07,0.048981645393215645
2008-05-08,0.05446060515170269
2008-05-09,0.040563107576889905
2008-05-10,0.055551079403197236
2008-05-11,0.05659251062349481
2008-05-12,0.03179947106912269
2008-05-13,0.057899425633809315
2008-05-14,0.044655759526107085
2008-05-15,0.036000381995932584
2008-05-16,0.06574750276447987
2008-05-17,0.034460175766129114
2008-05-18,0.04086664820190548
2008-05-19,0.05144101700373312
2008-05-20,0.07748623241308478
2008-05-21,0.05385568155448597
2008-05-22,0.060565766649493355
2008-05-23,0.04404714928007008
2008-05-24,0.048430207512473185
2008-05-25,0.04902245532960812
2008-05-26,0.0558661247203405
2008-05-27,0.0440806485390348
2008-05-28,0.0767999977095242
2008-05-29,0.04253667522995716
2008-05-30,0.015855177295892656
2008-05-31,0.1048559320874004
2008-06-01,0.04345262618112496
2008-06-02,0.07626339574182694
2008-06-03,0.07809581683919517
2008-06-04,0.06890428624500763
2008-06-05,0.046039455608051956
2008-06-06,0.05573369639748686
2008-06-07,0.024509795813901458
2008-06-08,0.08980295547636552
2008-06-09,0.03296388003634661
2008-06-10,0.04492198074518249
2008-06-11,0.051979729740805024
2008-06-12,0.0478512049032608
2008-06-13,0.03686253435413212
2008-06-14,0.07788678104109377
2008-06-15,0.0690055856697656
2008-06-16,0.056440944086513865
2008-06-17,0.042008938880065
2008-06-18,0.07128551743688942
2008-06-19,0.04071062734444869
2008-06-20,0.08140783680675631
2008-06-21,0.052224418309668556
2008-06-22,0.07459563053945431
2008-06-23,0.04772359347632834
2008-06-24,0.05143066364081889
2008-06-25,0.07450842122917334
2008-06-26,0.0938785030360889
2008-06-27,0.08120733635009764
2008-06-28,0.067542692387557
2008-06-29,0.061785668659151936
2008-06-30,0.03986102619480748
2008-07-01,0.05590459482210866
2008-07-02,0.03173901632006537
2008-07-03,0.05751564267369548
2008-07-04,0.058801013213871475
2008-07-05,0.01078309717063617
2008-07-06,0.05077477218383414
2008-07-07,0.058297497981782104
2008-07-08,0.04832580285721956
2008-07-09,0.05716097677713142
2008-07-10,0.02316555513287372
2008-07-11,0.03448271388879483
2008-07-12,0.07069876326327865
2008-07-13,0.05001143331291554
2008-07-14,0.056797579626298174
2008-07-15,0.039069576785828425
2008-07-16,0.05038988046553713
2008-07-17,0.003959756397296031
2008-07-18,0.06692023876841532
2008-07-19,0.08615865677904941
2008-07-20,0.028699649015707186
2008-07-21,0.03119335624980864
2008-07-22,0.05881759796474965
2008-07-23,0.07947758581013492
2008-07-24,0.04995805365234111
2008-07-25,0.02541363958374992
2008-07-26,0.04582765526724254
2008-07-27,0.02940135839376415
2008-07-28,0.03662307414262447
2008-07-29,0.04391917801693367
2008-07-30,0.03141350823516746
2008-07-31,0.0344418855165087
2008-08-01,0.05149068000444487
2008-08-02,0.0543007162427446
2008-08-03,0.02152039332358066
2008-08-04,0.05792763445018675
2008-08-05,0.042361322737372045
2008-08-06,0.06440523047105218
2008-08-07,0.0656099504137572
2008-08-08,0.03910917638089903
2008-08-09,0.062282953880754666
2008-08-10,0.0332608792060234
2008-08-11,0.0764752412567058
2008-08-12,0.03401727598287071
2008-08-13,0.05705499217251026
2008-08-14,0.046247817107114404
2008-08-15,0.02966210971524798
2008-08-16,0.06801831523570619
2008-08-17,0.037717363822664184
2008-08-18,0.015998556700433875
2008-08-19,0.0
2008-08-20,0.03249910611144059
2008-08-21,0.07751816838597947
2008-08-22,0.0751547693500732
2008-08-23,0.035628031953049366
2008-08-24,0.042510901705972416
2008-08-25,0.04070173848887954
2008-08-26,0.02333135709100863
2008-08-27,0.03102336256753314
2008-08-28,0.0696229903880157
2008-08-29,0.060077757427588016
2008-08-30,0.05546177717059778
2008-08-31,0.02329706776678283
2008-09-01,0.052014064280679555
2008-09-02,0.003923100610239566
2008-09-03,0.06685605382521066
2008-09-04,0.05517149801474284
2008-09-05,0.0230953509580034
2008-09-06,0.0823285111498008
2008-09-07,0.014076706816628377
2008-09-08,0.06060612364499205
2008-09-09,0.061103435379573245
2008-09-10,0.02520659121295039
2008-09-11,0.04924298618379767
2008-09-12,0.01726344315694274
2008-09-13,0.0
2008-09-14,0.02864247546136683
2008-09-15,0.037667501154760065
2008-09-16,0.06288512361621583
2008-09-17,0.0513481617012164
2008-09-18,0.05187090918772293
2008-09-19,0.0297115675343283
2008-09-20,0.03939977391917227
2008-09-21,0.03140146780261678
2008-09-22,0.025500519859403836
2008-09-23,0.038126011460254856
2008-09-24,0.05149024770192668
2008-09-25,0.03854722961151594
2008-09-26,0.043529946611500545
2008-09-27,0.0638982962182278
2008-09-28,0.039984911626185934
2008-09-29,0.023320667380242174
2008-09-30,0.061269070432024786
2008-10-01,0.05531699297016569
2008-10-02,0.05657318996344629
2008-10-03,0.06251677315071419
2008-10-04,0.05913283054615891
2008-10-05,0.05057457384942608
2008-10-06,0.09782905325704186
2008-10-07,0.024300625073960917
2008-10-08,0.03827165443022884
2008-10-09,0.06934668729356334
2008-10-10,0.05285172584191149
2008-10-11,0.06515846068022477
2008-10-12,0.05339512859073743
2008-10-13,0.07748113102319963
2008-10-14,0.02984978288733509
2008-10-15,0.0768491977881342
2008-10-16,0.07341992986408533
2008-10-17,0.025794217715392403
2008-10-18,0.06261330819775346
2008-10-19,0.04913920135526821
2008-10-20,0.037868359617618724
2008-10-21,0.012227616205645608
2008-10-22,0.029783726577653668
2008-10-23,0.06416224280369179
2008-10-24,0.06627682538521114
2008-10-25,0.04578579038847657
2008-10-26,0.06633970286286568
2008-10-27,0.06890520155788275
2008-10-28,0.05309279917252695
2008-10-29,0.03555332752299592
2008-10-30,0.0588210822563129
2008-10-31,0.05973969415317727
2008-11-01,0.0634788878070062
2008-11-02,0.06730806540004479
2008-11-03,0.022756708561575568
2008-11-04,0.03980141509268516
2008-11-05,0.01202757308624361
2008-11-06,0.06493992076710695
2008-11-07,0.04575377104039168
2008-11-08,0.058616281413948305
2008-11-09,0.020486425036196836
2008-11-10,0.07801961699386101
2008-11-11,0.026113216707614503
2008-11-12,0.06549126608764919
2008-11-13,0.05235900341785083
2008-11-14,0.046211144449476424
2008-11-15,0.04459679786775652
2008-11-16,0.0372387398136774
2008-11-17,0.07590392353801537
2008-11-18,0.050252256687044854
2008-11-19,0.024615569392935598
2008-11-20,0.0423207959593032
2008-11-21,0.05256678054405877
2008-11-22,0.06795610562890651
2008-11-23,0.037907605589655856
2008-11-24,0.03924446888390905
2008-11-25,0.05046864254294811
2008-11-26,0.06746849639894652
2008-11-27,0.02262490928807941
2008-11-28,0.06010709261983492
2008-11-29,0.04071874939742688
2008-11-30,0.04351134836503027
2008-12-01,0.09003151490259498
2008-12-02,0.046070615508969494
2008-12-03,0.0650938750061716
2008-12-04,0.06437827674406697
2008-12-05,0.026399521718029867
2008-12-06,0.013092113495541922
2008-12-07,0.06641964184833822
2008-12-08,0.028329076151029628
2008-12-09,0.016716340908579458
2008-12-10,0.07052324429688396
2008-12-11,0.029611465324488145
2008-12-12,0.034549650486312124
2008-12-13,0.0894874631017859
2008-12-14,0.01680529277236858
2008-12-15,0.024874279171861493
2008-12-16,0.04080603715052159
2008-12-17,0.045194863203311564
2008-12-18,0.03212509435764693
2008-12-19,0.026826898053541676
2008-12-20,0.08019988648863863
2008-12-21,0.05525972248209431
2008-12-22,0.06170337488418376
2008-12-23,0.04725549646882928
2008-12-24,0.05578909897718273
2008-12-25,0.06865803322219181
2008-12-26,0.03007401970909331
2008-12-27,0.05529671993035964
2008-12-28,0.06392084626815783
2008-12-29,0.0808959469276852
2008-12-30,0.08895781959603523
2008-12-31,0.05139719593963523
2009-01-01,0.07277277899374268
2009-01-02,0.0
2009-01-03,0.08104565818753429
2009-01-04,0.03548232676558393
2009-01-05,0.04517805102024219
2009-01-06,0.05882208968734043
2009-01-07,0.04693115265368973
2009-01-08,0.05392906759136269
2009-01-09,0.08175385936452287
2009-01-10,0.04231559909308057
2009-01-11,0.028261523669988933
2009-01-12,0.08626927714597102
2009-01-13,0.06053528434009355
2009-01-14,0.08844477950626928
2009-01-15,0.06727259821157809
2009-01-16,0.023528112159731267
2009-01-17,0.06290769343513763
2009-01-18,0.03032103868234891
2009-01-19,0.05014863604879334
2009-01-20,0.04848571192784484
2009-01-21,0.017646723907338874
2009-01-22,0.03374379020876427
2009-01-23,0.094103746003182
2009-01-24,0.05476754809682329
2009-01-25,0.046488077306740955
2009-01-26,0.08625780439881851
2009-01-27,0.04207529379861663
2009-01-28,0.0481715927606176
2009-01-29,0.069816057122457
2009-01-30,0.04198528402767301
2009-01-31,0.03506958521294998
2009-02-01,0.0049248716927856526
2009-02-02,0.03127003373234477
2009-02-03,0.03107944508020774
2009-02-04,0.0531713339093722
2009-02-05,0.03779083468544448
2009-02-06,0.09316038021714393
2009-02-07,0.02884742139530388
2009-02-08,0.0780129337371481
2009-02-09,0.054395059102550984
2009-02-10,0.06613548071424778
2009-02-11,0.0649203918947174
2009-02-12,0.005635289393751672
2009-02-13,0.04976894642046886
2009-02-14,0.04475543725532336
2009-02-15,0.027340438106174658
2009-02-16,0.05919252074431737
2009-02-17,0.08433080631754944
2009-02-18,0.0
2009-02-19,0.03931060648316559
2009-02-20,0.025084676717727544
2009-02-21,0.051435556524753866
2009-02-22,0.04348757433700008
2009-02-23,0.03788645574485644
2009-02-24,0.06379013656658118
2009-02-25,0.08272362602114197
2009-02-26,0.10322637303515671
2009-02-27,0.03520741903062825
2009-02-28,0.013582488963638617
2009-03-01,0.0611839286815668
2009-03-02,0.08220969470646408
2009-03-03,0.06627379934081457
2009-03-04,0.08212694079060623
2009-03-05,0.045490266587957615
2009-03-06,0.03780851120453744
2009-03-07,0.05230871814802625
2009-03-08,0.043388936252662234
2009-03-09,0.06326188042680689
2009-03-10,0.06939535556006982
2009-03-11,0.07096167329143772
2009-03-12,0.0602118534160878
2009-03-13,0.054916446533506
2009-03-14,0.06588853378501697
2009-03-15,0.010740161846945574
2009-03-16,0.05421141504667885
2009-03-17,0.05104956114340902
2009-03-18,0.0542616079194311
2009-03-19,0.048247529074915384
2009-03-20,0.058637109869232325
2009-03-21,0.0385079415693197
2009-03-22,0.0725904685890726
2009-03-23,0.059472995548269486
2009-03-24,0.05301371715767722
2009-03-25,0.0360496685872776
2009-03-26,0.06630633770415811
2009-03-27,0.054133193969889824
2009-03-28,0.034890332129261674
2009-03-29,0.04886676915173523
2009-03-30,0.0625816523848248
2009-03-31,0.06103147077639651
2009-04-01,0.0597401793561631
2009-04-02,0.05185062783482155
2009-04-03,0.07051639066603793
2009-04-04,0.07475593007623221
2009-04-05,0.06474645231351081
2009-04-06,0.03825097450288586
2009-04-07,0.028838765654189653
2009-04-08,0.03912120466056813
2009-04-09,0.08907313495953448
2009-04-10,0.055633918276547074
2009-04-11,0.09252883655052771
2009-04-12,0.047596033128251274
2009-04-13,0.04482372659014157
2009-04-14,0.04851886926711853
2009-04-15,0.04815651839893393
2009-04-16,0.034526981762645514
2009-04-17,0.027023034636666464
2009-04-18,0.06002673254361726
2009-04-19,0.07109801435194728
2009-04-20,0.09889962601332802
2009-04-21,0.04132574186617956
2009-04-22,0.0429468902627185
2009-04-23,0.034575414110979655
2009-04-24,0.07251454858747135
2009-04-25,0.0662997490959253
2009-04-26,0.032461308362509475
2009-04-27,0.031956038260541136
2009-04-28,0.06905029517191795
2009-04-29,0.05766392302416816
2009-04-30,0.06516777426022288
2009-05-01,0.03234463043322174
2009-05-02,0.01244550272179587
2009-05-03,0.032500699666396606
2009-05-04,0.06375533460022453
2009-05-05,0.09222115957269783
2009-05-06,0.04141072020944784
2009-05-07,0.09551711763753731
2009-05-08,0.06659639534983376
2009-05-09,0.022139353965823477
2009-05-10,0.054280676756220635
2009-05-11,0.06727948556823722
2009-05-12,0.0014903420289462677
2009-05-13,0.06288902315826764
2009-05-14,0.07345442359646226
2009-05-15,0.05797736248262287
2009-05-16,0.048765575786371536
2009-05-17,0.046541468339971866
2009-05-18,0.04537355344616356
2009-05-19,0.02648040392465782
2009-05-20,0.036249523361900654
2009-05-21,0.041668119086956806
2009-05-22,0.05226988692451485
2009-05-23,0.03886370484685867
2009-05-24,0.0326174151500414
2009-05-25,0.06519541718251691
2009-05-26,0.05741227943895712
2009-05-27,0.03921540926420866
2009-05-28,0.06012556942975175
2009-05-29,0.040936842126281306
2009-05-30,0.0512613005897624
2009-05-31,0.06950088109445735
2009-06-01,0.03792517813667473
2009-06-02,0.026551767843325143
2009-06-03,0.04709730833957317
2009-06-04,0.022730699676290763
2009-06-05,0.04445102981298049
2009-06-06,0.044387250413730865
2009-06-07,0.0007263175218887447
2009-06-08,0.0606127032748902
2009-06-09,0.04634620466637359
2009-06-10,0.07363792905543871
2009-06-11,0.05431063959588166
2009-06-12,0.06471217140631097
2009-06-13,0.07380077506414087
2009-06-14,0.04736565834458508
2009-06-15,0.04998353622272197
2009-06-16,0.018529135532195366
2009-06-17,0.07479075490468483
2009-06-18,0.04708605200556891
2009-06-19,0.02988538899304037
2009-06-20,0.06479444972974856
2009-06-21,0.0064043761607149655
2009-06-22,0.04141451554253644
2009-06-23,0.06816622082423682
2009-06-24,0.0412455629606819
2009-06-25,0.03564156098102837
2009-06-26,0.04167690405774099
2009-06-27,0.00980141471062853
2009-06-28,0.06430956863566067
2009-06-29,0.04754227916046174
2009-06-30,0.04455350780010476
2009-07-01,0.04462662767181918
2009-07-02,0.05028159596929169
2009-07-03,0.06306874741344133
2009-07-04,0.04895872917601502
2009-07-05,0.022767269036403758
2009-07-06,0.061510322430881344
2009-07-07,0.059971393820084526
2009-07-08,0.054110539964329206
2009-07-09,0.07150482613922639
2009-07-10,0.05060757352825918
2009-07-11,0.07222752177978511
2009-07-12,0.07814422042956792
2009-07-13,0.061646257710489656
2009-07-14,0.03504132756244126
2009-07-15,0.04738428562995119
2009-07-16,0.07477712068116749
2009-07-17,0.020047442678609865
2009-07-18,0.04216092663642783
2009-07-19,0.04314070327106512
2009-07-20,0.03269578799292533
2009-07-21,0.06745757899837573
2009-07-22,0.05753630142081555
2009-07-23,0.03577883286799016
2009-07-24,0.06211025840471679
2009-07-25,0.046831675306635644
2009-07-26,0.032196108535553145
2009-07-27,0.035741631795142656
2009-07-28,0.058721021495518805
2009-07-29,0.06878019757043678
2009-07-30,0.04026463534090428
2009-07-31,0.060888826673380234
2009-08-01,0.08163508315154966
2009-08-02,0.024822588872594944
2009-08-03,0.05711339745677248
2009-08-04,0.06661311382590818
2009-08-05,0.04809700366802339
2009-08-06,0.07476566421711295
2009-08-07,0.09397674076522569
2009-08-08,0.05686710696772606
2009-08-09,0.04532820535444002
2009-08-10,0.06953965615323913
2009-08-11,0.06684137720755803
2009-08-12,0.0
2009-08-13,0.04994528887817773
2009-08-14,0.04210801066521772
2009-08-15,0.057934113830278335
2009-08-16,0.0461268343941242
2009-08-17,0.04829647815457997
2009-08-18,0.03273574481077837
2009-08-19,0.06469058436848975
2009-08-20,0.08310084442937464
2009-08-21,0.033046561015699305
2009-08-22,0.022058899537060535
2009-08-23,0.05040006439654928
2009-08-24,0.04942688677929472
2009-08-25,0.0734186557224072
2009-08-26,0.025416100952429358
2009-08-27,0.039240896499518056
2009-08-28,0.007045935214662943
2009-08-29,0.07749967272423645
2009-08-30,0.055010892566467275
2009-08-31,0.04073134172038407
2009-09-01,0.023554570428176474
2009-09-02,0.025390478836454983
2009-09-03,0.05828533799582783
2009-09-04,0.027851499087985798
2009-09-05,0.05208010846297139
2009-09-06,0.09085889722270062
2009-09-07,0.04304824754110359
2009-09-08,0.030771111120512423
2009-09-09,0.05764014410905526
2009-09-10,0.025484165184365457
2009-09-11,0.08439969060658807
2009-09-12,0.0780723933705667
2009-09-13,0.04671656762092712
2009-09-14,0.03205413637151561
2009-09-15,0.041484602544492793
2009-09-16,0.044086687758291436
2009-09-17,0.0576713426341413
2009-09-18,0.07079264658602233
2009-09-19,0.029269747384828203
2009-09-20,0.07021819130685489
2009-09-21,0.06235371225622596
2009-09-22,0.03984421018386787
2009-09-23,0.028265762086459797
2009-09-24,0.05232465434585136
2009-09-25,0.02880823032595832
2009-09-26,0.07047361698325212
2009-09-27,0.02752234455735591
2009-09-28,0.060954123863262884
2009-09-29,0.04838767270369836
2009-09-30,0.038787502312495975
2009-10-01,0.04794336987361419
2009-10-02,0.07159966339268403
2009-10-03,0.026154851820124204
2009-10-04,0.04175686889616367
2009-10-05,0.03496512870625624
2009-10-06,0.04922765732902571
2009-10-07,0.036306382149746914
2009-10-08,0.014638375152267714
2009-10-09,0.028897249061352756
2009-10-10,0.08275510037076224
2009-10-11,0.05493456422572546
2009-10-12,0.05424724107616155
2009-10-13,0.044347752199827235
2009-10-14,0.04896749151781662
2009-10-15,0.0414037615433724
2009-10-16,0.06053857062082131
2009-10-17,0.052016177085187465
2009-10-18,0.0265746357968277
2009-10-19,0.055074490062083856
2009-10-20,0.0008251615345689911
2009-10-21,0.05827718399355571
2009-10-22,0.021812862863269576
2009-10-23,0.04807889827659848
2009-10-24,0.02610744793607622
2009-10-25,0.050056463990661944
2009-10-26,0.061565570385524446
2009-10-27,0.0800565417049916
2009-10-28,0.019172846899770432
2009-10-29,0.06950945911342271
2009-10-30,0.05262305410754944
2009-10-31,0.04098665694350752
2009-11-01,0.0651971301011892
2009-11-02,0.04528150297829587
2009-11-03,0.06435061032801359
2009-11-04,0.030154605737440106
2009-11-05,0.037340059354074154
2009-11-06,0.06887200105589199
2009-11-07,0.07970801047140844
2009-11-08,0.049299362016943016
2009-11-09,0.0
2009-11-10,0.04601901434783091
2009-11-11,0.0506485223564486
2009-11-12,0.04534453246613656
2009-11-13,0.05672677123331062
2009-11-14,0.040461801448053565
2009-11-15,0.06677741721356055
2009-11-16,0.026665734545379162
2009-11-17,0.07473697414708283
2009-11-18,0.08100157647922185
2009-11-19,0.031738805238793855
2009-11-20,0.03172800348793875
2009-11-21,0.058213906275550564
2009-11-22,0.026255591805142215
2009-11-23,0.0401479425779536
2009-11-24,0.0720505391291203
2009-11-25,0.06475213528953926
2009-11-26,0.08960392683379179
2009-11-27,0.053415682952004155
2009-11-28,0.03778323995443629
2009-11-29,0.05102487023306041
2009-11-30,0.04698823321182731
2009-12-01,0.047268857815937294
2009-12-02,0.04952392583808534
2009-12-03,0.031364665823075275
2009-12-04,0.05564435509941286
2009-12-05,0.02182673464482818
2009-12-06,0.035663467841837715
2009-12-07,0.047622424737203656
2009-12-08,0.004808933746888171
2009-12-09,0.06537983072689835
2009-12-10,0.008936909803049897
2009-12-11,0.06339175381796357
2009-12-12,0.024143814201436756
2009-12-13,0.04190162618593001
2009-12-14,0.06038261293898859
2009-12-15,0.09396279038958966
2009-12-16,0.05232903955414699
2009-12-17,0.010347473436009842
2009-12-18,0.06907390265271549
2009-12-19,0.04536163190281964
2009-12-20,0.05139813308917648
2009-12-21,0.06115726059775229
2009-12-22,0.005492440861885717
2009-12-23,0.050130736954703915
2009-12-24,0.041806122200946094
2009-12-25,0.07443669812011039
2009-12-26,0.06454227526677486
2009-12-27,0.017459961544369053
2009-12-28,0.07525251704698097
2009-12-29,0.05899050176320423
2009-12-30,0.019055168050935635
2009-12-31,0.051115062069855464
2010-01-01,0.0706965222771171
2010-01-02,0.025719122548532123
2010-01-03,0.07755154671690834
2010-01-04,0.01974742451744949
2010-01-05,0.034175456467060314
2010-01-06,0.031142583292206164
2010-01-07,0.07753867463177325
2010-01-08,0.04017967726901606
2010-01-09,0.026743659946780046
2010-01-10,0.05890421757828124
2010-01-11,0.06322361981185437
2010-01-12,0.06335072189588263
2010-01-13,0.04457321669547981
2010-01-14,0.05509068602073896
2010-01-15,0.03699533827541429
2010-01-16,0.08349603355871461
2010-01-17,0.07288410317315863
2010-01-18,0.0716591365808135
2010-01-19,0.0658823186914709
2010-01-20,0.060394666119900034
2010-01-21,0.025112750317004242
2010-01-22,0.06266602472511297
2010-01-23,0.0522853046012664
2010-01-24,0.07526728169901839
2010-01-25,0.06614838364764856
2010-01-26,0.06100760940306044
2010-01-27,0.016315504049396877
2010-01-28,0.04821998926783059
2010-01-29,0.038842154801926876
2010-01-30,0.05504731848366148
2010-01-31,0.04168903457114713
2010-02-01,0.044481084478133884
2010-02-02,0.05918067809813408
2010-02-03,0.041357237728624485
2010-02-04,0.052431830791480255
2010-02-05,0.019611762182513873
2010-02-06,0.03335197046479883
2010-02-07,0.0631208713440592
2010-02-08,0.025396157666070514
2010-02-09,0.07491450155205995
2010-02-10,0.06948798710602642
2010-02-11,0.04463540129320427
2010-02-12,0.1099746821100493
2010-02-13,0.07486207155696586
2010-02-14,0.0310144098658853
2010-02-15,0.06492348107400096
2010-02-16,0.05131726132639515
2010-02-17,0.03446575818281178
2010-02-18,0.028601817136675825
2010-02-19,0.06989786669776758
2010-02-20,0.03804109070751733
2010-02-21,0.047962472899258965
2010-02-22,0.03157948143546943
2010-02-23,0.035036841254028186
2010-02-24,0.04746141599857056
2010-02-25,0.057763645854483035
2010-02-26,0.0
2010-02-27,0.050338395983335005
2010-02-28,0.035077579748299295
2010-03-01,0.07804725306900451
2010-03-02,0.10885505292010875
2010-03-03,0.042814419300925693
2010-03-04,0.015555428785736111
2010-03-05,0.05233753939837133
2010-03-06,0.0458914134101359
2010-03-07,0.08942701298002581
2010-03-08,0.08333178686751086
2010-03-09,0.06730749941193129
2010-03-10,0.03826611837574684
2010-03-11,0.06355533132361607
2010-03-12,0.055300127181366086
2010-03-13,0.05482646406598782
2010-03-14,0.018835403028642596
2010-03-15,0.07123590676907293
2010-03-16,0.0521561665662247
2010-03-17,0.0479831730491085
2010-03-18,0.03799687009982345
2010-03-19,0.03412767000693245
2010-03-20,0.05634517162557964
2010-03-21,0.015016743962838364
2010-03-22,0.06578997519300085
2010-03-23,0.028917891260086294
2010-03-24,0.00882638627589416
2010-03-25,0.08643790631852041
2010-03-26,0.032838259013088435
2010-03-27,0.03555681676956609
2010-03-28,0.0726907666201615
2010-03-29,0.08708861801033282
2010-03-30,0.0193399684279314
2010-03-31,0.030876638794986613
2010-04-01,0.03234642355678807
2010-04-02,0.06869603325391309
2010-04-03,0.08278264255859066
2010-04-04,0.028394948768438424
2010-04-05,0.0782949067593644
2010-04-06,0.03581931776942596
2010-04-07,0.05672245805891145
2010-04-08,0.02457092601144365
2010-04-09,0.04756139172836004
2010-04-10,0.04777774571854568
2010-04-11,0.04369683387369453
2010-04-12,0.057699419626393945
2010-04-13,0.029859382702949484
2010-04-14,0.03232553403626317
2010-04-15,0.058757442898987114
2010-04-16,0.07684070661951457
2010-04-17,0.049543726119041544
2010-04-18,0.060073415469243455
2010-04-19,0.0651616002059468
2010-04-20,0.06661010377266983
2010-04-21,0.03092950548326723
2010-04-22,0.034459795395901924
2010-04-23,0.036198508121129305
2010-04-24,0.0885726760178793
2010-04-25,0.06016385878343808
2010-04-26,0.05926631440770034
2010-04-27,0.05732471506367477
2010-04-28,0.02358413192761002
2010-04-29,0.08876380941554078
2010-04-30,0.059583750615739214
2010-05-01,0.06446320225309905
2010-05-02,0.01468957422168396
2010-05-03,0.06559287704723037
2010-05-04,0.04287575099744746
2010-05-05,0.02354434050547526
2010-05-06,0.030924726682564053
2010-05-07,0.024702115830932677
2010-05-08,0.024364316097707797
2010-05-09,0.0512109564072842
2010-05-10,0.04226474422536698
2010-05-11,0.05668138724322775
2010-05-12,0.0835195174213601
2010-05-13,0.047409925727453256
2010-05-14,0.005102214120831464
2010-05-15,0.04516083576904367
2010-05-16,0.07386788872795744
2010-05-17,0.0482812105500634
2010-05-18,0.08058661307383404
2010-05-19,0.05905883186275637
2010-05-20,0.01323460531205222
2010-05-21,0.05219164500876717
2010-05-22,0.05594002588529458
2010-05-23,0.07160711602547287
2010-05-24,0.08639273143223136
2010-05-25,0.06815451039417399
2010-05-26,0.05880959594774435
2010-05-27,0.06352376543156693
2010-05-28,0.04663986387100866
2010-05-29,0.020742443263851416
2010-05-30,0.05082992172445721
2010-05-31,0.057305806549178114
2010-06-01,0.025926847481761543
2010-06-02,0.07653243278999883
2010-06-03,0.07010822030964863
2010-06-04,0.02256477169424262
2010-06-05,0.0773166457757975
2010-06-06,0.04383371261580306
2010-06-07,0.03443016869763303
2010-06-08,0.07158555385493053
2010-06-09,0.04897891174479884
2010-06-10,0.0879837064167374
2010-06-11,0.03294223912226498
2010-06-12,0.015366849520546913
2010-06-13,0.04439123437667717
2010-06-14,0.06578444998120946
2010-06-15,0.03145714028928914
2010-06-16,0.02339799234400242
2010-06-17,0.054578548054055084
2010-06-18,0.020726255796649672
2010-06-19,0.05613385399226828
2010-06-20,0.04318753897543646
2010-06-21,0.05988932976704747
2010-06-22,0.022323423921507966
2010-06-23,0.07596326302887808
2010-06-24,0.0463393103001262
2010-06-25,0.06527045335809646
2010-06-26,0.06919750922569778
2010-06-27,0.026851100952680885
2010-06-28,0.06764515019216152
2010-06-29,0.02149866449711349
2010-06-30,0.022597245144802144
2010-07-01,0.0892799847197687
2010-07-02,0.0722370673759325
2010-07-03,0.0914732835086751
2010-07-04,0.04259571938784179
2010-07-05,0.05204857328156018
2010-07-06,0.06054709493504727
2010-07-07,0.04975608866812212
2010-07-08,0.035077279586081915
2010-07-09,0.03207830604239902
2010-07-10,0.054277244656578995
2010-07-11,0.028662803166753903
2010-07-12,0.02810273015266295
2010-07-13,0.05787144022309186
2010-07-14,0.0480968129702877
2010-07-15,0.06874412541163372
2010-07-16,0.041501771798343155
2010-07-17,0.03837488100048929
2010-07-18,0.05847106792070943
2010-07-19,0.033759502508923456
2010-07-20,0.0368374454888663
2010-07-21,0.03763091219241171
2010-07-22,0.04580595787408895
2010-07-23,0.08544873086591806
2010-07-24,0.022464223500856858
2010-07-25,0.07591015164234918
2010-07-26,0.06475573512579834
2010-07-27,0.08133957694739985
2010-07-28,0.11273372096644546
2010-07-29,0.07862906041575711
2010-07-30,0.06851333895815723
2010-07-31,0.023750072967499654
2010-08-01,0.02627555476977915
2010-08-02,0.05720380368730443
2010-08-03,0.016038477041608712
2010-08-04,0.06230878502582439
2010-08-05,0.007301562184779772
2010-08-06,0.07304466771129231
2010-08-07,0.04356599376132803
2010-08-08,0.05253193890940378
2010-08-09,0.03503255407159035
2010-08-10,0.012029471795548558
2010-08-11,0.07469390558388524
2010-08-12,0.07671402789909429
2010-08-13,0.042970244695926044
2010-08-14,0.06323859129468015
2010-08-15,0.04218217159579192
2010-08-16,0.05576979688532493
2010-08-17,0.0651827839784022
2010-08-18,0.06110169849147747
2010-08-19,0.0768193922681869
2010-08-20,0.06037761351410671
2010-08-21,0.05056169234077191
2010-08-22,0.03477162064245156
2010-08-23,0.040429892393521585
2010-08-24,0.06620102793450033
2010-08-25,0.01996346962171763
2010-08-26,0.07211614606825593
2010-08-27,0.04437712547970934
2010-08-28,0.033627881911842204
2010-08-29,0.028025516464370657
2010-08-30,0.06348735571296775
2010-08-31,0.04970717292393364
2010-09-01,0.08177530446459641
2010-09-02,0.02473848698948158
2010-09-03,0.03843672753876275
2010-09-04,0.04815557683745174
2010-09-05,0.03496286512060132
2010-09-06,0.050122373282836065
2010-09-07,0.05639001532831038
2010-09-08,0.0596896847825948
2010-09-09,0.08012334261768922
2010-09-10,0.023930551424368392
2010-09-11,0.056755206398706216
2010-09-12,0.037061143608236674
2010-09-13,0.0586002676004717
2010-09-14,0.058626643727060945
2010-09-15,0.030261612335353377
2010-09-16,0.03197695314731825
2010-09-17,0.0602328612693915
2010-09-18,0.05046809021488261
2010-09-19,0.04560756318536792
2010-09-20,0.06315973659549948
2010-09-21,0.06463436951724263
2010-09-22,0.039407397745965946
2010-09-23,0.03295893724715
2010-09-24,0.02476162046324716
2010-09-25,0.0506690824040297
2010-09-26,0.021536794457028708
2010-09-27,0.05198856916458068
2010-09-28,0.07433673582848879
2010-09-29,0.04293080459427432
2010-09-30,0.039275914389196726
2010-10-01,0.0899568954725429
2010-10-02,0.08019403638375291
2010-10-03,0.03470804258889172
2010-10-04,0.052780263621179505
2010-10-05,0.05657356484696165
2010-10-06,0.05407320845452357
2010-10-07,0.08629346895425576
2010-10-08,0.05174459784838841
2010-10-09,0.054744697512620344
2010-10-10,0.06377324590292832
2010-10-11,0.07379839432095335
2010-10-12,0.06873798388608213
2010-10-13,0.06076169572623279
2010-10-14,0.018826003892121836
2010-10-15,0.04023724551883148
2010-10-16,0.06638842414410542
2010-10-17,0.05500797394558611
2010-10-18,0.06652257267645904
2010-10-19,0.08774332123342496
2010-10-20,0.026460735898813516
2010-10-21,0.07275820349609168
2010-10-22,0.04339273075012738
2010-10-23,0.06870699638549464
2010-10-24,0.04917558513263765
2010-10-25,0.0925400907778599
2010-10-26,0.05260173872523476
2010-10-27,0.037189715512880396
2010-10-28,0.05839749245583536
2010-10-29,0.0564788556143654
2010-10-30,0.07276194188220896
2010-10-31,0.05896105597209851
2010-11-01,0.09950129278338607
2010-11-02,0.047771917291954555
2010-11-03,0.04800760100439053
2010-11-04,0.037922278998938914
2010-11-05,0.051713366767083546
2010-11-06,0.05462118242165909
2010-11-07,0.055624210599117554
2010-11-08,0.051343753509879984
2010-11-09,0.03780357566545403
2010-11-10,0.032366697438352895
2010-11-11,0.042496525503288876
2010-11-12,0.07283075320470228
2010-11-13,0.07713599370982958
2010-11-14,0.0484607092711913
2010-11-15,0.03116834067065151
2010-11-16,0.04837652779366418
2010-11-17,0.0918333087054016
2010-11-18,0.06997935670633242
2010-11-19,0.06101485383065095
2010-11-20,0.06925369834105138
2010-11-21,0.08081133222682627
2010-11-22,0.02694267596905761
2010-11-23,0.042159202626057546
2010-11-24,0.03942556734326369
2010-11-25,0.06174228794141967
2010-11-26,0.05320221781279195
2010-11-27,0.06512622581378816
2010-11-28,0.03986225300265555
2010-11-29,0.07743904101358312
2010-11-30,0.048613325837013964
2010-12-01,0.06389091103916367
2010-12-02,0.0739081299784588
2010-12-03,0.07230248630989937
2010-12-04,0.057216568168035935
2010-12-05,0.06638693812765091
2010-12-06,0.08483321327944573
2010-12-07,0.06027202467949392
2010-12-08,0.0354070719587684
2010-12-09,0.061661014619277706
2010-12-10,0.049254375639608196
2010-12-11,0.0030399773119131196
2010-12-12,0.059239960474061854
2010-12-13,0.052333013000312144
2010-12-14,0.07312835542994878
2010-12-15,0.034998126850233874
2010-12-16,0.01988580675241385
2010-12-17,0.05337361718821019
2010-12-18,0.05760354775210893
2010-12-19,0.051876658907711384
2010-12-20,0.050414173673708075
2010-12-21,0.028625460915873473
2010-12-22,0.04722165726050154
2010-12-23,0.0430318834099117
2010-12-24,0.0714541748153488
2010-12-25,0.057586507280612285
2010-12-26,0.0444400575650961
2010-12-27,0.08447769752845533
2010-12-28,0.04462184647569982
2010-12-29,0.06115573447772327
2010-12-30,0.046661573328214356
2010-12-31,0.08262305030056008
2011-01-01,0.051737195516272226
2011-01-02,0.05232828455781348
2011-01-03,0.04720259282454573
2011-01-04,0.0539302385200243
2011-01-05,0.07399075677295819
2011-01-06,0.06691687689369376
2011-01-07,0.050561523622323426
2011-01-08,0.08402650212913308
2011-01-09,0.06745971282685138
2011-01-10,0.04123637761605302
2011-01-11,0.02239303292532124
2011-01-12,0.0416997239640686
2011-01-13,0.05826697557100506
2011-01-14,0.06194400741262854
2011-01-15,0.07718275366604038
2011-01-16,0.02810908049762
2011-01-17,0.04121689332106379
2011-01-18,0.02644714660250974
2011-01-19,0.02322401576841109
2011-01-20,0.03744362508093363
2011-01-21,0.05733224488588042
2011-01-22,0.06542788869780633
2011-01-23,0.03103291786756651
2011-01-24,0.033814481612255205
2011-01-25,0.014403536493531321
2011-01-26,0.054287044165539915
2011-01-27,0.03535722196058524
2011-01-28,0.08326062756423695
2011-01-29,0.0581961759929919
2011-01-30,0.0465710851308645
2011-01-31,0.03717775144911095
2011-02-01,0.02010659559611542
2011-02-02,0.022642564461091384
2011-02-03,0.03755718090855731
2011-02-04,0.036021942359513906
2011-02-05,0.030016563143080117
2011-02-06,0.057541894548846895
2011-02-07,0.060285311848297184
2011-02-08,0.04082735205396544
2011-02-09,0.08870304536530635
2011-02-10,0.01506541266967816
2011-02-11,0.05116327797944527
2011-02-12,0.0456283959182415
2011-02-13,0.03898598236065487
2011-02-14,0.03604674307973882
2011-02-15,0.049860802341752844
2011-02-16,0.045489443453565426
2011-02-17,0.04216246945774881
2011-02-18,0.024025607300212512
2011-02-19,0.017637763643790022
2011-02-20,0.0442296704960887
2011-02-21,0.0419580779100694
2011-02-22,0.04605926279446345
2011-02-23,0.04782756404220983
2011-02-24,0.039549953162343644
2011-02-25,0.045751851523635895
2011-02-26,0.03292943383793011
2011-02-27,0.08047891618326566
2011-02-28,0.034005197037000626
2011-03-01,0.04258038581069319
2011-03-02,0.03552422421772239
2011-03-03,0.035188369195901945
2011-03-04,0.05049283133275893
2011-03-05,0.04795531580233976
2011-03-06,0.040810792192495796
2011-03-07,0.04433048016891377
2011-03-08,0.03560372898013459
2011-03-09,0.05803451275452321
2011-03-10,0.09110385485181427
2011-03-11,0.03250317445533564
2011-03-12,0.0578792644746921
2011-03-13,0.050898979140414205
2011-03-14,0.0633725951626518
2011-03-15,0.06393585920992144
2011-03-16,0.054108253944373214
2011-03-17,0.049203588477698006
2011-03-18,0.04131099600703107
2011-03-19,0.034700792937827296
2011-03-20,0.048063086780964305
2011-03-21,0.024308223371646395
2011-03-22,0.03812288019765063
2011-03-23,0.07213707248945138
2011-03-24,0.05197024442159383
2011-03-25,0.06785328837871099
2011-03-26,0.07939287773316848
2011-03-27,0.04645941088170366
2011-03-28,0.05414651668387283
2011-03-29,0.04396308211694489
2011-03-30,0.033747884790487875
2011-03-31,0.030940634813351908
2011-04-01,0.06686300745192983
2011-04-02,0.05417254560971296
2011-04-03,0.08693206144162106
2011-04-04,0.06944104025847782
2011-04-05,0.035375740209272644
2011-04-06,0.06680684360453543
2011-04-07,0.043898489217954896
2011-04-08,0.07433719418258003
2011-04-09,0.0402733224551396
2011-04-10,0.028951480795146554
2011-04-11,0.034084898458771815
2011-04-12,0.03510670195170173
2011-04-13,0.033194964707626715
2011-04-14,0.038547834487897864
2011-04-15,0.06713383740650475
2011-04-16,0.08592088416532369
2011-04-17,0.023396209688929928
2011-04-18,0.075270260856663
2011-04-19,0.04044592568051143
2011-04-20,0.05695765062404468
2011-04-21,0.016917079388534054
2011-04-22,0.06048070034689712
2011-04-23,0.009893752063678748
2011-04-24,0.05627870144620331
2011-04-25,0.05514512094058673
2011-04-26,0.05382015268590935
2011-04-27,0.03530179698734141
2011-04-28,0.060990533488592874
2011-04-29,0.05782163018833435
2011-04-30,0.04580094432717761
2011-05-01,0.06343700614350388
2011-05-02,0.048087917068689895
2011-05-03,0.06057554317817524
2011-05-04,0.0474824134521182
2011-05-05,0.054334039822190816
2011-05-06,0.06149445882150524
2011-05-07,0.042041748527639304
2011-05-08,0.025323268274916096
2011-05-09,0.055521580110963094
2011-05-10,0.0737878275722586
2011-05-11,0.05598301945914892
2011-05-12,0.05636284629392746
2011-05-13,0.049156477870067196
2011-05-14,0.06478237305546403
2011-05-15,0.04628129167724126
2011-05-16,0.04092202437746277
2011-05-17,0.07210596505749732
2011-05-18,0.039389233634146356
2011-05-19,0.06778941892903498
2011-05-20,0.07211870923915419
2011-05-21,0.06133633864124122
2011-05-22,0.02501528960854735
2011-05-23,0.05054309818444996
2011-05-24,0.04596000005882766
2011-05-25,0.040080014893293735
2011-05-26,0.05285503174692855
2011-05-27,0.06538412694995097
2011-05-28,0.04082894679737603
2011-05-29,0.04657234651452651
2011-05-30,0.04517882132336025
2011-05-31,0.07327742091088624
2011-06-01,0.044857987643788275
2011-06-02,0.025311886844765093
2011-06-03,0.018531303220189727
2011-06-04,0.057254591331319396
2011-06-05,0.03478636520228196
2011-06-06,0.06337449010544957
2011-06-07,0.023375600229857373
2011-06-08,0.03922175666778785
2011-06-09,0.02338862300959704
2011-06-10,0.05869221431097847
2011-06-11,0.06297695081249301
2011-06-12,0.05677250315273201
2011-06-13,0.028281273591923145
2011-06-14,0.03508472511778668
2011-06-15,0.05468627977223108
2011-06-16,0.01624517183751272
2011-06-17,0.04517730111224194
2011-06-18,0.08033810706671762
2011-06-19,0.046400889016392506
2011-06-20,0.020229107219360973
2011-06-21,0.03785181504647729
2011-06-22,0.037386153486448484
2011-06-23,0.09280617559673122
2011-06-24,0.08331358161027791
2011-06-25,0.06461870868203157
2011-06-26,0.04313848138517204
2011-06-27,0.07401259321959447
2011-06-28,0.02733080721899083
2011-06-29,0.0715315063048852
2011-06-30,0.06855947074840088
2011-07-01,0.04697308530701439
2011-07-02,0.07278372626701544
2011-07-03,0.04105557741072301
2011-07-04,0.02469828803803533
2011-07-05,0.06955930025999843
2011-07-06,0.04829514141721082
2011-07-07,0.062035612065973356
2011-07-08,0.08641773183118812
2011-07-09,0.035554918552074065
2011-07-10,0.047132409903200494
2011-07-11,0.08139269009155428
2011-07-12,0.06337463461710567
2011-07-13,0.036004345115908075
2011-07-14,0.03089964592921043
2011-07-15,0.03943838719793309
2011-07-16,0.03523170590394244
2011-07-17,0.05474696238979062
2011-07-18,0.051568690143951997
2011-07-19,0.05558475508550703
2011-07-20,0.03318374396880436
2011-07-21,0.0485833218494949
2011-07-22,0.008886004520875672
2011-07-23,0.05290012634722733
2011-07-24,0.07350881289911732
2011-07-25,0.021505081813076397
2011-07-26,0.059668564612949226
2011-07-27,0.03777971296478874
2011-07-28,0.0660500230738674
2011-07-29,0.053172949024245575
2011-07-30,0.05809408225320882
2011-07-31,0.05129647797510881
2011-08-01,0.07656663612768706
2011-08-02,0.05694820955390205
2011-08-03,0.03589152571995098
2011-08-04,0.05197430104642008
2011-08-05,0.04262237914067901
2011-08-06,0.053247998130391785
2011-08-07,0.04160460575266375
2011-08-08,0.03646378528907371
2011-08-09,0.05398544425496892
2011-08-10,0.05111579257233108
2011-08-11,0.07127911690091696
2011-08-12,0.041700882417343745
2011-08-13,0.010382923050093855
2011-08-14,0.04272258403073374
2011-08-15,0.017471384821668462
2011-08-16,0.058313439481931524
2011-08-17,0.01652204143302425
2011-08-18,0.030232578751717972
2011-08-19,0.04275331083450274
2011-08-20,0.0808790120952229
2011-08-21,0.02854219768570165
2011-08-22,0.05024809966293173
2011-08-23,0.061599531539145186
2011-08-24,0.07968121106441395
2011-08-25,0.0655558950344282
2011-08-26,0.07187813903264931
2011-08-27,0.06728614117703083
2011-08-28,0.02581754057207722
2011-08-29,0.057193842086340936
2011-08-30,0.06697321904344446
2011-08-31,0.030869994206519605
2011-09-01,0.03840480246551955
2011-09-02,0.03393615409745888
2011-09-03,0.06545245971936067
2011-09-04,0.048614377593417364
2011-09-05,0.04358308211329806
2011-09-06,0.024366601666940248
2011-09-07,0.048652114936124154
2011-09-08,0.03864823290030502
2011-09-09,0.05486679130528325
2011-09-10,0.027140656027090985
2011-09-11,0.05355812519012401
2011-09-12,0.04122098459002359
2011-09-13,0.02501406148529707
2011-09-14,0.023454319242437068
2011-09-15,0.02645959223954612
2011-09-16,0.04587201885118916
2011-09-17,0.05241990868727001
2011-09-18,0.055396472647543625
2011-09-19,0.056151058354568954
2011-09-20,0.034829534780416
2011-09-21,0.07116805816190351
2011-09-22,0.041155489479836944
2011-09-23,0.05900299520119465
2011-09-24,0.04671689133012367
2011-09-25,0.05751242463406083
2011-09-26,0.04571343867710173
2011-09-27,0.05787269753149133
2011-09-28,0.04985222260239353
2011-09-29,0.06627681141301378
2011-09-30,0.03362629913577604
2011-10-01,0.014602173282188435
2011-10-02,0.03053285161131807
2011-10-03,0.07137836830476069
2011-10-04,0.046908823602245214
2011-10-05,0.05184124591093125
2011-10-06,0.02892726771907226
2011-10-07,0.05131107450300557
2011-10-08,0.029543747118546074
2011-10-09,0.0324843744989449
2011-10-10,0.041950326343522394
2011-10-11,0.05890194515684291
2011-10-12,0.06103695161285021
2011-10-13,0.06158089795875674
2011-10-14,0.018238317699112522
2011-10-15,0.04986670999219477
2011-10-16,0.04606436333234528
2011-10-17,0.01935635167837089
2011-10-18,0.050319675334443974
2011-10-19,0.04499145565126478
2011-10-20,0.06023051344235775
2011-10-21,0.051624941524796054
2011-10-22,0.03901358939433494
2011-10-23,0.06851524900913955
2011-10-24,0.005575329984497515
2011-10-25,0.0487146974314078
2011-10-26,0.014734981360161284
2011-10-27,0.0317561345758776
2011-10-28,0.060496274060187
2011-10-29,0.024516050391183944
2011-10-30,0.02152564362592131
2011-10-31,0.09763889966831249
2011-11-01,0.02281421897159671
2011-11-02,0.08301041806175946
2011-11-03,0.046555956708414795
2011-11-04,0.0395034175712205
2011-11-05,0.0613357278117641
2011-11-06,0.07673188151088998
2011-11-07,0.027078641157833434
2011-11-08,0.03979500420542939
2011-11-09,0.06693739469368505
2011-11-10,0.05575988624854
2011-11-11,0.07203835661282765
2011-11-12,0.06030223908863559
2011-11-13,0.08616448018298296
2011-11-14,0.05357177197667301
2011-11-15,0.05443622296661924
2011-11-16,0.05643442744031598
2011-11-17,0.04715022296546884
2011-11-18,0.0669617431760185
2011-11-19,0.05474082447726052
2011-11-20,0.06576360018290288
2011-11-21,0.06888999707248321
2011-11-22,0.05856909363120655
2011-11-23,0.06003432648468394
2011-11-24,0.029793404248069328
2011-11-25,0.03899292824360358
2011-11-26,0.06686766905981463
2011-11-27,0.07847262363637027
2011-11-28,0.0111913954898328
2011-11-29,0.038642737054971704
2011-11-30,0.050472412048293
2011-12-01,0.032414510758386444
2011-12-02,0.03354960711636634
2011-12-03,0.0594983974758761
2011-12-04,0.08162751938342867
2011-12-05,0.009363528873557181
2011-12-06,0.046590477020366075
2011-12-07,0.05926560683580776
2011-12-08,0.06560427944400483
2011-12-09,0.05638254686138077
2011-12-10,0.0852280509987223
2011-12-11,0.050578131866515885
2011-12-12,0.07623985580784196
2011-12-13,0.03707264659308062
2011-12-14,0.051159658931777
2011-12-15,0.025745698484022986
2011-12-16,0.06801728881097989
2011-12-17,0.047591142747176476
2011-12-18,0.057156421250397965
2011-12-19,0.043732627374298526
2011-12-20,0.06172857003318032
2011-12-21,0.057948679477115045
2011-12-22,0.030106971400575874
2011-12-23,0.03126465134833979
2011-12-24,0.049444625393172965
2011-12-25,0.06319147914813315
2011-12-26,0.08725791106227695
2011-12-27,0.05605981713331458
2011-12-28,0.0701506280497708
2011-12-29,0.017742981304716632
2011-12-30,0.09025911698867965
2011-12-31,0.062113724222583856
2012-01-01,0.049007909776824406
2012-01-02,0.046706079050841495
2012-01-03,0.027856004042820036
2012-01-04,0.033574264085596585
2012-01-05,0.08820871264266827
2012-01-06,0.03021991123427975
2012-01-07,0.029834644842673102
2012-01-08,0.03595559027848842
2012-01-09,0.026036384940774548
2012-01-10,0.050306131496910204
2012-01-11,0.07177821025330478
2012-01-12,0.03779015347455933
2012-01-13,0.022533514404783576
2012-01-14,0.05583722626029308
2012-01-15,0.04888451324640374
2012-01-16,0.0700544910016325
2012-01-17,0.040909834013954594
2012-01-18,0.0447968644074665
2012-01-19,0.04700939270913462
2012-01-20,0.051780082211069646
2012-01-21,0.04214876645284821
2012-01-22,0.038907117839079824
2012-01-23,0.012992446302363174
2012-01-24,0.038692255817597665
2012-01-25,0.06430446536163505
2012-01-26,0.06700491038737771
2012-01-27,0.04057773952817399
2012-01-28,0.07598971996363524
2012-01-29,0.049425918565992905
2012-01-30,0.023243072563681043
2012-01-31,0.01695231887091489
2012-02-01,0.07436515845239453
2012-02-02,0.04253992549477853
2012-02-03,0.02571870953854842
2012-02-04,0.004814476571289306
2012-02-05,0.042085677782497145
2012-02-06,0.058095017179927225
2012-02-07,0.036046177119075914
2012-02-08,0.028935096797322573
2012-02-09,0.039012484627865454
2012-02-10,0.07486384038289712
2012-02-11,0.02214036764649619
2012-02-12,0.037165979391549656
2012-02-13,0.07421515479235181
2012-02-14,0.05988352578847507
2012-02-15,0.05358255627557913
2012-02-16,0.03703107729167503
2012-02-17,0.05061009629000856
2012-02-18,0.03924341863093399
2012-02-19,0.032812277378584984
2012-02-20,0.0283988504939652
2012-02-21,0.06568191192744997
2012-02-22,0.04879187735567729
2012-02-23,0.056290274876053925
2012-02-24,0.05303346371602807
2012-02-25,0.05881837655616719
2012-02-26,0.044905624200282164
2012-02-27,0.04036685097890852
2012-02-28,0.03369439341217756
2012-02-29,0.02172061733185773
2012-03-01,0.027559336587541672
2012-03-02,0.04269164557799557
2012-03-03,0.017939210311290435
2012-03-04,0.0223542819172794
2012-03-05,0.07084279785270356
2012-03-06,0.054483589697075854
2012-03-07,0.04096326543592959
2012-03-08,0.09543148917809122
2012-03-09,0.017035005625739424
2012-03-10,0.06951222552923644
2012-03-11,0.047770678344411684
2012-03-12,0.06570094045825624
2012-03-13,0.052179074345416146
2012-03-14,0.012555098755094848
2012-03-15,0.05190920935117657
2012-03-16,0.05671111709279196
2012-03-17,0.006160294029511723
2012-03-18,0.08888096587603797
2012-03-19,0.05622415188345545
2012-03-20,0.06343975480272991
2012-03-21,0.02668941220847377
2012-03-22,0.06381235044291236
2012-03-23,0.07179008919126112
2012-03-24,0.05507136456275692
2012-03-25,0.049812568829584715
2012-03-26,0.03212823750203167
2012-03-27,0.04567586164433349
2012-03-28,0.0397594097148144
2012-03-29,0.06143991274785369
2012-03-30,0.03300248149765195
2012-03-31,0.06129301443007115
2012-04-01,0.033220288745406876
2012-04-02,0.04475294891679964
2012-04-03,0.062320887940256336
2012-04-04,0.03592406560027912
2012-04-05,0.06301072977955204
2012-04-06,0.06105988315342736
2012-04-07,0.044580986532461134
2012-04-08,0.07323566402711579
2012-04-09,0.051555686839542286
2012-04-10,0.07204553053170701
2012-04-11,0.08586929849754357
2012-04-12,0.04517397956597377
2012-04-13,0.06289909968054794
2012-04-14,0.03724864149354249
2012-04-15,0.02934371180983604
2012-04-16,0.04609080685227143
2012-04-17,0.022747994405010744
2012-04-18,0.031247844407053804
2012-04-19,0.06182865198642136
2012-04-20,0.039727019691023234
2012-04-21,0.06421028174243723
2012-04-22,0.055988238760349744
2012-04-23,0.0870230812403823
2012-04-24,0.06048674571152092
2012-04-25,0.07228436140558629
2012-04-26,0.05803769326255093
2012-04-27,0.05622787002156145
2012-04-28,0.07329466084226631
2012-04-29,0.0633759493173053
2012-04-30,0.054201272259148565
2012-05-01,0.05411309331859436
2012-05-02,0.060764586236608326
2012-05-03,0.036572529610802304
2012-05-04,0.03572401067722604
2012-05-05,0.07850811864745864
2012-05-06,0.08728827327719996
2012-05-07,0.03142235083179669
2012-05-08,0.036620111351205915
2012-05-09,0.0728504563900829
2012-05-10,0.06067039986284793
2012-05-11,0.06352856210641844
2012-05-12,0.06793202589706114
2012-05-13,0.04518535676511849
2012-05-14,0.056599398499803735
2012-05-15,0.05504384301396185
2012-05-16,0.032830167995090795
2012-05-17,0.05630181886431408
2012-05-18,0.07475421392299336
2012-05-19,0.043317335223132775
2012-05-20,0.053051384974818684
2012-05-21,0.05413417832021712
2012-05-22,0.04430670899129459
2012-05-23,0.06353802475388716
2012-05-24,0.036398687374900256
2012-05-25,0.07665291037391869
2012-05-26,0.06252411123264491
2012-05-27,0.031264627986542115
2012-05-28,0.08396019369772506
2012-05-29,0.05336202922523191
2012-05-30,0.03554104965529897
2012-05-31,0.07209109049982383
2012-06-01,0.0598934303889605
2012-06-02,0.01456080591531924
2012-06-03,0.03948679365512293
2012-06-04,0.05558194674443088
2012-06-05,0.0068086664471468245
2012-06-06,0.05170140170774788
2012-06-07,0.0531595874541052
2012-06-08,0.026330162352483553
2012-06-09,0.05541289772519927
2012-06-10,0.050149276782500675
2012-06-11,0.02617411788229971
2012-06-12,0.0683912109372565
2012-06-13,0.06675707589535611
2012-06-14,0.044205258262952775
2012-06-15,0.046028373532163526
2012-06-16,0.06452527875190692
2012-06-17,0.04598673713776387
2012-06-18,0.011381835989596911
2012-06-19,0.05973873114799855
2012-06-20,0.03373481358522984
2012-06-21,0.042203138911648126
2012-06-22,0.07915741135902953
2012-06-23,0.04732043051982404
2012-06-24,0.05003469871747747
2012-06-25,0.06019334550927195
2012-06-26,0.06010667887748065
2012-06-27,0.03161604465244433
2012-06-28,0.04879402968931251
2012-06-29,0.050723050558516544
2012-06-30,0.05544053793257654
2012-07-01,0.055784438818332394
2012-07-02,0.10174882457554915
2012-07-03,0.02648280458825511
2012-07-04,0.06960183240395913
2012-07-05,0.07366751611666118
2012-07-06,0.05985567947847055
2012-07-07,0.03699369210253851
2012-07-08,0.08329336060535253
2012-07-09,0.00616034270519604
2012-07-10,0.03633466605564348
2012-07-11,0.07343364394445623
2012-07-12,0.042597767931549645
2012-07-13,0.08192929049600373
2012-07-14,0.019763905106431993
2012-07-15,0.027757962121039842
2012-07-16,0.039367236597460505
2012-07-17,0.05834798555073058
2012-07-18,0.045559596992399545
2012-07-19,0.04019201494875158
2012-07-20,0.07840792862197049
2012-07-21,0.08026889950778301
2012-07-22,0.04171240468584889
2012-07-23,0.015804643853406755
2012-07-24,0.006850323416252406
2012-07-25,0.05478580229560713
2012-07-26,0.06311911244437596
2012-07-27,0.051259955711570916
2012-07-28,0.04858183785838483
2012-07-29,0.03390914770611835
2012-07-30,0.06309959587827677
2012-07-31,0.08356370757797821
2012-08-01,0.005662446453288887
2012-08-02,0.0484499762242457
2012-08-03,0.030593033011727996
2012-08-04,0.02019068011892297
2012-08-05,0.02740048258431168
2012-08-06,0.057593457113688094
2012-08-07,0.05809924395182332
2012-08-08,0.079205755223496
2012-08-09,0.05017563094290923
2012-08-10,0.014835567402608434
2012-08-11,0.04523660915248057
2012-08-12,0.022272418555684327
2012-08-13,0.025864082271559903
2012-08-14,0.061611181168129914
2012-08-15,0.0538836181118884
2012-08-16,0.06175131190870661
2012-08-17,0.04285014305456544
2012-08-18,0.06581059126850712
2012-08-19,0.04173194203419778
2012-08-20,0.07233365665484495
2012-08-21,0.05689277878943085
2012-08-22,0.04586006259030765
2012-08-23,0.05424186088352194
2012-08-24,0.04964278598050165
2012-08-25,0.08192213030625847
2012-08-26,0.05490875245157578
2012-08-27,0.04996774655210983
2012-08-28,0.04523018285898402
2012-08-29,0.06686368438490023
2012-08-30,0.0641582667810701
2012-08-31,0.04452316739374744
2012-09-01,0.026887169707543828
2012-09-02,0.031960637232432934
2012-09-03,0.04631674920915608
2012-09-04,0.07697855012238167
2012-09-05,0.044996467415061726
2012-09-06,0.038117527800688715
2012-09-07,0.014785613735027077
2012-09-08,0.08027082871204594
2012-09-09,0.061380562919629206
2012-09-10,0.06592019940011716
2012-09-11,0.0692337610385875
2012-09-12,0.04670539542482074
2012-09-13,0.05169181267495071
2012-09-14,0.07977203883903988
2012-09-15,0.053591617786382745
2012-09-16,0.061750505801279894
2012-09-17,0.06741101434401023
2012-09-18,0.06285862664845288
2012-09-19,0.04743661659467013
2012-09-20,0.04932232314372161
2012-09-21,0.06555280875951884
2012-09-22,0.06552005719869453
2012-09-23,0.07336465198038924
2012-09-24,0.061021939666196776
2012-09-25,0.0619321122718411
2012-09-26,0.041075332664311064
2012-09-27,0.03837700977856197
2012-09-28,0.06561261348702989
2012-09-29,0.0385162986396725
2012-09-30,0.04958597993766276
2012-10-01,0.07758046481942582
2012-10-02,0.07441140584690178
2012-10-03,0.05603577661594368
2012-10-04,0.044077208403325796
2012-10-05,0.04753242179312991
2012-10-06,0.06735320282111229
2012-10-07,0.04927001445107669
2012-10-08,0.03883435213979472
2012-10-09,0.07431549512815948
2012-10-10,0.053632002782585626
2012-10-11,0.03845488358016508
2012-10-12,0.05957880377865262
2012-10-13,0.06942436826385016
2012-10-14,0.029846538704244793
2012-10-15,0.04599092173294131
2012-10-16,0.04506633264823176
2012-10-17,0.05904574331566953
2012-10-18,0.06264016645719717
2012-10-19,0.038970521774410294
2012-10-20,0.020144976481879504
2012-10-21,0.07063597509198802
2012-10-22,0.027601094588455746
2012-10-23,0.05542368410087755
2012-10-24,0.04736038202538636
2012-10-25,0.05324887810408151
2012-10-26,0.08302467943413716
2012-10-27,0.11076563227243658
2012-10-28,0.01733125177202783
2012-10-29,0.06967812310665847
2012-10-30,0.04687504454644708
2012-10-31,0.07095709027425105
2012-11-01,0.06914526152358327
2012-11-02,0.07819489614396327
2012-11-03,0.055699298303253944
2012-11-04,0.03220847030089953
2012-11-05,0.06855298977419241
2012-11-06,0.05235995152288129
2012-11-07,0.04532313569731735
2012-11-08,0.04047552238590076
2012-11-09,0.07012671138210258
2012-11-10,0.08206738984014755
2012-11-11,0.026092948826007316
2012-11-12,0.062439044849578615
2012-11-13,0.042552256291547096
2012-11-14,0.02065455203615773
2012-11-15,0.05295411641526017
2012-11-16,0.03333724439620879
2012-11-17,0.01844493544399605
2012-11-18,0.03436519055550931
2012-11-19,0.02944452164172293
2012-11-20,0.03706626293873218
2012-11-21,0.023482318460926223
2012-11-22,0.04209719782747572
2012-11-23,0.035735017438320554
2012-11-24,0.05751227754291315
2012-11-25,0.06187077972796631
2012-11-26,0.05520297153556884
2012-11-27,0.04529111084252982
2012-11-28,0.04475144808615371
2012-11-29,0.033258500251772696
2012-11-30,0.033740106811801264
2012-12-01,0.06407207736157472
2012-12-02,0.014805948026990721
2012-12-03,0.048385501233741156
2012-12-04,0.04352941876877598
2012-12-05,0.061982642027497856
2012-12-06,0.02149976033155299
2012-12-07,0.050249614109718795
2012-12-08,0.05685968682718214
2012-12-09,0.011905375627520108
2012-12-10,0.028513440542765257
2012-12-11,0.04816420306374418
2012-12-12,0.060282938152686094
2012-12-13,0.053649986222254004
2012-12-14,0.06120908505899615
2012-12-15,0.028412549747186912
2012-12-16,0.01822499300543947
2012-12-17,0.05169011611513579
2012-12-18,0.025412935235717707
2012-12-19,0.032693553479043944
2012-12-20,0.06864556709652747
2012-12-21,0.05378199113533703
2012-12-22,0.038637101894891716
2012-12-23,0.036039369907180735
2012-12-24,0.0624184311377833
2012-12-25,0.05423941871299967
2012-12-26,0.025708867153546183
2012-12-27,0.011043525337981051
2012-12-28,0.087636036652803
2012-12-29,0.025550415493648847
2012-12-30,0.06055393006600246
2012-12-31,0.08021385864676349
2013-01-01,0.052951951376663114
2013-01-02,0.03799126647065591
2013-01-03,0.021479019166085758
2013-01-04,0.021199789273599393
2013-01-05,0.057533896973527725
2013-01-06,0.07901952645899969
2013-01-07,0.04209081806590942
2013-01-08,0.03888559075701272
2013-01-09,0.06394962181622374
2013-01-10,0.036281054921905066
2013-01-11,0.05548965815256843
2013-01-12,0.050836029001710255
2013-01-13,0.04181063882843889
2013-01-14,0.04968923682526959
2013-01-15,0.08526304229299958
2013-01-16,0.062090658882019124
2013-01-17,0.07185001608511957
2013-01-18,0.031626112781598784
2013-01-19,0.0719187229521515
2013-01-20,0.0627804095093797
2013-01-21,0.02000807806881265
2013-01-22,0.060795814667421996
2013-01-23,0.039734517264106456
2013-01-24,0.019083926473487677
2013-01-25,0.05259551464655239
2013-01-26,0.0607808518212522
2013-01-27,0.05303216137289126
2013-01-28,0.047817228303084894
2013-01-29,0.04338829323083336
2013-01-30,0.09933176018683113
2013-01-31,0.026348612229427085
2013-02-01,0.06745843964714407
2013-02-02,0.05030845941777968
2013-02-03,0.03291066987465936
2013-02-04,0.04903201898742842
2013-02-05,0.022141347248227652
2013-02-06,0.03809019186386293
2013-02-07,0.04906131348328789
2013-02-08,0.018977658828017406
2013-02-09,0.06012765076976117
2013-02-10,0.030724779181769357
2013-02-11,0.020965580839728954
2013-02-12,0.028391645283432593
2013-02-13,0.09351908323670974
2013-02-14,0.010438717162623207
2013-02-15,0.05872246177539581
2013-02-16,0.03496727457961427
2013-02-17,0.04299743656964877
2013-02-18,0.06207861857360666
2013-02-19,0.06109637429677841
2013-02-20,0.03638607161676419
2013-02-21,0.02284351986733412
2013-02-22,0.062442819474012784
2013-02-23,0.06104754386018689
2013-02-24,0.04430060982423624
2013-02-25,0.058838887676167566
2013-02-26,0.041083410380489294
2013-02-27,0.033459248699304237
2013-02-28,0.050079243622421506
2013-03-01,0.06038065482183035
2013-03-02,0.056185005391048676
2013-03-03,0.060183253601533454
2013-03-04,0.03478842253421749
2013-03-05,0.08163762249516505
2013-03-06,0.04315238289322751
2013-03-07,0.047621686970468174
2013-03-08,0.023626881815642646
2013-03-09,0.046122896874054325
2013-03-10,0.06064475473703035
2013-03-11,0.0652502122538533
2013-03-12,0.08123881474373565
2013-03-13,0.06040469791650922
2013-03-14,0.05553826391599407
2013-03-15,0.041074097769713616
2013-03-16,0.03676519183533987
2013-03-17,0.06940497029336312
2013-03-18,0.06902140703477817
2013-03-19,0.02845974598302455
2013-03-20,0.06446191774306963
2013-03-21,0.06300767382791685
2013-03-22,0.027723822299716115
2013-03-23,0.06080913609578354
2013-03-24,0.029009070810363854
2013-03-25,0.0014141406465302264
2013-03-26,0.04679795172615901
2013-03-27,0.055156294105099785
2013-03-28,0.047698583902337735
2013-03-29,0.1073421363437595
2013-03-30,0.057577024584699495
2013-03-31,0.05294283638597401
2013-04-01,0.05859182606628182
2013-04-02,0.04117361991199805
2013-04-03,0.06858958124187078
2013-04-04,0.057220038923542035
2013-04-05,0.056303434077849816
2013-04-06,0.03751759554266122
2013-04-07,0.018713393471018136
2013-04-08,0.039972278218454185
2013-04-09,0.05565267712519785
2013-04-10,0.041106010405101076
2013-04-11,0.05583454334134742
2013-04-12,0.045352762462873904
2013-04-13,0.058611589692530476
2013-04-14,0.030463517482493718
2013-04-15,0.05385780023770163
2013-04-16,0.03718091707297206
2013-04-17,0.01923434115738728
2013-04-18,0.0466969175394325
2013-04-19,0.08072635147636094
2013-04-20,0.020828471843080353
2013-04-21,0.05238784500788399
2013-04-22,0.06595154126528449
2013-04-23,0.09600061370288904
2013-04-24,0.04014134035106624
2013-04-25,0.03735998790791374
2013-04-26,0.026666156081214674
2013-04-27,0.07281032669692439
2013-04-28,0.0326517134152185
2013-04-29,0.042588071364493
2013-04-30,0.013021242452574897
2013-05-01,0.06767943685357053
2013-05-02,0.07316516561556052
2013-05-03,0.06691550127168731
2013-05-04,0.017893494372925645
2013-05-05,0.062143020815586134
2013-05-06,0.016546592305519983
2013-05-07,0.05116080604128481
2013-05-08,0.054101551599675946
2013-05-09,0.056203664362165305
2013-05-10,0.06069273065274937
2013-05-11,0.04983932792881456
2013-05-12,0.010751409745428951
2013-05-13,0.060702420175990646
2013-05-14,0.05195216282255496
2013-05-15,0.031947604172575333
2013-05-16,0.01861205157726783
2013-05-17,0.08080044371848717
2013-05-18,0.07462601076581366
2013-05-19,0.0641191481461491
2013-05-20,0.036474001775305936
2013-05-21,0.0
2013-05-22,0.0652935835087047
2013-05-23,0.0573337354771015
2013-05-24,0.04250675381855647
2013-05-25,0.07249612613395753
2013-05-26,0.066959950679257
2013-05-27,0.053521909764616994
2013-05-28,0.05070116835742228
2013-05-29,0.05101935435199363
2013-05-30,0.06359879745669492
2013-05-31,0.03285047306914024
2013-06-01,0.05851966243570074
2013-06-02,0.03158818111060819
2013-06-03,0.07673110343504469
2013-06-04,0.0606425714315047
2013-06-05,0.03623543476722141
2013-06-06,0.051611916480595
2013-06-07,0.03292427239943919
2013-06-08,0.08008225675401592
2013-06-09,0.08245751968942419
2013-06-10,0.06392447365125696
2013-06-11,0.08113313135309155
2013-06-12,0.05303591897745001
2013-06-13,0.06527025134349594
2013-06-14,0.07449449043819512
2013-06-15,0.049885128089681666
2013-06-16,0.0514220771463469
2013-06-17,0.06867313202857796
2013-06-18,0.06292995931191986
2013-06-19,0.03489078559597895
2013-06-20,0.006263412574570623
2013-06-21,0.04648943874805904
2013-06-22,0.008061716415496419
2013-06-23,0.030179653277889035
2013-06-24,0.032514260855992315
2013-06-25,0.03862715378119747
2013-06-26,0.06640876288327083
2013-06-27,0.07075359081460521
2013-06-28,0.06017481439614415
2013-06-29,0.0626501395212361
2013-06-30,0.06312240912737292
2013-07-01,6.340017558151972e-05
2013-07-02,0.05020395364014233
2013-07-03,0.014070825576599902
2013-07-04,0.06018278951343081
2013-07-05,0.008137837053606066
2013-07-06,0.046391229292986016
2013-07-07,0.06095539552039174
2013-07-08,0.02764484103367376
2013-07-09,0.0692343192102644
2013-07-10,0.06013244339903494
2013-07-11,0.057616493916758195
2013-07-12,0.06396003175021064
2013-07-13,0.04281599824466689
2013-07-14,0.053038377275136175
2013-07-15,0.050201031444683984
2013-07-16,0.04974902110767711
2013-07-17,0.03655937846705846
2013-07-18,0.025149357705545886
2013-07-19,0.0432628330142105
2013-07-20,0.04216104185611466
2013-07-21,0.035265380249662207
2013-07-22,0.06704107563620049
2013-07-23,0.026555867642887743
2013-07-24,0.046569816822175175
2013-07-25,0.07332679423122504
2013-07-26,0.06818258705199104
2013-07-27,0.07432587770194565
2013-07-28,0.03818438845251546
2013-07-29,0.06568576251455414
2013-07-30,0.02874059206043737
2013-07-31,0.0444825208836692
2013-08-01,0.04636488378439614
2013-08-02,0.0384831957560398
2013-08-03,0.0427637202383095
2013-08-04,0.04013248145005295
2013-08-05,0.030352123777966093
2013-08-06,0.06712827012011582
2013-08-07,0.04635099994251462
2013-08-08,0.05402873087834572
2013-08-09,0.0532755374238571
2013-08-10,0.051094528502200434
2013-08-11,0.05185609092112858
2013-08-12,0.043891655599379575
2013-08-13,0.07836793737029726
2013-08-14,0.06521489523270718
2013-08-15,0.0503676406554204
2013-08-16,0.041058911280678734
2013-08-17,0.0476235831454184
2013-08-18,0.058352430327434916
2013-08-19,0.07999880185072623
2013-08-20,0.022539049106699113
2013-08-21,0.06319549517283556
2013-08-22,0.07253447273557269
2013-08-23,0.020265630601895367
2013-08-24,0.04637698246537451
2013-08-25,0.028709640538339222
2013-08-26,0.05861059223354069
2013-08-27,0.04283298135288896
2013-08-28,0.047397218662397496
2013-08-29,0.041778883854430515
2013-08-30,0.06440326865536537
2013-08-31,0.05458065921196277
2013-09-01,0.054618535280793114
2013-09-02,0.05321243650162907
2013-09-03,0.061449817609042744
2013-09-04,0.04476056290287354
2013-09-05,0.08401549575081854
2013-09-06,0.025304104975629613
2013-09-07,0.015481631036607026
2013-09-08,0.013826388627828541
2013-09-09,0.008408237614151291
2013-09-10,0.06346339629640504
2013-09-11,0.061027353985652816
2013-09-12,0.07415552983551191
2013-09-13,0.028867235705889564
2013-09-14,0.06490922909491001
2013-09-15,0.05113648124298612
2013-09-16,0.053331729983117186
2013-09-17,0.06251245790699216
2013-09-18,0.03487436497875113
2013-09-19,0.10174498270808975
2013-09-20,0.07663760608550707
2013-09-21,0.03936588092009279
2013-09-22,0.028185238845533044
2013-09-23,0.04824191676390617
2013-09-24,0.05364516887164085
2013-09-25,0.07131230519416622
2013-09-26,0.026625581768633486
2013-09-27,0.055709738863983324
2013-09-28,0.01941969951170422
2013-09-29,0.05872715186822238
2013-09-30,0.04784991559083899
2013-10-01,0.08873359524571527
2013-10-02,0.019079949115606464
2013-10-03,0.0774121676298021
2013-10-04,0.015923373296675633
2013-10-05,0.02345579451186992
2013-10-06,0.0164581088305567
2013-10-07,0.05500705216902108
2013-10-08,0.02652602378492533
2013-10-09,0.02303336989438924
2013-10-10,0.05405535203246761
2013-10-11,0.059035507717493815
2013-10-12,0.05079698608300652
2013-10-13,0.04675561701956894
2013-10-14,0.08657819264874357
2013-10-15,0.05291672532483941
2013-10-16,0.06611382947844499
2013-10-17,0.052858442513799175
2013-10-18,0.028042474234906318
2013-10-19,0.06099775363804034
2013-10-20,0.03688405377060416
2013-10-21,0.04818027723921528
2013-10-22,0.05610805363786853
2013-10-23,0.011171638662267142
2013-10-24,0.017809957522165423
2013-10-25,0.06818918344995127
2013-10-26,0.03672507106802112
2013-10-27,0.03767356021782278
2013-10-28,0.05332876794741641
2013-10-29,0.042286548057562615
2013-10-30,0.058351767632855794
2013-10-31,0.048977564225339124
2013-11-01,0.05397205900360897
2013-11-02,0.03596283219515495
2013-11-03,0.05387189646561856
2013-11-04,0.07210178173670888
2013-11-05,0.03864503567771603
2013-11-06,0.06830636600544303
2013-11-07,0.04896879363354702
2013-11-08,0.06468963311955876
2013-11-09,0.05257542636706222
2013-11-10,0.049331781598041476
2013-11-11,0.05699459364152733
2013-11-12,0.07427195124604498
2013-11-13,0.054721945884301515
2013-11-14,0.059570616618167954
2013-11-15,0.04263030172846598
2013-11-16,0.08141772947990052
2013-11-17,0.06280674221859343
2013-11-18,0.05155416920050013
2013-11-19,0.04754692655490651
2013-11-20,0.06955816538546221
2013-11-21,0.03787591845909481
2013-11-22,0.014342499674573343
2013-11-23,0.05144799198848911
2013-11-24,0.07380009146228687
2013-11-25,0.08182617622369348
2013-11-26,0.047854121131322404
2013-11-27,0.05087175327883567
2013-11-28,0.0603906086503191
2013-11-29,0.0447130116227247
2013-11-30,0.06032811896782298
2013-12-01,0.048291964978634645
2013-12-02,0.0702273651438036
2013-12-03,0.06445961026195647
2013-12-04,0.06620455664604866
2013-12-05,0.04589364710395824
2013-12-06,0.08851854641004522
2013-12-07,0.05967823884758945
2013-12-08,0.054945881069736635
2013-12-09,0.03478114038866057
2013-12-10,0.048058563597028925
2013-12-11,0.05228759521405272
2013-12-12,0.034246454071514
2013-12-13,0.04415365708461824
2013-12-14,0.04668399963793981
2013-12-15,0.051118413218464366
2013-12-16,0.014745860199167918
2013-12-17,0.04729458918591471
2013-12-18,0.04245307633840137
2013-12-19,0.049582317007502014
2013-12-20,0.07070553132360513
2013-12-21,0.09104790984242411
2013-12-22,0.06356754399289254
2013-12-23,0.025311556558673277
2013-12-24,0.04309186096334932
2013-12-25,0.06191926617662183
2013-12-26,0.05966580992858046
2013-12-27,0.06974651470906149
2013-12-28,0.048052980114188085
2013-12-29,0.04272999511268989
2013-12-30,0.08504848007832078
2013-12-31,0.05117341206739275
2014-01-01,0.029666512479577706
2014-01-02,0.07950267314065843
2014-01-03,0.020078090172111106
2014-01-04,0.0
2014-01-05,0.06538773516075147
2014-01-06,0.06821401942049263
2014-01-07,0.058280258838893824
2014-01-08,0.023950878320159005
2014-01-09,0.04882260289515359
2014-01-10,0.04443662852892258
2014-01-11,0.03925421978215221
2014-01-12,0.0782413886161856
2014-01-13,0.029066678827366223
2014-01-14,0.056322089062127996
2014-01-15,0.0738809396732515
2014-01-16,0.05762883050638076
2014-01-17,0.07482236744990747
2014-01-18,0.06127429444857859
2014-01-19,0.05858699340984058
2014-01-20,0.057336697376642945
2014-01-21,0.06226886533300301
2014-01-22,0.04228921805175479
2014-01-23,0.02396252296254427
2014-01-24,0.06908086822926618
2014-01-25,0.07323484601011532
2014-01-26,0.055039576218120875
2014-01-27,0.0390324876073126
2014-01-28,0.018845657669407243
2014-01-29,0.05171614199846777
2014-01-30,0.023020993105640576
2014-01-31,0.02022024994724149
2014-02-01,0.04958536943968615
2014-02-02,0.03472460997623972
2014-02-03,0.05690619112329541
2014-02-04,0.04681408794876252
2014-02-05,0.0378673086755478
2014-02-06,0.015901698385420687
2014-02-07,0.03294223748339285
2014-02-08,0.03367727019897819
2014-02-09,0.025493846529700763
2014-02-10,0.043419114095152304
2014-02-11,0.027054960176506968
2014-02-12,0.0467251450541757
2014-02-13,0.054808224273373125
2014-02-14,0.03347660091221645
2014-02-15,0.058508172588371696
2014-02-16,0.02277284257504593
2014-02-17,0.02775645203207419
2014-02-18,0.04773565404750462
2014-02-19,0.06374082183777277
2014-02-20,0.06734799082978533
2014-02-21,0.08224781244315119
2014-02-22,0.042468222503649795
2014-02-23,0.04744997362643391
2014-02-24,0.029346489419640263
2014-02-25,0.02492467336017954
2014-02-26,0.0545714417265505
2014-02-27,0.034482570011075145
2014-02-28,0.07464758400034581
2014-03-01,0.02075228536265219
2014-03-02,0.05972706411649393
2014-03-03,0.029885215223659417
2014-03-04,0.03359103066455833
2014-03-05,0.06078224130504062
2014-03-06,0.036482391277841836
2014-03-07,0.039684318649602
2014-03-08,0.03375683272896863
2014-03-09,0.08570059583226883
2014-03-10,0.03765027377839981
2014-03-11,0.05103104434865527
2014-03-12,0.04596172799437852
2014-03-13,0.05442834123448523
2014-03-14,0.0377052610606813
2014-03-15,0.045983655309166996
2014-03-16,0.05787904017987871
2014-03-17,0.03273985723994016
2014-03-18,0.07178642713256309
2014-03-19,0.07370961038083265
2014-03-20,0.062129852523174794
2014-03-21,0.05139752767192967
2014-03-22,0.0
2014-03-23,0.058485822653089256
2014-03-24,0.04217339189542271
2014-03-25,0.04507451177164921
2014-03-26,0.012052453389543673
2014-03-27,0.059871769717483855
2014-03-28,0.021028379063460913
2014-03-29,0.05236849091982789
2014-03-30,0.06809314963819682
2014-03-31,0.04061343637364896
2014-04-01,0.07432103450456881
2014-04-02,0.0350601924358564
2014-04-03,0.062008661534620035
2014-04-04,0.023904284970829453
2014-04-05,0.07062260869361048
2014-04-06,0.0675198076515858
2014-04-07,0.059367158459274594
2014-04-08,0.04213431726772378
2014-04-09,0.021959987531437762
2014-04-10,0.04218719369561085
2014-04-11,0.07220614351496246
2014-04-12,0.05259923743138231
2014-04-13,0.018939261409751006
2014-04-14,0.027505447211601176
2014-04-15,0.07506302801704559
2014-04-16,0.05975825504255772
2014-04-17,0.025319997585201447
2014-04-18,0.014683370076508127
2014-04-19,0.03749915730799867
2014-04-20,0.012972825840201617
2014-04-21,0.046883310199859994
2014-04-22,0.09903250743672609
2014-04-23,0.018060878486016563
2014-04-24,0.0462794867358757
2014-04-25,0.07623853150662502
2014-04-26,0.06498175716600191
2014-04-27,0.04702518570401724
2014-04-28,0.04707302659663606
2014-04-29,0.02688180435150842
2014-04-30,0.044646884599888935
2014-05-01,0.0548688142848026
2014-05-02,0.07210227086548181
2014-05-03,0.03759648752970488
2014-05-04,0.04620329743873075
2014-05-05,0.031015730384866352
2014-05-06,0.05450650359081011
2014-05-07,0.06567558900617927
2014-05-08,0.0625929602685979
2014-05-09,0.026596258491152894
2014-05-10,0.0529372641891283
2014-05-11,0.03645374943499624
2014-05-12,0.07022100031305667
2014-05-13,0.04677374554452924
2014-05-14,0.019609733235178315
2014-05-15,0.04560394588784534
2014-05-16,0.059169451383977625
2014-05-17,0.05488012126285599
2014-05-18,0.039764079726960395
2014-05-19,0.03829453220257708
2014-05-20,0.030249912035673673
2014-05-21,0.04210500759329388
2014-05-22,0.032886420669483954
2014-05-23,0.0694017197235463
2014-05-24,0.03197725218536768
2014-05-25,0.05244568924724403
2014-05-26,0.05108607806652666
2014-05-27,0.06891334895769823
2014-05-28,0.07178736577916742
2014-05-29,0.06391939886562657
2014-05-30,0.0570585668658026
2014-05-31,0.029027077078118843
2014-06-01,0.028622598245234852
2014-06-02,0.033086183604701024
2014-06-03,0.06503841999255831
2014-06-04,0.05146659856501272
2014-06-05,0.06737314481471125
2014-06-06,0.07005605468640166
2014-06-07,0.03548096199401504
2014-06-08,0.05064148655114375
2014-06-09,0.0497401264263282
2014-06-10,0.0434442462075157
2014-06-11,0.039303142909505775
2014-06-12,0.07369511006822115
2014-06-13,0.05103943453431002
2014-06-14,0.05026289577119536
2014-06-15,0.03394444650262809
2014-06-16,0.06350424860827009
2014-06-17,0.029897849983239702
2014-06-18,0.059098110576893646
2014-06-19,0.059644587201103244
2014-06-20,0.04174969901352863
2014-06-21,0.0563530416236636
2014-06-22,0.05371339118088975
2014-06-23,0.04921278750379701
2014-06-24,0.050258879602904656
2014-06-25,0.05123563646387043
2014-06-26,0.052598233453440967
2014-06-27,0.05120484062687414
2014-06-28,0.027922716195757168
2014-06-29,0.04695578097988791
2014-06-30,0.055298972023937444
2014-07-01,0.051945774570785835
2014-07-02,0.06907500518790277
2014-07-03,0.06240173178998909
2014-07-04,0.032591809298937284
2014-07-05,0.04666745783891211
2014-07-06,0.043773266931056244
2014-07-07,0.049913030267456325
2014-07-08,0.049940372003226007
2014-07-09,0.062230433384796974
2014-07-10,0.05354656726282288
2014-07-11,0.07461090010417101
2014-07-12,0.0548200627532472
2014-07-13,0.03338818959325447
2014-07-14,0.04065438759663561
2014-07-15,0.06207578141463517
2014-07-16,0.017716634709886298
2014-07-17,0.0230823917047991
2014-07-18,0.05021394414250461
2014-07-19,0.06901844237042332
2014-07-20,0.07614070863909755
2014-07-21,0.04565788505956457
2014-07-22,0.07121657373971768
2014-07-23,0.05144535819537796
2014-07-24,0.019371700355135392
2014-07-25,0.04983846927043261
2014-07-26,0.03762183750756898
2014-07-27,0.06836461760955483
2014-07-28,0.04948649479291027
2014-07-29,0.024441737868870595
2014-07-30,0.02000570378182882
2014-07-31,0.04958040085171098
2014-08-01,0.0015956505708058927
2014-08-02,0.039636694203441986
2014-08-03,0.05462060651485684
2014-08-04,0.02885966991889284
2014-08-05,0.0698797431381066
2014-08-06,0.07382013099501385
2014-08-07,0.02966598094496097
2014-08-08,0.04403911651607027
2014-08-09,0.06989386302642943
2014-08-10,0.04997384931489822
2014-08-11,0.022110428438019605
2014-08-12,0.04713357862871294
2014-08-13,0.032941433554083216
2014-08-14,0.07216395792851771
2014-08-15,0.06211864188649178
2014-08-16,0.04372486109468744
2014-08-17,0.05284296025060081
2014-08-18,0.023837568460550275
2014-08-19,0.03492445082884777
2014-08-20,0.08106558375384987
2014-08-21,0.05107029305159335
2014-08-22,0.0686017160958273
2014-08-23,0.05464026176816057
2014-08-24,0.07628563686059049
2014-08-25,0.010023249348015607
2014-08-26,0.046235648319619876
2014-08-27,0.08289563292432778
2014-08-28,0.06912346871121289
2014-08-29,0.07650744517580382
2014-08-30,0.04986470812687019
2014-08-31,0.03925787169173234
2014-09-01,0.029456710806241435
2014-09-02,0.028061438166769797
2014-09-03,0.06614121124417038
2014-09-04,0.060264221008417045
2014-09-05,0.0486685310133928
2014-09-06,0.060163813097033614
2014-09-07,0.05284903518104122
2014-09-08,0.06924435402798967
2014-09-09,0.0690537350981634
2014-09-10,0.028682517990303153
2014-09-11,0.055472919749395805
2014-09-12,0.016622664996118357
2014-09-13,0.05266041476181193
2014-09-14,0.06208608559403171
2014-09-15,0.023725613104136786
2014-09-16,0.04167074529078336
2014-09-17,0.05019052754439605
2014-09-18,0.054678298327467796
2014-09-19,0.04442792593550331
2014-09-20,0.026554236951906562
2014-09-21,0.048919855961614835
2014-09-22,0.016955128661180444
2014-09-23,0.0453471712663571
2014-09-24,0.041172527726061406
2014-09-25,0.04731468653121159
2014-09-26,0.03881356045048635
2014-09-27,0.019846383236875997
2014-09-28,0.04267313358820976
2014-09-29,0.06861640250074638
2014-09-30,0.07522921607977609
2014-10-01,0.09878668557438533
2014-10-02,0.08383300816795328
2014-10-03,0.026061241466637918
2014-10-04,0.04183124797454681
2014-10-05,0.049544287303244464
2014-10-06,0.04828880331532601
2014-10-07,0.051390666597924524
2014-10-08,0.09815182843095117
2014-10-09,0.028358969084152055
2014-10-10,0.03572937727571403
2014-10-11,0.08287651860178186
2014-10-12,0.037680373138302956
2014-10-13,0.05787161300671432
2014-10-14,0.07069314739736418
2014-10-15,0.059729980334640595
2014-10-16,0.05383531266204985
2014-10-17,0.06877221539387968
2014-10-18,0.0321386288699006
2014-10-19,0.040072737410079974
2014-10-20,0.060712751769303276
2014-10-21,0.00861121481571498
2014-10-22,0.07833167646689386
2014-10-23,0.056067847503955624
2014-10-24,0.05306063505562301
2014-10-25,0.017389742447178856
2014-10-26,0.024267817492005243
2014-10-27,0.04202832671398277
2014-10-28,0.06614859700591198
2014-10-29,0.008467679756028294
2014-10-30,0.06576729601554712
2014-10-31,0.04279937351783267
2014-11-01,0.04553153054516697
2014-11-02,0.055071858833816136
2014-11-03,0.05538634475692823
2014-11-04,0.03575142820126806
2014-11-05,0.06249820176937686
2014-11-06,0.0036120372020712332
2014-11-07,0.04099162226864691
2014-11-08,0.05307363526353808
2014-11-09,0.04310101369571051
2014-11-10,0.013461793920680365
2014-11-11,0.06516054757520942
2014-11-12,0.02503224375745896
2014-11-13,0.04864971984943421
2014-11-14,0.05306069194135246
2014-11-15,0.050396543075307346
2014-11-16,0.0733802185172763
2014-11-17,0.048934748800126264
2014-11-18,0.05854910809393881
2014-11-19,0.04888191933697518
2014-11-20,0.062259121683325494
2014-11-21,0.07786990594095047
2014-11-22,0.05275083658944388
2014-11-23,0.06563700715165999
2014-11-24,0.07910657869764395
2014-11-25,0.07714368493948542
2014-11-26,0.04229421192777579
2014-11-27,0.07072864711490334
2014-11-28,0.05497542320094386
2014-11-29,0.07234459995467828
2014-11-30,0.061372691671259
2014-12-01,0.05551336152072377
2014-12-02,0.05867944160692709
2014-12-03,0.055104759120778626
2014-12-04,0.05588666090273021
2014-12-05,0.046823352788361826
2014-12-06,0.04496551318784966
2014-12-07,0.08526349858745338
2014-12-08,0.05955055822222368
2014-12-09,0.03853390155537201
2014-12-10,0.04445165137140713
2014-12-11,0.07112516906895902
2014-12-12,0.03527626579822761
2014-12-13,0.020359446363779787
2014-12-14,0.02183101718795911
2014-12-15,0.015420487995904245
2014-12-16,0.02402370283471084
2014-12-17,0.026382681203983797
2014-12-18,0.07770474759216278
2014-12-19,0.049076415746814636
2014-12-20,0.042734729217265656
2014-12-21,0.021131738739628526
2014-12-22,0.047137472050573205
2014-12-23,0.015253438748716153
2014-12-24,0.042611656574272704
2014-12-25,0.0912898877968735
2014-12-26,0.0632760715741273
2014-12-27,0.04580403679290939
2014-12-28,0.06396247210812714
2014-12-29,0.03956913643744864
2014-12-30,0.03398644514241625
2014-12-31,0.08408259259065684
2015-01-01,0.02715450692159453
2015-01-02,0.04291757528645299
2015-01-03,0.05612066564727021
2015-01-04,0.03127531588485104
2015-01-05,0.0630120990726282
2015-01-06,0.04386810950715495
2015-01-07,0.06327820655133713
2015-01-08,0.06171968359501037
2015-01-09,0.0451397573874834
2015-01-10,0.08421317345181971
2015-01-11,0.03669328393133117
2015-01-12,0.07697740941097475
2015-01-13,0.07349866485256082
2015-01-14,0.0854176441532088
2015-01-15,0.05348112078686042
2015-01-16,0.03422828576144021
2015-01-17,0.09153593170659094
2015-01-18,0.043305970640472716
2015-01-19,0.03372914854588929
2015-01-20,0.04620426508190375
2015-01-21,0.03036618567685845
2015-01-22,0.06052297650246692
2015-01-23,0.03788663236482975
2015-01-24,0.04425031660190256
2015-01-25,0.06935557723329924
2015-01-26,0.062473864203523834
2015-01-27,0.05031169145139318
2015-01-28,0.053417470574939646
2015-01-29,0.05024510861263083
2015-01-30,0.041376898671652715
2015-01-31,0.04994946678304426
2015-02-01,0.05981683250985888
2015-02-02,0.04747675742042321
2015-02-03,0.05839535260460548
2015-02-04,0.03326662443153906
2015-02-05,0.037922126977085906
2015-02-06,0.035313589934520495
2015-02-07,0.03869737256415187
2015-02-08,0.07574362093412182
2015-02-09,0.06452077586220721
2015-02-10,0.02846153762631309
2015-02-11,0.058749965928169105
2015-02-12,0.042188353747028604
2015-02-13,0.036352308290568694
2015-02-14,0.020285210685549865
2015-02-15,0.06943837387640489
2015-02-16,0.022722737006657234
2015-02-17,0.04896073643980251
2015-02-18,0.031073775085502627
2015-02-19,0.0655168789413985
2015-02-20,0.04331296347372099
2015-02-21,0.04731074688959311
2015-02-22,0.047985314741399346
2015-02-23,0.056051406698715674
2015-02-24,0.05026009527966619
2015-02-25,0.04913453622077767
2015-02-26,0.039631960494904445
2015-02-27,0.01850541253315814
2015-02-28,0.027628980809162894
2015-03-01,0.06436959477361291
2015-03-02,0.04388361073347405
2015-03-03,0.03671980444555041
2015-03-04,0.021885437111639105
2015-03-05,0.015607057198192963
2015-03-06,0.035935862397436034
2015-03-07,0.06776105708090514
2015-03-08,0.03885859612755363
2015-03-09,0.058009710504828955
2015-03-10,0.037938803412040846
2015-03-11,0.06277733392057698
2015-03-12,0.04296498396382662
2015-03-13,0.025362315088990076
2015-03-14,0.04462093864201113
2015-03-15,0.08668000836560816
2015-03-16,0.08579768631101709
2015-03-17,0.05973066605558729
2015-03-18,0.04725882369172595
2015-03-19,0.056078036041901674
2015-03-20,0.05633704677466579
2015-03-21,0.04920226495265797
2015-03-22,0.058818880398452345
2015-03-23,0.05416453724307127
2015-03-24,0.04368055229271373
2015-03-25,0.026094864012327145
2015-03-26,0.04079881515559669
2015-03-27,0.06599037698147193
2015-03-28,0.04937075551009271
2015-03-29,0.056005737831750106
2015-03-30,0.044339689445911754
2015-03-31,0.028808049899787507
2015-04-01,0.04522740570256355
2015-04-02,0.029550881985012975
2015-04-03,0.028274216527928976
2015-04-04,0.07411273217738819
2015-04-05,0.04159827990131568
2015-04-06,0.03517030549079933
2015-04-07,0.08235919368761811
2015-04-08,0.06629970070808483
2015-04-09,0.04256981548996324
2015-04-10,0.05855272651104737
2015-04-11,0.045284233634785946
2015-04-12,0.03614640641440801
2015-04-13,0.059493824489700094
2015-04-14,0.04351396229359594
2015-04-15,0.05150996017998807
2015-04-16,0.07042726469799343
2015-04-17,0.06822426207590754
2015-04-18,0.03899813416287847
2015-04-19,0.059720632045741726
2015-04-20,0.027442875077084882
2015-04-21,0.0590082832263141
2015-04-22,0.05296990611602211
2015-04-23,0.05757958724726862
2015-04-24,0.04405110490711535
2015-04-25,0.0916814254730498
2015-04-26,0.03197400584759372
2015-04-27,0.06943103421936923
2015-04-28,0.02936603360463337
2015-04-29,0.060086883492586424
2015-04-30,0.06151579954503566
2015-05-01,0.05109951743124571
2015-05-02,0.040093511789125916
2015-05-03,0.05282269781490598
2015-05-04,0.055340206668603495
2015-05-05,0.08579872972612565
2015-05-06,0.03255319429399408
2015-05-07,0.038881730073719964
2015-05-08,0.05569471114138673
2015-05-09,0.044878924192094966
2015-05-10,0.047999179245388
2015-05-11,0.07140703670727522
2015-05-12,0.0
2015-05-13,0.03804101309964378
2015-05-14,0.015152615474975012
2015-05-15,0.026083671261918594
2015-05-16,0.0980924898414494
2015-05-17,0.061963362679055126
2015-05-18,0.06903129850116209
2015-05-19,0.04838940700427138
2015-05-20,0.0651742764966382
2015-05-21,0.014668709849595021
2015-05-22,0.07076596823539202
2015-05-23,0.033603117628802005
2015-05-24,0.039373683613481744
2015-05-25,0.060103021409093044
2015-05-26,0.056328935171644307
2015-05-27,0.05169240096787098
2015-05-28,0.022738076928393625
2015-05-29,0.05199627337643284
2015-05-30,0.06921122706966457
2015-05-31,0.03935025807800412
2015-06-01,0.07629874090680591
2015-06-02,0.03254616128171982
2015-06-03,0.050130957834367475
2015-06-04,0.08070655466753227
2015-06-05,0.03637200174600781
2015-06-06,0.07107970966754149
2015-06-07,0.08949304724443619
2015-06-08,0.053420881378483005
2015-06-09,0.03945966025233386
2015-06-10,0.03454522394099953
2015-06-11,0.07609205406694651
2015-06-12,0.07553388398679298
2015-06-13,0.07898618245737352
2015-06-14,0.049343232986881064
2015-06-15,0.0707561388305421
2015-06-16,0.0490232121774786
2015-06-17,0.03233889756783282
2015-06-18,0.07248353570224707
2015-06-19,0.0826774055655641
2015-06-20,0.029587960544373605
2015-06-21,0.029211380741986603
2015-06-22,0.050799638684602494
2015-06-23,0.06912257211482001
2015-06-24,0.027323616124920933
2015-06-25,0.05454031473911812
2015-06-26,0.038191460918804966
2015-06-27,0.06401658199650004
2015-06-28,0.03404226357008219
2015-06-29,0.06543606000548359
2015-06-30,0.04683570378364584
2015-07-01,0.031257189526379146
2015-07-02,0.05127379910853777
2015-07-03,0.011240533710232946
2015-07-04,0.0388181085579012
2015-07-05,0.05674802140649324
2015-07-06,0.014564904419362097
2015-07-07,0.0
2015-07-08,0.0032126536037366538
2015-07-09,0.0765425711100074
2015-07-10,0.04846481974474542
2015-07-11,0.039350692119856256
2015-07-12,0.0689030947133366
2015-07-13,0.041911006350617785
2015-07-14,0.05536923799733465
2015-07-15,0.05051510701846526
2015-07-16,0.04058001158494044
2015-07-17,0.05588291767778212
2015-07-18,0.0654652244284029
2015-07-19,0.04630186765966025
2015-07-20,0.04078888853690771
2015-07-21,0.043149751840010936
2015-07-22,0.004041749344285368
2015-07-23,0.05566119093017824
2015-07-24,0.025817774220228976
2015-07-25,0.06259437448237848
2015-07-26,0.048191517986494126
2015-07-27,0.052102421930608815
2015-07-28,0.06400658341212405
2015-07-29,0.0314695246731813
2015-07-30,0.05738496886701914
2015-07-31,0.0553524210512533
2015-08-01,0.04630438334714414
2015-08-02,0.03143627598472924
2015-08-03,0.061904767281103286
2015-08-04,0.06406909088838633
2015-08-05,0.05227204051955768
2015-08-06,0.028593951685707105
2015-08-07,0.03945101934149092
2015-08-08,0.04879334555159867
2015-08-09,0.06376989099964187
2015-08-10,0.018330211977737668
2015-08-11,0.03872393071391247
2015-08-12,0.041946548801155954
2015-08-13,0.048335568411939416
2015-08-14,0.023973494319503064
2015-08-15,0.04564934443253334
2015-08-16,0.04379032871374821
2015-08-17,0.02924816257020687
2015-08-18,0.04764064831662632
2015-08-19,0.039176618064289966
2015-08-20,0.05991172285019415
2015-08-21,0.032293448779913234
2015-08-22,0.0517966824425691
2015-08-23,0.03383222325541464
2015-08-24,0.038004915236823755
2015-08-25,0.055945832554108114
2015-08-26,0.054694354656843115
2015-08-27,0.0416595563484328
2015-08-28,0.044611787633346646
2015-08-29,0.02092787109780952
2015-08-30,0.078055286211614
2015-08-31,0.06374912795756056
2015-09-01,0.06302896101742214
2015-09-02,0.0180993556608757
2015-09-03,0.03809020015021427
2015-09-04,0.04330907942152755
2015-09-05,0.011378770159319755
2015-09-06,0.06779900192152173
2015-09-07,0.07907768977096273
2015-09-08,0.09123869912007229
2015-09-09,0.029082323449645273
2015-09-10,0.05234646993668548
2015-09-11,0.07645636538300843
2015-09-12,0.044927630421060925
2015-09-13,0.038660241723146443
2015-09-14,0.012679646529110182
2015-09-15,0.07265244915543499
2015-09-16,0.04961478487853271
2015-09-17,0.03541316282073875
2015-09-18,0.055677145796577204
2015-09-19,0.0530601074635733
2015-09-20,0.053365182047091834
2015-09-21,0.045658038753466496
2015-09-22,0.08244716317526732
2015-09-23,0.04732680533475156
2015-09-24,0.0823864415264661
2015-09-25,0.06128233852800396
2015-09-26,0.05702340285523463
2015-09-27,0.0477345049344369
2015-09-28,0.06947913387091842
2015-09-29,0.05225983535155991
2015-09-30,0.03135737569772937
2015-10-01,0.030690156180039292
2015-10-02,0.05844969243868545
2015-10-03,0.03185242229667008
2015-10-04,0.048755378860550015
2015-10-05,0.07114369077102183
2015-10-06,0.05607940355788668
2015-10-07,0.03555730259342505
2015-10-08,0.0781997502323228
2015-10-09,0.06095750473989403
2015-10-10,0.07035585974408179
2015-10-11,0.004648833135813955
2015-10-12,0.056617057565254925
2015-10-13,0.06684315672759787
2015-10-14,0.08400577284595984
2015-10-15,0.02072362831697917
2015-10-16,0.07412229178389065
2015-10-17,0.0828876057140249
2015-10-18,0.009654220454420416
2015-10-19,0.05957182219739486
2015-10-20,0.06235241628681404
2015-10-21,0.04345984674696188
2015-10-22,0.040198110798674205
2015-10-23,0.06335707826575646
2015-10-24,0.03770036493178736
2015-10-25,0.045655013431638046
2015-10-26,0.06624869801647844
2015-10-27,0.08508086100653728
2015-10-28,0.060759685450840366
2015-10-29,0.05266968990829023
2015-10-30,0.0396720503067846
2015-10-31,0.029787999186978876
2015-11-01,0.07219156483001898
2015-11-02,0.04693100297746231
2015-11-03,0.07301406549333457
2015-11-04,0.043408962440090765
2015-11-05,0.037014226772779775
2015-11-06,0.058415977776550325
2015-11-07,0.048469281214631996
2015-11-08,0.02588942790778525
2015-11-09,0.08634736659563697
2015-11-10,0.037460324524567254
2015-11-11,0.06855183042348428
2015-11-12,0.06683713258792963
2015-11-13,0.024810744701712864
2015-11-14,0.02995224710767031
2015-11-15,0.043969813205997445
2015-11-16,0.03268706910843367
2015-11-17,0.08452912743757376
2015-11-18,0.04599648726402977
2015-11-19,0.06779498085628137
2015-11-20,0.06027274778000409
2015-11-21,0.05528044897992707
2015-11-22,0.05080642421479176
2015-11-23,0.07474261415577395
2015-11-24,0.03349814053329967
2015-11-25,0.08452670620913172
2015-11-26,0.024255536389918102
2015-11-27,0.06563023451244848
2015-11-28,0.02189672280120435
2015-11-29,0.04368588895546081
2015-11-30,0.05186619876121934
2015-12-01,0.04026609302340972
2015-12-02,0.04636660860766218
2015-12-03,0.022260591041384135
2015-12-04,0.030250990625528974
2015-12-05,0.05996529414391765
2015-12-06,0.0505934364995489
2015-12-07,0.03618943948356986
2015-12-08,0.07648555526259343
2015-12-09,0.025601382000195686
2015-12-10,0.04276819068271875
2015-12-11,0.03988687443643057
2015-12-12,0.06230075255522089
2015-12-13,0.05096327382274389
2015-12-14,0.047836695069308065
2015-12-15,0.013115665922655222
2015-12-16,0.06730068961264186
2015-12-17,0.04564348370336526
2015-12-18,0.0523132203522084
2015-12-19,0.03502873559812246
2015-12-20,0.031883424743658545
2015-12-21,0.07998575516951374
2015-12-22,0.014535228434751746
2015-12-23,0.028916019444344566
2015-12-24,0.07960984305338162
2015-12-25,0.06281492761997308
2015-12-26,0.04349074936515161
2015-12-27,0.07493192628577307
2015-12-28,0.05893720232792018
2015-12-29,0.054653201839488394
2015-12-30,0.05451124034204836
2015-12-31,0.05930476434428988
2016-01-01,0.06011385002594906
2016-01-02,0.09391946105791915
2016-01-03,0.04610214376654656
2016-01-04,0.04671905623703592
2016-01-05,0.025262136248585726
2016-01-06,0.04896205226357964
2016-01-07,0.08725773799089638
2016-01-08,0.06968970004869313
2016-01-09,0.03912664512249345
2016-01-10,0.0506008272904257
2016-01-11,0.02407123248830011
2016-01-12,0.030617613114033874
2016-01-13,0.052988823052274356
2016-01-14,0.04011090794359094
2016-01-15,0.029108004212431638
2016-01-16,0.059796815294757846
2016-01-17,0.04835499826693353
2016-01-18,0.018648992566179218
2016-01-19,0.008497060676644241
2016-01-20,0.03859977002851492
2016-01-21,0.018234697131169444
2016-01-22,0.012621771870586926
2016-01-23,0.0725793840280417
2016-01-24,0.04804578220269415
2016-01-25,0.04469107243548994
2016-01-26,0.046231883676985025
2016-01-27,0.027243356984140606
2016-01-28,0.05821952330028337
2016-01-29,0.04738599346534919
2016-01-30,0.03485182688041177
2016-01-31,0.037847426309500005
2016-02-01,0.025450825735754093
2016-02-02,0.04187514254196331
2016-02-03,0.04520744238434972
2016-02-04,0.04135433341740072
2016-02-05,0.05110309114683173
2016-02-06,0.04842976590476488
2016-02-07,0.05461537077329215
2016-02-08,0.0688619407384319
2016-02-09,0.061860469544261616
2016-02-10,0.06909179681020672
2016-02-11,0.033045315403475425
2016-02-12,0.03982770211822686
2016-02-13,0.06307193367891936
2016-02-14,0.06342955342864173
2016-02-15,0.036427587649262363
2016-02-16,0.06223167851563485
2016-02-17,0.031129357667081168
2016-02-18,0.05962111448283588
2016-02-19,0.04947407598268718
2016-02-20,0.02231128792187327
2016-02-21,0.04131852356481186
2016-02-22,0.09364535619390987
2016-02-23,0.0540556072560999
2016-02-24,0.0960089995343652
2016-02-25,0.021121469402499274
2016-02-26,0.06501483585327685
2016-02-27,0.0
2016-02-28,0.04999529030170434
2016-02-29,0.06262434755302643
2016-03-01,0.06675780189992553
2016-03-02,0.03401460550839174
2016-03-03,0.07078180843953473
2016-03-04,0.03932570479910611
2016-03-05,0.04671805497775207
2016-03-06,0.04133355561286733
2016-03-07,0.027272212985353372
2016-03-08,0.08139439174841717
2016-03-09,0.05096035634316154
2016-03-10,0.07174636757317257
2016-03-11,0.07089422483529201
2016-03-12,0.030641195714540343
2016-03-13,0.07432254495343203
2016-03-14,0.060068284870986456
2016-03-15,0.02918196271054222
2016-03-16,0.058977016626830095
2016-03-17,0.02954064230263865
2016-03-18,0.08212916735957282
2016-03-19,0.06627573489844193
2016-03-20,0.0485770287561793
2016-03-21,0.07529607236434369
2016-03-22,0.018360247105929248
2016-03-23,0.03501317399759918
2016-03-24,0.04495160556519257
2016-03-25,0.09471369362851036
2016-03-26,0.02859034198253189
2016-03-27,0.01585388116518653
2016-03-28,0.02111228971003459
2016-03-29,0.06812431738411202
2016-03-30,0.038116154589222864
2016-03-31,0.04681826671262773
2016-04-01,0.06525665283348969
2016-04-02,0.04683830744084177
2016-04-03,0.054082932090161115
2016-04-04,0.06070430295219391
2016-04-05,0.0413864721607957
2016-04-06,0.04667365880140632
2016-04-07,0.05483910804642023
2016-04-08,0.06736358546106441
2016-04-09,0.03415261471638702
2016-04-10,0.0
2016-04-11,0.06359166298771293
2016-04-12,0.0685543183750017
2016-04-13,0.054000683242603445
2016-04-14,0.055365864379130714
2016-04-15,0.03871380211719659
2016-04-16,0.06000366843069849
2016-04-17,0.06706333639368378
2016-04-18,0.05112992682836969
2016-04-19,0.09982496660014532
2016-04-20,0.01872517824657241
2016-04-21,0.05325923341712694
2016-04-22,0.02651294075365371
2016-04-23,0.0675969184791378
2016-04-24,0.018370491439156374
2016-04-25,0.023321569145646034
2016-04-26,0.03733626118901591
2016-04-27,0.05531664339710799
2016-04-28,0.038090572226767656
2016-04-29,0.03829117474801814
2016-04-30,0.0463821909014783
2016-05-01,0.04515519681876988
2016-05-02,0.07974898776637049
2016-05-03,0.06371822239337936
2016-05-04,0.04350846520430712
2016-05-05,0.09194023822427227
2016-05-06,0.05983322349712019
2016-05-07,0.03062075889372903
2016-05-08,0.055130274799836884
2016-05-09,0.06071025089730629
2016-05-10,0.03624750561877303
2016-05-11,0.028949821783879216
2016-05-12,0.051729181800848845
2016-05-13,0.04279556457387929
2016-05-14,0.07958255776910886
2016-05-15,0.0648231164816983
2016-05-16,0.03718449451826839
2016-05-17,0.05851876221897177
2016-05-18,0.0753425628544948
2016-05-19,0.022123911082007005
2016-05-20,0.02954443518024496
2016-05-21,0.04977662765440938
2016-05-22,0.05071203935810069
2016-05-23,0.048956049890742794
2016-05-24,0.04378445642424644
2016-05-25,0.043478793550959606
2016-05-26,0.05768516273643258
2016-05-27,0.07267885107278346
2016-05-28,0.04038094540623147
2016-05-29,0.09876798690341308
2016-05-30,0.08921382871480633
2016-05-31,0.07658511259160164
2016-06-01,0.06244966669123124
2016-06-02,0.09015976212940313
2016-06-03,0.04419769270001184
2016-06-04,0.03334791176019532
2016-06-05,0.039480558811920315
2016-06-06,0.029941143938198373
2016-06-07,0.052436026446267395
2016-06-08,0.05599660928255487
2016-06-09,0.054016796773622144
2016-06-10,0.049751372956364004
2016-06-11,0.05266309056343231
2016-06-12,0.08472647617699779
2016-06-13,0.062401037352781685
2016-06-14,0.06845017593209643
2016-06-15,0.053815798733735765
2016-06-16,0.01768822603063845
2016-06-17,0.013722350590609778
2016-06-18,0.09165619980417031
2016-06-19,0.039363554495375576
2016-06-20,0.03766497311696136
2016-06-21,0.05491326482754499
2016-06-22,0.061008059566598556
2016-06-23,0.06353724274668826
2016-06-24,0.08548837065760008
2016-06-25,0.08001472765315883
2016-06-26,0.03378133550722358
2016-06-27,0.06937469146843579
2016-06-28,0.04231818163578403
2016-06-29,0.047249825111384466
2016-06-30,0.028120215880972754
2016-07-01,0.016138542923371815
2016-07-02,0.04936876574735422
2016-07-03,0.030880361677775088
2016-07-04,0.06855627357144073
2016-07-05,0.044378435129597577
2016-07-06,0.05617180437899747
2016-07-07,0.07735051507830865
2016-07-08,0.02029409636435784
2016-07-09,0.03550765222900626
2016-07-10,0.053617672491317
2016-07-11,0.05625049631646521
2016-07-12,0.07206995002544653
2016-07-13,0.06734306258081196
2016-07-14,0.051938672514614787
2016-07-15,0.05606809341194511
2016-07-16,0.0566215178198098
2016-07-17,0.020605752706524892
2016-07-18,0.046872490452900775
2016-07-19,0.05496946435994185
2016-07-20,0.05917101717570213
2016-07-21,0.031512731198716816
2016-07-22,0.02462404174942218
2016-07-23,0.04530934814963839
2016-07-24,0.08934732222182988
2016-07-25,0.03361504974542663
2016-07-26,0.07347856494709619
2016-07-27,0.0816947928609024
2016-07-28,0.05090933052466388
2016-07-29,0.03640304130693098
2016-07-30,0.06025639127316451
2016-07-31,0.05389980584198992
2016-08-01,0.032817920396193835
2016-08-02,0.036823943472564485
2016-08-03,0.059071597042906626
2016-08-04,0.06866880816337095
2016-08-05,0.04354419597369225
2016-08-06,0.04861732870223894
2016-08-07,0.0633727714102216
2016-08-08,0.04655026231652129
2016-08-09,0.04401346053408232
2016-08-10,0.034893183605455486
2016-08-11,0.03454630753251938
2016-08-12,0.10337765516446512
2016-08-13,0.04607596679841837
2016-08-14,0.07730116643024448
2016-08-15,0.08367986675038142
2016-08-16,0.04632835421013682
2016-08-17,0.057368596168695385
2016-08-18,0.052049569640660646
2016-08-19,0.017756352986826464
2016-08-20,0.018960539755036757
2016-08-21,0.05097696933808546
2016-08-22,0.04150172922782808
2016-08-23,0.0878316067678718
2016-08-24,0.04526854122610763
2016-08-25,0.0890185799413625
2016-08-26,0.04047217207728912
2016-08-27,0.08824400841217868
2016-08-28,0.06012848993894693
2016-08-29,0.06126583791542395
2016-08-30,0.039764720865327015
2016-08-31,0.06153834360807378
2016-09-01,0.08385426866162501
2016-09-02,0.047103450118797255
2016-09-03,0.04321206369266764
2016-09-04,0.04506474922279824
2016-09-05,0.08240223210012874
2016-09-06,0.06710702414002173
2016-09-07,0.07895359980942238
2016-09-08,0.056272454209685394
2016-09-09,0.050786387135556645
2016-09-10,0.05847888078141265
2016-09-11,0.0714031706882508
2016-09-12,0.04505763514824271
2016-09-13,0.07737353986713573
2016-09-14,0.05731661114131754
2016-09-15,0.0018744372393964329
2016-09-16,0.0676698685421039
2016-09-17,0.024553899734760354
2016-09-18,0.06718345521347975
2016-09-19,0.06803035996476332
2016-09-20,0.056597851947624164
2016-09-21,0.06087361797753388
2016-09-22,0.07197741575687974
2016-09-23,0.04008744652378545
2016-09-24,0.06586859319404957
2016-09-25,0.07326046605914073
2016-09-26,0.08520165195076956
2016-09-27,0.027884394278805937
2016-09-28,0.05817032129975537
2016-09-29,0.03077021601877071
2016-09-30,0.029921559645970045
2016-10-01,0.057180555448119605
2016-10-02,0.05154911629592277
2016-10-03,0.0729000295704397
2016-10-04,0.04307647100811582
2016-10-05,0.04731897127605979
2016-10-06,0.0542300852467637
2016-10-07,0.032763422971270884
2016-10-08,0.03553860309968138
2016-10-09,0.07232197331545107
2016-10-10,0.03902089917437783
2016-10-11,0.07364953132899371
2016-10-12,0.06214625161336589
2016-10-13,0.019049379490221296
2016-10-14,0.06060757383675577
2016-10-15,0.06044959646188255
2016-10-16,0.05845857217022571
2016-10-17,0.047162465472339786
2016-10-18,0.031198650892162966
2016-10-19,0.07692425532225242
2016-10-20,0.04796840822554329
2016-10-21,0.03233187679329264
2016-10-22,0.05914937372176017
2016-10-23,0.035144400585334856
2016-10-24,0.031018279434297576
2016-10-25,0.04249054775595123
2016-10-26,0.036692044713638516
2016-10-27,0.031755154960308514
2016-10-28,0.06612823524523519
2016-10-29,0.04772344371075202
2016-10-30,0.07504559891031784
2016-10-31,0.03290981044540129
2016-11-01,0.015448779247273281
2016-11-02,0.05297540698498833
2016-11-03,0.08711957843612832
2016-11-04,0.06061973658724004
2016-11-05,0.11430748392425664
2016-11-06,0.05664118241898178
2016-11-07,0.05471104422576181
2016-11-08,0.006892746578841653
2016-11-09,0.05855894881177057
2016-11-10,0.05337335520038583
2016-11-11,0.04185157603590926
2016-11-12,0.0472644226588186
2016-11-13,0.04863798851315642
2016-11-14,0.04640141694135872
2016-11-15,0.09179429926251922
2016-11-16,0.042582759443899824
2016-11-17,0.053386274477077146
2016-11-18,0.041921978332275865
2016-11-19,0.0656686237328776
2016-11-20,0.05353527399944414
2016-11-21,0.044401788536590374
2016-11-22,0.011480641081856348
2016-11-23,0.05486616450577501
2016-11-24,0.043808474528404986
2016-11-25,0.04878518686225798
2016-11-26,0.026350841055093336
2016-11-27,0.07866564345440391
2016-11-28,0.06713486351687745
2016-11-29,0.07861411995281264
2016-11-30,0.07293958601561909
2016-12-01,0.06184634604254924
2016-12-02,0.027154349825471148
2016-12-03,0.08686774328143718
2016-12-04,0.031447296982249795
2016-12-05,0.04463184751850077
2016-12-06,0.06413804561253843
2016-12-07,0.0651308157437481
2016-12-08,0.06144473453889117
2016-12-09,0.041994230373418207
2016-12-10,0.03786136745289051
2016-12-11,0.10069065137212274
2016-12-12,0.04921372123000333
2016-12-13,0.046764572307223286
2016-12-14,0.035728870181224934
2016-12-15,0.05489340698141916
2016-12-16,0.053960456011561415
2016-12-17,0.0496754758259141
2016-12-18,0.057634532935757724
2016-12-19,0.08527075004884707
2016-12-20,0.038098945874182034
2016-12-21,0.0508616748440424
2016-12-22,0.037043030948988885
2016-12-23,0.05589396721651256
2016-12-24,0.03863060997251162
2016-12-25,0.03949114017131621
2016-12-26,0.020809532518887484
2016-12-27,0.0519558956563935
2016-12-28,0.058595392438099546
2016-12-29,0.08720952706384591
2016-12-30,0.0593900496237969
2016-12-31,0.041006317534053614
2017-01-01,0.022806418246278205
2017-01-02,0.025574259886690435
2017-01-03,0.024087433210560557
2017-01-04,0.08756084070898762
2017-01-05,0.0557562099385274
2017-01-06,0.03834067561476215
2017-01-07,0.030802807896934715
2017-01-08,0.03287784319212157
2017-01-09,0.03781401210987243
2017-01-10,0.07632510432510305
2017-01-11,0.04940113105884501
2017-01-12,0.02105067165452102
2017-01-13,0.09620918549460744
2017-01-14,0.027196777212682058
2017-01-15,0.038183293801522654
2017-01-16,0.07620288775267764
2017-01-17,0.058302992652181335
2017-01-18,0.04060154000751581
2017-01-19,0.02537266147812331
2017-01-20,0.03066619782149947
2017-01-21,0.03187007761847069
2017-01-22,0.050140635956990996
2017-01-23,0.05382123634562608
2017-01-24,0.04702690742737315
2017-01-25,0.049215723721513414
2017-01-26,0.028985536096113585
2017-01-27,0.055862722124477786
2017-01-28,0.07561037273673993
2017-01-29,0.04674416636500863
2017-01-30,0.04635426587141053
2017-01-31,0.051660021041056964
2017-02-01,0.07236409719518783
2017-02-02,0.03210554001122719
2017-02-03,0.07901694671464271
2017-02-04,0.05842444478870475
2017-02-05,0.050573613913977356
2017-02-06,0.07426477673328641
2017-02-07,0.026358758522470885
2017-02-08,0.06044091072489417
2017-02-09,0.05860619129013235
2017-02-10,0.03129089871212415
2017-02-11,0.059212762459076425
2017-02-12,0.055666103587609726
2017-02-13,0.04642523760620132
2017-02-14,0.06725635110460665
2017-02-15,0.03856491495284671
2017-02-16,0.05540642491686738
2017-02-17,0.04736652435089363
2017-02-18,0.03770606353984665
2017-02-19,0.06005769370237543
2017-02-20,0.04584528505301697
2017-02-21,0.020539870825809065
2017-02-22,0.013978677905640315
2017-02-23,0.06578114936166404
2017-02-24,0.02558799785546339
2017-02-25,0.05558768986801213
2017-02-26,0.05109903787256301
2017-02-27,0.042629364460582006
2017-02-28,0.0891333691443068
2017-03-01,0.053593480369208926
2017-03-02,0.0651126696536413
2017-03-03,0.055696324306796184
2017-03-04,0.04536921153765038
2017-03-05,0.04961822499528117
2017-03-06,0.07917085531320968
2017-03-07,0.0717621058520086
2017-03-08,0.08903972863377202
2017-03-09,0.05443284185945768
2017-03-10,0.03246125868598504
2017-03-11,0.04118966111280376
2017-03-12,0.026244436164028176
2017-03-13,0.06534088257750555
2017-03-14,0.03828167367845504
2017-03-15,0.0
2017-03-16,0.09927551396659862
2017-03-17,0.038587977230233696
2017-03-18,0.03846818149028381
2017-03-19,0.08343223385320733
2017-03-20,0.02583497098404969
2017-03-21,0.07273211773066333
2017-03-22,0.03825115113151957
2017-03-23,0.023524091108062823
2017-03-24,0.08411435522756272
2017-03-25,0.06846193894125055
2017-03-26,0.06840001969030085
2017-03-27,0.05735311093577549
2017-03-28,0.06198203266155361
2017-03-29,0.025356839505039138
2017-03-30,0.05223221714489321
2017-03-31,0.0314247399909831
2017-04-01,0.02222118961873891
2017-04-02,0.05821906661416063
2017-04-03,0.0731629911131909
2017-04-04,0.042332623515438726
2017-04-05,0.04575974215330917
2017-04-06,0.027236987098339206
2017-04-07,0.050144342921757956
2017-04-08,0.06520152224776829
2017-04-09,0.06583055473455546
2017-04-10,0.06090352351261865
2017-04-11,0.03763137665610929
2017-04-12,0.036997419131456974
2017-04-13,0.06590808946481866
2017-04-14,0.06623997864433463
2017-04-15,0.04656010029136214
2017-04-16,0.04147656184868629
2017-04-17,0.073344941868914
2017-04-18,0.04280102670373507
2017-04-19,0.06491864449047563
2017-04-20,0.04726313650283803
2017-04-21,0.02904934437926
2017-04-22,0.08224624280047405
2017-04-23,0.05240127791462953
2017-04-24,0.035785120402238337
2017-04-25,0.022183886644495922
2017-04-26,0.02419998403526333
2017-04-27,0.04254177191810798
2017-04-28,0.08850257767067185
2017-04-29,0.03830676242651515
2017-04-30,0.0789490966469241
2017-05-01,0.04738472662793832
2017-05-02,0.026376992177966355
2017-05-03,0.04053577623099208
2017-05-04,0.02438024152525114
2017-05-05,0.03288063096072292
2017-05-06,0.03228503876248165
2017-05-07,0.011923922650374674
2017-05-08,0.08025592137629453
2017-05-09,0.05422034060444564
2017-05-10,0.036274431887637966
2017-05-11,0.05443515492866779
2017-05-12,0.03329039212715877
2017-05-13,0.0
2017-05-14,0.109133832664531
2017-05-15,0.05379199753354119
2017-05-16,0.0382197392137047
2017-05-17,0.011321703766451335
2017-05-18,0.020117004097148804
2017-05-19,0.08308983859109811
2017-05-20,0.08003877097596934
2017-05-21,0.06506430071997896
2017-05-22,0.027698459231803724
2017-05-23,0.08019947975954021
2017-05-24,0.058995652358887055
2017-05-25,0.06309848896703069
2017-05-26,0.05892341888886493
2017-05-27,0.019860256307477925
2017-05-28,0.02603678098506225
2017-05-29,0.039795636671832765
2017-05-30,0.06287279415066227
2017-05-31,0.02239135835513708
2017-06-01,0.04649307170111619
2017-06-02,0.046467809796738986
2017-06-03,0.06585479378655155
2017-06-04,0.06349343071215324
2017-06-05,0.029795481418957343
2017-06-06,0.07893372338974604
2017-06-07,0.026735203424994202
2017-06-08,0.071844788838015
2017-06-09,0.03899710203303204
2017-06-10,0.05327851906866744
2017-06-11,0.054519749202086104
2017-06-12,0.053954148814175915
2017-06-13,0.0634899839686914
2017-06-14,0.05782918995867066
2017-06-15,0.06567298259741076
2017-06-16,0.05929239920690271
2017-06-17,0.02471089482148313
2017-06-18,0.055395981491159756
2017-06-19,0.03872260194989334
2017-06-20,0.027814750441854334
2017-06-21,0.044203202146454006
2017-06-22,0.053664711980701815
2017-06-23,0.054993500559755694
2017-06-24,0.07112049490280536
2017-06-25,0.07614618237943155
2017-06-26,0.05672561661514712
2017-06-27,0.06034212754018819
2017-06-28,0.05190618066351311
2017-06-29,0.0653445092729917
2017-06-30,0.05973976277674129
2017-07-01,0.048910238122843924
2017-07-02,0.09303965134008602
2017-07-03,0.03907633273116363
2017-07-04,0.07908913913416675
2017-07-05,0.02291414147346126
2017-07-06,0.0662723307290291
2017-07-07,0.07873136703453676
2017-07-08,0.011855618579841604
2017-07-09,0.052779011461101887
2017-07-10,0.06430828082488088
2017-07-11,0.055039272082561326
2017-07-12,0.05756311871213927
2017-07-13,0.05272446324753327
2017-07-14,0.02811504347276816
2017-07-15,0.09736091184310884
2017-07-16,0.03992924273368402
2017-07-17,0.05868322477557811
2017-07-18,0.03706320645829146
2017-07-19,0.004482736199586029
2017-07-20,0.031509742525020625
2017-07-21,0.02104786615449724
2017-07-22,0.0718313507844898
2017-07-23,0.0378626396791109
2017-07-24,0.03971817321640074
2017-07-25,0.028713385747925278
2017-07-26,0.051880707974302054
2017-07-27,0.035670829672774386
2017-07-28,0.06984709462493577
2017-07-29,0.05604078646178322
2017-07-30,0.03856348428551104
2017-07-31,0.06700466103674038
2017-08-01,0.05015881046046476
2017-08-02,0.050429938113799026
2017-08-03,0.020747301925361488
2017-08-04,0.04857827734429373
2017-08-05,0.056430892786359974
2017-08-06,0.07667133644396691
2017-08-07,0.03496212740193355
2017-08-08,0.09556217246771023
2017-08-09,0.06113736633657972
2017-08-10,0.019611762479323856
2017-08-11,0.033096037718288875
2017-08-12,0.07841998328433639
2017-08-13,0.0748645828592479
2017-08-14,0.05036186963121005
2017-08-15,0.05299835406115704
2017-08-16,0.02670779452548058
2017-08-17,0.07642885480470685
2017-08-18,0.030244658264510657
2017-08-19,0.06689482222246836
2017-08-20,0.07704084737330276
2017-08-21,0.05096311108439018
2017-08-22,0.06935222732244398
2017-08-23,0.08695279416051388
2017-08-24,0.05535937598421476
2017-08-25,0.04649396367136108
2017-08-26,0.048662942848969666
2017-08-27,0.03514024194655824
2017-08-28,0.03468832414526254
2017-08-29,0.058848135276514064
2017-08-30,0.04672100355701431
2017-08-31,0.05655138353702532
2017-09-01,0.020201277002948576
2017-09-02,0.0481476234962572
2017-09-03,0.07060235700180927
2017-09-04,0.02762151446047964
2017-09-05,0.05033052828269102
2017-09-06,0.012907813782031784
2017-09-07,0.023890759554536525
2017-09-08,0.06615321775356099
2017-09-09,0.04381431413374101
2017-09-10,0.08644145731077085
2017-09-11,0.05864886220848626
2017-09-12,0.06061191329778649
2017-09-13,0.028470359002102017
2017-09-14,0.04229789246311094
2017-09-15,0.035347276359047754
2017-09-16,0.028691165208988286
2017-09-17,0.0632778625219227
2017-09-18,0.06729031731537359
2017-09-19,0.05797874388334898
2017-09-20,0.03343865613548026
2017-09-21,0.05661460070194926
2017-09-22,0.011746431970686873
2017-09-23,0.0764601853741608
2017-09-24,0.02403699648725127
2017-09-25,0.027590820351230734
2017-09-26,0.05230584539140386
2017-09-27,0.05408319120484092
2017-09-28,0.04854502803096431
2017-09-29,0.02779744118035407
2017-09-30,0.07266695987206584
2017-10-01,0.01628101597861499
2017-10-02,0.020334620191031105
2017-10-03,0.04786034456091038
2017-10-04,0.024715320363112248
2017-10-05,0.0744525055255185
2017-10-06,0.026435707291741706
2017-10-07,0.08114054304420625
2017-10-08,0.07070244331543146
2017-10-09,0.07470111471015167
2017-10-10,0.08774211965906492
2017-10-11,0.051624558481915314
2017-10-12,0.02974050808360085
2017-10-13,0.04793984248462717
2017-10-14,0.03866668789182075
2017-10-15,0.035816174549725556
2017-10-16,0.05301706873613665
2017-10-17,0.04376591571584507
2017-10-18,0.034955806313660076
2017-10-19,0.04509195214825484
2017-10-20,0.0609795692840741
2017-10-21,0.06912834413185392
2017-10-22,0.01794152173618021
2017-10-23,0.04393597827342916
2017-10-24,0.04717313589050591
2017-10-25,0.026349599555447363
2017-10-26,0.04760588533918603
2017-10-27,0.052959912190800554
2017-10-28,0.06037669090561982
2017-10-29,0.05154316051263341
2017-10-30,0.03238101180004889
2017-10-31,0.09024060055143694
2017-11-01,0.06658253543243196
2017-11-02,0.06105439489299734
2017-11-03,0.07009662514021872
2017-11-04,0.054892183436209545
2017-11-05,0.0757260177104391
2017-11-06,0.05113743900571529
2017-11-07,0.05003494920548368
2017-11-08,0.06270456957582408
2017-11-09,0.08152715092581847
2017-11-10,0.08024097230578614
2017-11-11,0.06185695196519991
2017-11-12,0.060332237171536
2017-11-13,0.06392084822192973
2017-11-14,0.06971241826673195
2017-11-15,0.07597463878826485
2017-11-16,0.04526831831992301
2017-11-17,0.07636122579674783
2017-11-18,0.05685990228142612
2017-11-19,0.063018632449999
2017-11-20,0.0776389864306799
2017-11-21,0.06494124500181357
2017-11-22,0.06831991126305681
2017-11-23,0.042211629334351575
2017-11-24,0.0799662308749936
2017-11-25,0.06391373422152251
2017-11-26,0.052521314356809956
2017-11-27,0.07202148773786206
2017-11-28,0.10175660995520998
2017-11-29,0.02662150996356131
2017-11-30,0.03392534754153436
2017-12-01,0.10370610617671769
2017-12-02,0.05853389684608749
2017-12-03,0.05381739357263136
2017-12-04,0.0476922851667567
2017-12-05,0.0741687200194288
2017-12-06,0.10222494617620576
2017-12-07,0.03669622918533309
2017-12-08,0.04806246545621332
2017-12-09,0.04298545742864268
2017-12-10,0.06465729953638556
2017-12-11,0.0744478687530115
2017-12-12,0.08241865570666235
2017-12-13,0.06533436565240561
2017-12-14,0.10038665582487236
2017-12-15,0.038504940335851744
2017-12-16,0.03330918895134592
2017-12-17,0.07938688586632418
2017-12-18,0.05245664639192674
2017-12-19,0.022481193531694383
2017-12-20,0.04367874056725102
2017-12-21,0.05511317308194548
2017-12-22,0.037075035241852905
2017-12-23,0.029706786258108228
2017-12-24,0.045847417269482486
2017-12-25,0.028709331592765775
2017-12-26,0.06270262077960465
2017-12-27,0.011123903062143073
2017-12-28,0.05180849855930845
2017-12-29,0.06039019776216605
2017-12-30,0.04818917520503248
2017-12-31,0.07186445794141746
2018-01-01,0.02258877531591729
2018-01-02,0.035978209972477714
2018-01-03,0.04339930707498221
2018-01-04,0.06425449138818613
2018-01-05,0.05437015172092242
2018-01-06,0.09286731965484836
2018-01-07,0.033884282060522145
2018-01-08,0.022100222028386976
2018-01-09,0.08578177965866123
2018-01-10,0.021382828321352344
2018-01-11,0.0636612542279809
2018-01-12,0.030426599159560617
2018-01-13,0.00861363298304628
2018-01-14,0.042504324123735365
2018-01-15,0.0679899992495432
2018-01-16,0.025564578230538527
2018-01-17,0.061521894562896626
2018-01-18,0.06525727122372904
2018-01-19,0.02456619716961392
2018-01-20,0.04544477422575259
2018-01-21,0.08154149644654328
2018-01-22,0.06301185239927487
2018-01-23,0.044770150708479596
2018-01-24,0.058305909625078395
2018-01-25,0.03629473383059104
2018-01-26,0.0722739135677005
2018-01-27,0.0722652012920428
2018-01-28,0.0524181183017211
2018-01-29,0.054614123129153876
2018-01-30,0.03002406249988655
2018-01-31,0.022959271458643415
2018-02-01,0.04246790512116939
2018-02-02,0.04825196580617644
2018-02-03,0.07125254994775979
2018-02-04,0.06844855501236621
2018-02-05,0.05369665776718186
2018-02-06,0.07381077968745574
2018-02-07,0.031130276423711935
2018-02-08,0.0715467377455674
2018-02-09,0.03419142571301065
2018-02-10,0.07479389060128486
2018-02-11,0.049733070704600375
2018-02-12,0.010034266469245254
2018-02-13,0.06460314328062884
2018-02-14,0.0661909151900156
2018-02-15,0.040868398910228365
2018-02-16,0.042574808432119665
2018-02-17,0.046809094402307926
2018-02-18,0.011496963747474574
2018-02-19,0.002705436538097135
2018-02-20,0.07603251276260779
2018-02-21,0.03351864665178847
2018-02-22,0.08710528219152727
2018-02-23,0.07740803602277829
2018-02-24,0.08134390628539478
2018-02-25,0.0369940209506569
2018-02-26,0.017831976261388383
2018-02-27,0.028262353868112905
2018-02-28,0.04107090545694177
2018-03-01,0.0025354053429871987
2018-03-02,0.04049148621751666
2018-03-03,0.04596643944977779
2018-03-04,0.024111580568266112
2018-03-05,0.029190298035083353
2018-03-06,0.04558802957638397
2018-03-07,0.05712573096620603
2018-03-08,0.03218354663999512
2018-03-09,0.05584505219152539
2018-03-10,0.05273692015975711
2018-03-11,0.05093771718036782
2018-03-12,0.03695971752286846
2018-03-13,0.02333240807929235
2018-03-14,0.0839290395980148
2018-03-15,0.06260611832914852
2018-03-16,0.07011463306121477
2018-03-17,0.048327406303221555
2018-03-18,0.046719491154797246
2018-03-19,0.05981319361450775
2018-03-20,0.01330623299095509
2018-03-21,0.02770713061293711
2018-03-22,0.03404450243943254
2018-03-23,0.040908671549164756
2018-03-24,0.03240608641059692
2018-03-25,0.05665614250501493
2018-03-26,0.05162894468925672
2018-03-27,0.07785729379502754
2018-03-28,0.09947518314225125
2018-03-29,0.024742995197031343
2018-03-30,0.05294610427936891
2018-03-31,0.05291051756413949
2018-04-01,0.049716038604706754
2018-04-02,0.02830350858068997
2018-04-03,0.031656051087148994
2018-04-04,0.05480811223832239
2018-04-05,0.031092998533855273
2018-04-06,0.05318543944334016
2018-04-07,0.0450810043090879
2018-04-08,0.052833158062425646
2018-04-09,0.03093399059131132
2018-04-10,0.05314938484669073
2018-04-11,0.032380948330468194
2018-04-12,0.05321391217313837
2018-04-13,0.07678792244878314
2018-04-14,0.05521967700032141
2018-04-15,0.05643740764766115
2018-04-16,0.06634413034995096
2018-04-17,0.021928833110534743
2018-04-18,0.08437843147446025
2018-04-19,0.028888200147752605
2018-04-20,0.06759321994737874
2018-04-21,0.06493819974512646
2018-04-22,0.03195667276990479
2018-04-23,0.07017772273533525
2018-04-24,0.059956255328266185
2018-04-25,0.08779957288804516
2018-04-26,0.05386757502682587
2018-04-27,0.047829133369548055
2018-04-28,0.03970474944163592
2018-04-29,0.015132894572976535
2018-04-30,0.043635448704976806
2018-05-01,0.04448203211482246
2018-05-02,0.0552411636511487
2018-05-03,0.021537937782350688
2018-05-04,0.04521975577626242
2018-05-05,0.061525027840442316
2018-05-06,0.06351019350985034
2018-05-07,0.012803696477253455
2018-05-08,0.06412813217306448
2018-05-09,0.045068521737570165
2018-05-10,0.04629978245002892
2018-05-11,0.002709692602883243
2018-05-12,0.07987142325115759
2018-05-13,0.053535977700225904
2018-05-14,0.019370791469545862
2018-05-15,0.05750403149832933
2018-05-16,0.05688956881694049
2018-05-17,0.0744508830586598
2018-05-18,0.043806224614182446
2018-05-19,0.05023992137877173
2018-05-20,0.03714384399524184
2018-05-21,0.061958972279854765
2018-05-22,0.03433019316649901
2018-05-23,0.03214018965839541
2018-05-24,0.04864404924440159
2018-05-25,0.025482724573923428
2018-05-26,0.08204262437078469
2018-05-27,0.08854533455483751
2018-05-28,0.040928198291563696
2018-05-29,0.022268099868856698
2018-05-30,0.056731840778041234
2018-05-31,0.04035794964062152
2018-06-01,0.07349362265056064
2018-06-02,0.03425706808940193
2018-06-03,0.060890264448568855
2018-06-04,0.052279871787833866
2018-06-05,0.0364747697877318
2018-06-06,0.054800996569838833
2018-06-07,0.067570651169497
2018-06-08,0.05173697038110794
2018-06-09,0.05194569330252517
2018-06-10,0.03254433144292651
2018-06-11,0.07288409595808272
2018-06-12,0.07089093156286368
2018-06-13,0.04178881622627007
2018-06-14,0.04751423081034009
2018-06-15,0.07828441345380655
2018-06-16,0.027328583579050898
2018-06-17,0.062085767827175634
2018-06-18,0.038827724537377435
2018-06-19,0.08556155753503282
2018-06-20,0.051268934573306744
2018-06-21,0.07520757036280085
2018-06-22,0.03477345303077743
2018-06-23,0.025029426353514645
2018-06-24,0.045314810855977765
2018-06-25,0.05525366915893673
2018-06-26,0.03978536635967173
2018-06-27,0.06516614852549935
2018-06-28,0.045800928643791414
2018-06-29,0.008371256764667892
2018-06-30,0.061056239583860014
2018-07-01,0.03234925881705686
2018-07-02,0.04276805236646963
2018-07-03,0.08106262407078711
2018-07-04,0.0854562344824218
2018-07-05,0.03849013129814378
2018-07-06,0.0615557326126368
2018-07-07,0.03895451019154711
2018-07-08,0.04426254042202794
2018-07-09,0.03788449170202895
2018-07-10,0.015513126392070309
2018-07-11,0.05190110447467419
2018-07-12,0.05576330773892334
2018-07-13,0.036579965093777235
2018-07-14,0.07175583422874218
2018-07-15,0.041278395658095615
2018-07-16,0.03725576350281971
2018-07-17,0.06053006236216213
2018-07-18,0.019146360200549422
2018-07-19,0.06813358063405611
2018-07-20,0.041956616852112744
2018-07-21,0.0697857215278818
2018-07-22,0.07576261051658312
2018-07-23,0.06280306884714283
2018-07-24,0.03376053414543378
2018-07-25,0.02498336587031191
2018-07-26,0.02131854673329528
2018-07-27,0.07205821403402622
2018-07-28,0.047303997755996335
2018-07-29,0.03801556410938303
2018-07-30,0.047358356969222165
2018-07-31,0.07161242417908337
2018-08-01,0.065574795707191
2018-08-02,0.05877012311417709
2018-08-03,0.06275772114852811
2018-08-04,0.05360344710993898
2018-08-05,0.0560422611459285
2018-08-06,0.05442050462302094
2018-08-07,0.049998775087448925
2018-08-08,0.06506747767662563
2018-08-09,0.057225642124007894
2018-08-10,0.032385699377860844
2018-08-11,0.06057748771045307
2018-08-12,0.054944941327586094
2018-08-13,0.06222826937830198
2018-08-14,0.04791586172769943
2018-08-15,0.06623480627534316
2018-08-16,0.04877182898267687
2018-08-17,0.0644775937320109
2018-08-18,0.04087056968098979
2018-08-19,0.04225491891802095
2018-08-20,0.062041050464202496
2018-08-21,0.04336453212510512
2018-08-22,0.09411565389496324
2018-08-23,0.06132889973558054
2018-08-24,0.05049846972308402
2018-08-25,0.06639801553517699
2018-08-26,0.04038639180046966
2018-08-27,0.06846029638466035
2018-08-28,0.06790470433327066
2018-08-29,0.075070681155591
2018-08-30,0.04118380937302846
2018-08-31,0.025545334917245102
2018-09-01,0.037796907215949034
2018-09-02,0.044367389680545065
2018-09-03,0.08334423201703511
2018-09-04,0.09390024058255497
2018-09-05,0.05689324609287965
2018-09-06,0.05018781216037199
2018-09-07,0.043001843390515784
2018-09-08,0.06649380700421734
2018-09-09,0.09377162783983035
2018-09-10,0.08571701782376544
2018-09-11,0.07275953225211668
2018-09-12,0.07246605062227714
2018-09-13,0.06664619772508229
2018-09-14,0.04905418708582931
2018-09-15,0.03526903554918409
2018-09-16,0.04958371821344117
2018-09-17,0.058446792042627066
2018-09-18,0.0209273220256341
2018-09-19,0.04694098541267583
2018-09-20,0.03348135290817453
2018-09-21,0.07027682322136283
2018-09-22,0.039005831956865786
2018-09-23,0.05656440663961975
2018-09-24,0.03599959414128847
2018-09-25,0.08195398651921831
2018-09-26,0.015984861269308287
2018-09-27,0.05951680753687934
2018-09-28,0.024454846631201354
2018-09-29,0.039813346990302985
2018-09-30,0.0541237340736901
2018-10-01,0.05510714062633675
2018-10-02,0.05458533682190826
2018-10-03,0.05303498281951001
2018-10-04,0.03716311476253115
2018-10-05,0.04671893353822378
2018-10-06,0.0506326803235783
2018-10-07,0.053907207935177656
2018-10-08,0.04868639054386024
2018-10-09,0.06459180841968909
2018-10-10,0.05186773940301885
2018-10-11,0.05402651935243227
2018-10-12,0.04234695303376966
2018-10-13,0.028951161467711557
2018-10-14,0.05308057861464941
2018-10-15,0.07414892087925876
2018-10-16,0.058877224614608266
2018-10-17,0.033650121175704165
2018-10-18,0.06629480051637208
2018-10-19,0.04329765864412087
2018-10-20,0.06429307960960574
2018-10-21,0.04262408270207678
2018-10-22,0.0570661287965474
2018-10-23,0.039630053267513066
2018-10-24,0.040138950070593316
2018-10-25,0.01867469265808521
2018-10-26,0.0602414963832232
2018-10-27,0.05740339269640674
2018-10-28,0.05852885432521886
2018-10-29,0.055506611222636226
2018-10-30,0.03475499933353394
2018-10-31,0.0693179852898716
2018-11-01,0.06985558600184541
2018-11-02,0.03423525069658835
2018-11-03,0.06064247982699916
2018-11-04,0.06749982370735955
2018-11-05,0.040598034533125577
2018-11-06,0.04407928621511296
2018-11-07,0.06068226816423572
2018-11-08,0.01979340461171398
2018-11-09,0.028229655569320004
2018-11-10,0.030204499842608774
2018-11-11,0.014073672703490095
2018-11-12,0.0716987954837496
2018-11-13,0.01023736371616666
2018-11-14,0.056862213268627324
2018-11-15,0.0662336678951044
2018-11-16,0.04412808091173466
2018-11-17,0.0366326475053751
2018-11-18,0.054656849014732785
2018-11-19,0.05003666001188963
2018-11-20,0.07007009724832831
2018-11-21,0.0
2018-11-22,0.03162585047703745
2018-11-23,0.06123153767832111
2018-11-24,0.051008948855489206
2018-11-25,0.06504068318393734
2018-11-26,0.055240399524793246
2018-11-27,0.04730525873517375
2018-11-28,0.04395423113812992
2018-11-29,0.09650110031751173
2018-11-30,0.08069892548063023
2018-12-01,0.05991010196190444
2018-12-02,0.0515692778689683
2018-12-03,0.06076265098706869
2018-12-04,0.06653669435745815
2018-12-05,0.058376533714090184
2018-12-06,0.034972397532268835
2018-12-07,0.08569021535449022
2018-12-08,0.05492416455508039
2018-12-09,0.0902786006077963
2018-12-10,0.05374294973754668
2018-12-11,0.04508693295748932
2018-12-12,0.07768280248092928
2018-12-13,0.05602373916155535
2018-12-14,0.052668452690185795
2018-12-15,0.02599271588714812
2018-12-16,0.06320435610271656
2018-12-17,0.04013379234088184
2018-12-18,0.04104417581852052
2018-12-19,0.04018902309189657
2018-12-20,0.058780676693906055
2018-12-21,0.019292474528486203
2018-12-22,0.04578309314548386
2018-12-23,0.06960557982218757
2018-12-24,0.02508662261319985
2018-12-25,0.0534575792186917
2018-12-26,0.03737201159458331
2018-12-27,0.041926137610687336
2018-12-28,0.08310304520779814
2018-12-29,0.016990216329099833
2018-12-30,0.06531260676343233
2018-12-31,0.04044143462445575
2019-01-01,0.03944672029708665
2019-01-02,0.027768753150234655
2019-01-03,0.06507799274547271
2019-01-04,0.046171907674319675
2019-01-05,0.04364661172410696
2019-01-06,0.0521967385840815
2019-01-07,0.04659425748516399
2019-01-08,0.009986242404929513
2019-01-09,0.040183516340452835
2019-01-10,0.06790881781896649
2019-01-11,0.019867670717753836
2019-01-12,0.02820124200287291
2019-01-13,0.04146417209202949
2019-01-14,0.035487531627257166
2019-01-15,0.049442290357167844
2019-01-16,0.02813846496642519
2019-01-17,0.042242909523812544
2019-01-18,0.04904010936801332
2019-01-19,0.06297880832415942
2019-01-20,0.07489578772199193
2019-01-21,0.044769056922931205
2019-01-22,0.0877612048249165
2019-01-23,0.046321908389109524
2019-01-24,0.06657750296513062
2019-01-25,0.08863015469453558
2019-01-26,0.05278616818471871
2019-01-27,0.022529467568449292
2019-01-28,0.051818077144152624
2019-01-29,0.03776714223590179
2019-01-30,0.04451135946055096
2019-01-31,0.08969953764990429
2019-02-01,0.02554473153552249
2019-02-02,0.05600933644611718
2019-02-03,0.03244557439356551
2019-02-04,0.04384684117598171
2019-02-05,0.06489684670408968
2019-02-06,0.05636327886946046
2019-02-07,0.04549935462076822
2019-02-08,0.03700399349470744
2019-02-09,0.05632156384307229
2019-02-10,0.08415373434306742
2019-02-11,0.031972961147527526
2019-02-12,0.08823327770915546
2019-02-13,0.07398994901450302
2019-02-14,0.07738706735155534
2019-02-15,0.05616864761859203
2019-02-16,0.07342259551019789
2019-02-17,0.02982337435098748
2019-02-18,0.03663912184302977
2019-02-19,0.06531627627840784
2019-02-20,0.05591690110447633
2019-02-21,0.04703241483004462
2019-02-22,0.0
2019-02-23,0.041290519039236584
2019-02-24,0.02651892439403469
2019-02-25,0.059870686226230055
2019-02-26,0.04617662942865529
2019-02-27,0.03743398911666991
2019-02-28,0.10285820965248607
2019-03-01,0.0707634895338847
2019-03-02,0.07111744282712118
2019-03-03,0.09404430289364346
2019-03-04,0.06604383565366219
2019-03-05,0.03458091981054269
2019-03-06,0.03224207296616527
2019-03-07,0.0692980551750847
2019-03-08,0.008812914404496469
2019-03-09,0.048444407379808686
2019-03-10,0.006577512448871038
2019-03-11,0.05197687016779013
2019-03-12,0.06708140501423906
2019-03-13,0.05558831069207265
2019-03-14,0.06876218717941196
2019-03-15,0.0892965388331983
2019-03-16,0.047129231254759825
2019-03-17,0.10615301566557762
2019-03-18,0.054253399123403094
2019-03-19,0.0689833012538072
2019-03-20,0.03777874570869866
2019-03-21,0.08238627959261363
2019-03-22,0.07083420397085259
2019-03-23,0.07942902605135996
2019-03-24,0.051090088435479096
2019-03-25,0.024891648712334215
2019-03-26,0.059207948792508125
2019-03-27,0.016059603733529687
2019-03-28,0.043276283927560964
2019-03-29,0.053821608732645014
2019-03-30,0.09754448585021536
2019-03-31,0.056370972238838815
2019-04-01,0.052790749381660784
2019-04-02,0.04873935151929415
2019-04-03,0.023158181904699652
2019-04-04,0.051716516800260154
2019-04-05,0.052057653522735454
2019-04-06,0.030627830090925658
2019-04-07,0.026265087711432707
2019-04-08,0.04036858634464534
2019-04-09,0.05129865957145387
2019-04-10,0.04084891637237084
2019-04-11,0.028982491006969577
2019-04-12,0.05578544504008611
2019-04-13,0.060777336483384584
2019-04-14,0.052425954184444706
2019-04-15,0.038740345722461336
2019-04-16,0.06189682042464517
2019-04-17,0.046189254205460384
2019-04-18,0.026218325853097014
2019-04-19,0.07072488710002797
2019-04-20,0.057070160385329805
2019-04-21,0.04761419388608522
2019-04-22,0.0185789559033055
2019-04-23,0.03510279441729577
2019-04-24,0.09037131424765854
2019-04-25,0.01983315876238606
2019-04-26,0.044973014407166154
2019-04-27,0.04967328475292761
2019-04-28,0.056409535788231095
2019-04-29,0.020056581283471722
2019-04-30,0.053483525128092006
2019-05-01,0.01627789075056641
2019-05-02,0.05194857592391023
2019-05-03,0.036952041619808355
2019-05-04,0.032682614661643794
2019-05-05,0.06669634317335175
2019-05-06,0.04528787513272236
2019-05-07,0.05947421609815143
2019-05-08,0.06013653822755635
2019-05-09,0.07539906977910205
2019-05-10,0.025834845167579508
2019-05-11,0.06838031325039513
2019-05-12,0.05032923244876094
2019-05-13,0.042437508392608125
2019-05-14,0.027014989616194352
2019-05-15,0.062131817230857235
2019-05-16,0.031555509573322295
2019-05-17,0.060356131739542865
2019-05-18,0.08855661545934265
2019-05-19,0.06959954080718657
2019-05-20,0.07782868650301299
2019-05-21,0.03561990445549937
2019-05-22,0.0652546609226399
2019-05-23,0.027115700897272194
2019-05-24,0.04533034194850772
2019-05-25,0.0848254411243824
2019-05-26,0.037843155871470316
2019-05-27,0.07222712368346187
2019-05-28,0.0703129346599943
2019-05-29,0.07149482500441676
2019-05-30,0.024659960477574547
2019-05-31,0.0605040193203136
2019-06-01,0.04686802868166274
2019-06-02,0.07176993715058223
2019-06-03,0.016899992005463098
2019-06-04,0.057355757781312064
2019-06-05,0.05452750405680134
2019-06-06,0.010197665255021297
2019-06-07,0.03229159287810046
2019-06-08,0.013396955737662981
2019-06-09,0.035472893961541865
2019-06-10,0.06098434169330296
2019-06-11,0.05390731151297216
2019-06-12,0.05338800161187098
2019-06-13,0.029205037821372352
2019-06-14,0.07240900983021065
2019-06-15,0.0496236064327732
2019-06-16,0.05067407624515017
2019-06-17,0.06880799137892261
2019-06-18,0.03017308504614923
2019-06-19,0.05457095539743846
2019-06-20,0.0584692498320284
2019-06-21,0.039088636994123044
2019-06-22,0.06304746761519553
2019-06-23,0.05954246341259135
2019-06-24,0.047976465754451504
2019-06-25,0.04735698219730278
2019-06-26,0.06047095315742611
2019-06-27,0.06576942080026381
2019-06-28,0.051257998348132806
2019-06-29,0.07240378920813693
2019-06-30,0.06317051924861167
2019-07-01,0.0142307210054637
2019-07-02,0.021902066049157155
2019-07-03,0.07364470438043323
2019-07-04,0.045064537370582046
2019-07-05,0.05328351645594948
2019-07-06,0.0727858103531829
2019-07-07,0.049871775652563184
2019-07-08,0.05074535219178698
2019-07-09,0.03262541534416542
2019-07-10,0.057399890144550415
2019-07-11,0.06173024437933647
2019-07-12,0.03844236325994288
2019-07-13,0.03155957243388267
2019-07-14,0.10252578510390457
2019-07-15,0.04814183060303434
2019-07-16,0.036326153207814176
2019-07-17,0.06413172890584523
2019-07-18,0.04898411929544216
2019-07-19,0.028284673534757936
2019-07-20,0.0596610714330289
2019-07-21,0.03293758061848363
2019-07-22,0.08152916004311267
2019-07-23,0.05989009259504805
2019-07-24,0.044462391509478325
2019-07-25,0.05218694036044226
2019-07-26,0.06806576242196387
2019-07-27,0.05371922507121597
2019-07-28,0.09244218914467098
2019-07-29,0.07271735032791049
2019-07-30,0.05975214735122244
2019-07-31,0.03126028252983032
2019-08-01,0.04706223792196018
2019-08-02,0.059577499401049054
2019-08-03,0.033542771684837235
2019-08-04,0.075868537499259
2019-08-05,0.03051685316443919
2019-08-06,0.037255486039081964
2019-08-07,0.03875401630210237
2019-08-08,0.06487648921266266
2019-08-09,0.03390127265658455
2019-08-10,0.014000468591618902
2019-08-11,0.07176077671523426
2019-08-12,0.041112274297888766
2019-08-13,0.028629847356961266
2019-08-14,0.034902828935949204
2019-08-15,0.08433525498368702
2019-08-16,0.03685912605454179
2019-08-17,0.047532637892461975
2019-08-18,0.04106163275427968
2019-08-19,0.02534674913132487
2019-08-20,0.035145628755060734
2019-08-21,0.023977831859870104
2019-08-22,0.06911762551361428
2019-08-23,0.052017581292271915
2019-08-24,0.09965355524348643
2019-08-25,0.035821785500188226
2019-08-26,0.032822795077087616
2019-08-27,0.08067519536710657
2019-08-28,0.07115954064136269
2019-08-29,0.05769530043542044
2019-08-30,0.02772616969823457
2019-08-31,0.08489992535455868
2019-09-01,0.04855793680459304
2019-09-02,0.041386497430099284
2019-09-03,0.0728591947383656
2019-09-04,0.049554097574925404
2019-09-05,0.026686598287362348
2019-09-06,0.05080605198997164
2019-09-07,0.03437302396858473
2019-09-08,0.0
2019-09-09,0.03236579615699736
2019-09-10,0.039445288582642984
2019-09-11,0.026887097814139043
2019-09-12,0.061504930642280756
2019-09-13,0.03445104485342437
2019-09-14,0.05956852401668913
2019-09-15,0.025333605272633706
2019-09-16,0.06818437842165077
2019-09-17,0.02447034946667017
2019-09-18,0.0031693918121785403
2019-09-19,0.07474525170326454
2019-09-20,0.03288212392537658
2019-09-21,0.08513858116398818
2019-09-22,0.0612918380241614
2019-09-23,0.06580526636762507
2019-09-24,0.07090945000932146
2019-09-25,0.05225358692498139
2019-09-26,0.05248110835677078
2019-09-27,0.07562680048388618
2019-09-28,0.052227169913961966
2019-09-29,0.03543646306406781
2019-09-30,0.061715171203244476
2019-10-01,0.0077271317123009595
2019-10-02,0.07639117603120427
2019-10-03,0.07680878271930183
2019-10-04,0.07396333336246158
2019-10-05,0.0731954392475539
2019-10-06,0.04831649349317754
2019-10-07,0.047866352310139554
2019-10-08,0.02540719820458288
2019-10-09,0.08496082503422095
2019-10-10,0.040299636539474444
2019-10-11,0.05679770619503762
2019-10-12,0.05508090565909557
2019-10-13,0.02319161636791687
2019-10-14,0.015106499517535892
2019-10-15,0.05011173241734697
2019-10-16,0.04092487764776982
2019-10-17,0.0482112628151333
2019-10-18,0.07130831260406466
2019-10-19,0.054498883010740455
2019-10-20,0.06517045081529461
2019-10-21,0.05890656324351155
2019-10-22,0.043673316135203366
2019-10-23,0.029963936656138727
2019-10-24,0.05529435736226937
2019-10-25,0.05167785238692183
2019-10-26,0.06830312675009495
2019-10-27,0.04698199860555014
2019-10-28,0.04405316909768955
2019-10-29,0.045410012324368004
2019-10-30,0.03162546729989109
2019-10-31,0.07893819889640916
2019-11-01,0.07279257509231524
2019-11-02,0.025739403420839066
2019-11-03,0.066078962839451
2019-11-04,0.013099898721352692
2019-11-05,0.06970578466222045
2019-11-06,0.0360729909778465
2019-11-07,0.05719801115356503
2019-11-08,0.01140980620916656
2019-11-09,0.026025915366440996
2019-11-10,0.05937405934498819
2019-11-11,0.0359818363323444
2019-11-12,0.03320074259255603
2019-11-13,0.07791723394904196
2019-11-14,0.0942191842254575
2019-11-15,0.06874027873638966
2019-11-16,0.028162388565298728
2019-11-17,0.085270386656354
2019-11-18,0.018771354807032358
2019-11-19,0.04391017091849348
2019-11-20,0.05109555533974747
2019-11-21,0.08848075687677498
2019-11-22,0.06825318275103451
2019-11-23,0.04072484610400961
2019-11-24,0.031100874584405008
2019-11-25,0.07004385307606509
2019-11-26,0.03933282085559289
2019-11-27,0.0543348017572995
2019-11-28,0.022604470214817686
2019-11-29,0.061385157104484014
2019-11-30,0.05977390291494958
2019-12-01,0.02516759876683657
2019-12-02,0.0706324622574328
2019-12-03,0.061094916164855635
2019-12-04,0.06480048505560196
2019-12-05,0.04242642614499739
2019-12-06,0.05357912822572885
2019-12-07,0.05126757737730649
2019-12-08,0.047036591904915395
2019-12-09,0.05341006556331692
2019-12-10,0.07512885947592765
2019-12-11,0.07149901277407854
2019-12-12,0.026362786450622868
2019-12-13,0.0697080363381388
2019-12-14,0.07382286745496072
2019-12-15,0.04697644653295268
2019-12-16,0.06016894207595554
2019-12-17,0.05988003334606036
2019-12-18,0.03300066766651398
2019-12-19,0.04236087424943344
2019-12-20,0.06501620477703214
2019-12-21,0.04008355526337098
2019-12-22,0.06950999118524616
2019-12-23,0.07609944881699524
2019-12-24,0.07287343683960942
2019-12-25,0.08959609206338914
2019-12-26,0.04818535435417775
2019-12-27,0.05354402147938126
2019-12-28,0.05641326095525281
2019-12-29,0.048792041500185235
2019-12-30,0.060843579482032895
2019-12-31,0.01577591941976022
2020-01-01,0.054098107773850386
2020-01-02,0.022451267002342085
2020-01-03,0.030747534447848442
2020-01-04,0.06465779622059828
2020-01-05,0.0460176752310196
2020-01-06,0.06395228949431613
2020-01-07,0.0455844679279774
2020-01-08,0.07212812632782312
2020-01-09,0.04521838588757393
2020-01-10,0.010901630208737537
2020-01-11,0.05450785164022542
2020-01-12,0.006622803085948981
2020-01-13,0.020945581949351852
2020-01-14,0.0323410694200286
2020-01-15,0.029845810444596256
2020-01-16,0.039098983911674295
2020-01-17,0.029158643529377887
2020-01-18,0.021880946728286547
2020-01-19,0.08083671489681549
2020-01-20,0.036437109072162084
2020-01-21,0.005384646937052047
2020-01-22,0.04278163253981486
2020-01-23,0.027505378839448928
2020-01-24,0.03230064745414373
2020-01-25,0.0642068496270497
2020-01-26,0.041036847624295644
2020-01-27,0.0269480679756423
2020-01-28,0.05892507019914489
2020-01-29,0.07299881661218172
2020-01-30,0.0607374432527969
2020-01-31,0.0009288885669914912
2020-02-01,0.027700209952059723
2020-02-02,0.050948970612724104
2020-02-03,0.0451140118947197
2020-02-04,0.04345449692121607
2020-02-05,0.03034486614318332
2020-02-06,0.02188831833845121
2020-02-07,0.09015563435626041
2020-02-08,0.05054221906277824
2020-02-09,0.06284243577734835
2020-02-10,0.05012502347167618
2020-02-11,0.0509269739727598
2020-02-12,0.04875793200381425
2020-02-13,0.02759108281851136
2020-02-14,0.01971021083931505
2020-02-15,0.05772450747489974
2020-02-16,0.053756848145423336
2020-02-17,0.06876561796919414
2020-02-18,0.06470721653284053
2020-02-19,0.033829756145006586
2020-02-20,0.07265182617843743
2020-02-21,0.06530054390309036
2020-02-22,0.06381683139714671
2020-02-23,0.09498653583957617
2020-02-24,0.09087917525016376
2020-02-25,0.06379827533109772
2020-02-26,0.061303944116750594
2020-02-27,0.07163310363539362
2020-02-28,0.038320924606592574
2020-02-29,0.038603414848179
2020-03-01,0.06346842814183827
2020-03-02,0.032870478217448554
2020-03-03,0.06185538971046511
2020-03-04,0.0531366433307238
2020-03-05,0.03287619790815763
2020-03-06,0.05051733020576599
2020-03-07,0.07610163184276833
2020-03-08,0.05164740901307675
2020-03-09,0.05173095295235955
2020-03-10,0.05657970557809193
2020-03-11,0.05918377045783218
2020-03-12,0.04338319067837614
2020-03-13,0.05700522095934096
2020-03-14,0.02901859280818534
2020-03-15,0.03401857886332224
2020-03-16,0.03657701783848755
2020-03-17,0.059395253792682165
2020-03-18,0.053204656551125544
2020-03-19,0.04731280845512094
2020-03-20,0.06381539979170574
2020-03-21,0.05757724165484672
2020-03-22,0.044200464400342566
2020-03-23,0.029295383143603762
2020-03-24,0.033605823975464945
2020-03-25,0.020663810692142168
2020-03-26,0.05281139100301652
2020-03-27,0.03275722435092657
2020-03-28,0.04009354036032259
2020-03-29,0.04744818638742272
2020-03-30,0.07087990382661372
2020-03-31,0.06857581196633639
2020-04-01,0.04890583057492052
2020-04-02,0.07531006978800599
2020-04-03,0.009753029813582788
2020-04-04,0.08754441099533025
2020-04-05,0.0638499942860917
2020-04-06,0.05205606570039859
2020-04-07,0.032172806384958744
2020-04-08,0.041238652677390714
2020-04-09,0.062187017911560824
2020-04-10,0.06264158767062827
2020-04-11,0.06336786741181574
2020-04-12,0.035430065312670796
2020-04-13,0.03140304573969581
2020-04-14,0.05390410488705013
2020-04-15,0.06539707915542947
2020-04-16,0.050063696990097176
2020-04-17,0.07962968493770335
2020-04-18,0.05066274924380223
2020-04-19,0.04998582712334028
2020-04-20,0.06341119982385339
2020-04-21,0.07438460275184078
2020-04-22,0.023014894803909103
2020-04-23,0.02763976583928804
2020-04-24,0.043734771245119236
2020-04-25,0.11317883569177327
2020-04-26,0.04477062874918136
2020-04-27,0.04756434113978863
2020-04-28,0.062367038596158365
2020-04-29,0.06953857805626949
2020-04-30,0.05339570232909512
2020-05-01,0.07328694990080513
2020-05-02,0.026120576339481606
2020-05-03,0.0346782315051455
2020-05-04,0.07324973901159279
2020-05-05,0.050218862295669485
2020-05-06,0.024750987899826705
2020-05-07,0.023549241367655852
2020-05-08,0.03378118389310591
2020-05-09,0.050042510843158326
2020-05-10,0.05934759139453578
2020-05-11,0.04341880000111722
2020-05-12,0.05769998378479038
2020-05-13,0.0412586702661277
2020-05-14,0.07447840403233835
2020-05-15,0.10103680189144712
2020-05-16,0.04214774535831152
2020-05-17,0.059598656215978915
2020-05-18,0.05796821648300225
2020-05-19,0.05277390852519851
2020-05-20,0.06306501890682584
2020-05-21,0.05957642377959654
2020-05-22,0.04057892859230211
2020-05-23,0.07633091545245377
2020-05-24,0.05403332494973552
2020-05-25,0.04230399160339274
2020-05-26,0.09886405047694803
2020-05-27,0.047675732456888005
2020-05-28,0.05509887682847499
2020-05-29,0.05350880689160674
2020-05-30,0.04740210778097584
2020-05-31,0.058973294100880314
2020-06-01,0.0331000018181675
2020-06-02,0.06193086773046115
2020-06-03,0.014832919432151405
2020-06-04,0.024038604974857422
2020-06-05,0.08651449094337031
2020-06-06,0.024876399465564275
2020-06-07,0.010800822959262789
2020-06-08,0.025371676618676252
2020-06-09,0.08480114538393468
2020-06-10,0.0141627651945457
2020-06-11,0.030883716348168985
2020-06-12,0.020836150313660266
2020-06-13,0.04451741605819983
2020-06-14,0.04127958203638527
2020-06-15,0.04038486986545933
2020-06-16,0.08712267598810274
2020-06-17,0.02601849364724904
2020-06-18,0.04795624440565779
2020-06-19,0.056772024926414685
2020-06-20,0.030395814758557124
2020-06-21,0.05973179962493205
2020-06-22,0.04200379010893385
2020-06-23,0.057486181323797125
2020-06-24,0.04784001496948694
2020-06-25,0.008989375488673922
2020-06-26,0.07612197425531483
2020-06-27,0.09140916630708143
2020-06-28,0.04646491636130373
2020-06-29,0.03204095896266792
2020-06-30,0.08012025442351377
2020-07-01,0.08780765805734943
2020-07-02,0.04662409176820005
2020-07-03,0.04562638769558971
2020-07-04,0.04840177804657002
2020-07-05,0.016509022215093906
2020-07-06,0.04417748242613544
2020-07-07,0.0842988377509849
2020-07-08,0.046626226784588796
2020-07-09,0.029199309442555898
2020-07-10,0.059933712386089605
2020-07-11,0.03665602403011776
2020-07-12,0.04867095752664147
2020-07-13,0.024623024389054417
2020-07-14,0.02926751677626537
2020-07-15,0.06475318509727186
2020-07-16,0.05231733558802176
2020-07-17,0.03447885226314368
2020-07-18,0.05239070260609806
2020-07-19,0.037857065825454825
2020-07-20,0.03432479661259662
2020-07-21,0.07328068794496612
2020-07-22,0.06565755106377544
2020-07-23,0.04957454300737811
2020-07-24,0.05288674674499407
2020-07-25,0.049832039653313134
2020-07-26,0.05974018518347078
2020-07-27,0.03400996683088611
2020-07-28,0.06725009466737286
2020-07-29,0.05707131675781626
2020-07-30,0.044738873242208974
2020-07-31,0.04024443936982917
2020-08-01,0.06682261883533618
2020-08-02,0.04699027367699788
2020-08-03,0.03602213808340325
2020-08-04,0.04230860466051353
2020-08-05,0.0653840929777832
2020-08-06,0.017788935975079197
2020-08-07,0.04289182188839055
2020-08-08,0.07141165339351528
2020-08-09,0.046635664557934844
2020-08-10,0.055456334645556826
2020-08-11,0.0717353792907439
2020-08-12,0.06784659306794341
2020-08-13,0.04119882453920157
2020-08-14,0.04739212895592328
2020-08-15,0.06809527803458028
2020-08-16,0.06878938974567797
2020-08-17,0.04823899749370118
2020-08-18,0.04892908695415147
2020-08-19,0.05535367389067703
2020-08-20,0.07733801380034586
2020-08-21,0.07135132241315913
2020-08-22,0.06386773407598037
2020-08-23,0.02842661447872217
2020-08-24,0.044503331869034865
2020-08-25,0.045554266526201946
2020-08-26,0.07836970065206945
2020-08-27,0.04522271217640725
2020-08-28,0.07506885646155227
2020-08-29,0.03858602658937832
2020-08-30,0.04018232084678482
2020-08-31,0.05962908211626282
2020-09-01,0.08136293411143514
2020-09-02,0.04576445741464246
2020-09-03,0.0
2020-09-04,0.01871633195322226
2020-09-05,0.055959231123289134
2020-09-06,0.02050407946436464
2020-09-07,0.03268874347207175
2020-09-08,0.050246839012765145
2020-09-09,0.001012655085070778
2020-09-10,0.04240548421349091
2020-09-11,0.026703828842794618
2020-09-12,0.020016405641984994
2020-09-13,0.0339563112156388
2020-09-14,0.028615821498611377
2020-09-15,0.05938960435984606
2020-09-16,0.07393053573365768
2020-09-17,0.042711462967778745
2020-09-18,0.03807748441906328
2020-09-19,0.041715899976842025
2020-09-20,0.027836257841230755
2020-09-21,0.02422516208760644
2020-09-22,0.01708891094213326
2020-09-23,0.02340958083363653
2020-09-24,0.08263982014225259
2020-09-25,0.03619157929273084
2020-09-26,0.0
2020-09-27,0.038258861230379866
2020-09-28,0.01819170926478357
2020-09-29,0.05118969879994326
2020-09-30,0.049032926895259905
2020-10-01,0.051117712753841096
2020-10-02,0.04918547842509631
2020-10-03,0.04254579390760502
2020-10-04,0.020882077569200276
2020-10-05,0.04850691856057152
2020-10-06,0.07037849178271388
2020-10-07,0.08627346167590408
2020-10-08,0.04524017345387987
2020-10-09,0.047407801094326296
2020-10-10,0.06000854358177787
2020-10-11,0.0798648311894421
2020-10-12,0.04027406778990906
2020-10-13,0.06385302633900676
2020-10-14,0.03354361468951223
2020-10-15,0.05659697980531006
2020-10-16,0.06941208353236741
2020-10-17,0.02418278786904407
2020-10-18,0.03949710555963565
2020-10-19,0.06909566193390003
2020-10-20,0.0623232246102959
2020-10-21,0.0707189228062971
2020-10-22,0.06696879292908134
2020-10-23,0.04317792944166589
2020-10-24,0.09398380296789383
2020-10-25,0.052738199815067895
2020-10-26,0.0
2020-10-27,0.04435307255245401
2020-10-28,0.04061657486001344
2020-10-29,0.06590498334734557
2020-10-30,0.04097629369603739
2020-10-31,0.07197939991638275
2020-11-01,0.061161987448134156
2020-11-02,0.029998190770598798
2020-11-03,0.0471925332877715
2020-11-04,0.03448933111449199
2020-11-05,0.0536951729370734
2020-11-06,0.03437018265529758
2020-11-07,0.05148870461018124
2020-11-08,0.04455388498019178
2020-11-09,0.04695553490640352
2020-11-10,0.09101880759596198
2020-11-11,0.04279029546585591
2020-11-12,0.011311338247656198
2020-11-13,0.07031652289468696
2020-11-14,0.07015911803604016
2020-11-15,0.01042119652406348
2020-11-16,0.03598200757583866
2020-11-17,0.058716211136930464
2020-11-18,0.06048406522434134
2020-11-19,0.049905524730945595
2020-11-20,0.050356507578665693
2020-11-21,0.031228242538336313
2020-11-22,0.00200302573088626
2020-11-23,0.09099014636367073
2020-11-24,0.03062665444586572
2020-11-25,0.05353011380128965
2020-11-26,0.04682304008681328
2020-11-27,0.06794395104547092
2020-11-28,0.052297944269643175
2020-11-29,0.05306881906184
2020-11-30,0.0
2020-12-01,0.03333321854915494
2020-12-02,0.06489266093197994
2020-12-03,0.06309336450143858
2020-12-04,0.03096694352765577
2020-12-05,0.01843942834557756
2020-12-06,0.052531586134458616
2020-12-07,0.0
2020-12-08,0.02702651495324475
2020-12-09,0.08520322150310622
2020-12-10,0.07890134657747537
2020-12-11,0.05974498717530291
2020-12-12,0.05614672628962513
2020-12-13,0.010996584309512024
2020-12-14,0.03518665526701767
2020-12-15,0.04409662804068448
2020-12-16,0.035611725009976225
2020-12-17,0.042995133301842715
2020-12-18,0.07598448848692589
2020-12-19,0.039163538774573556
2020-12-20,0.04318121638886469
2020-12-21,0.06479062573367503
2020-12-22,0.021610485627943935
2020-12-23,0.03319590842322307
2020-12-24,0.035245548244863145
2020-12-25,0.051111842931034955
2020-12-26,0.04310075865012669
2020-12-27,0.043733181813057326
2020-12-28,0.036702920257950106
2020-12-29,0.028583394795704906
2020-12-30,0.06218285848421155
2020-12-31,0.04324391762075491
2021-01-01,0.06238037960294747
2021-01-02,0.02776745339037705
2021-01-03,0.036695156845007154
2021-01-04,0.045576339443064676
2021-01-05,0.04744265926367579
2021-01-06,0.0650873745186442
2021-01-07,0.04138981420815283
2021-01-08,0.0649348448562175
2021-01-09,0.057498880171193895
2021-01-10,0.04786294779834102
2021-01-11,0.03097402407006961
2021-01-12,0.0651375053092664
2021-01-13,0.03147325065372699
2021-01-14,0.049574392396854426
2021-01-15,0.04892119114127841
2021-01-16,0.04585809714765435
2021-01-17,0.042213605540293714
2021-01-18,0.03355846610076658
2021-01-19,0.017661271252598434
2021-01-20,0.07807609465680704
2021-01-21,0.04016553071485501
2021-01-22,0.04743775809765061
2021-01-23,0.04731545232132119
2021-01-24,0.07191208674457497
2021-01-25,0.08866388443035281
2021-01-26,0.05319694839177373
2021-01-27,0.04685994663086165
2021-01-28,0.027530859856811755
2021-01-29,0.021128231011744703
2021-01-30,0.014520501407117983
2021-01-31,0.03408310080953064
2021-02-01,0.008182904053737707
2021-02-02,0.07157659907480224
2021-02-03,0.058461924879868496
2021-02-04,0.044967189706304395
2021-02-05,0.0721876796152158
2021-02-06,0.028576878451934504
2021-02-07,0.03360037889270891
2021-02-08,0.011324134393965103
2021-02-09,0.06548707390040424
2021-02-10,0.03379317427381453
2021-02-11,0.05031391226551648
2021-02-12,0.07005152801149356
2021-02-13,0.07741701510998843
2021-02-14,0.049417072970188596
2021-02-15,0.05768474872542713
2021-02-16,0.031922995079126784
2021-02-17,0.08366746686015067
2021-02-18,0.04667698879401268
2021-02-19,0.05160569903736241
2021-02-20,0.04186293855473548
2021-02-21,0.07398497996827513
2021-02-22,0.05399187846166379
2021-02-23,0.06521869154827249
2021-02-24,0.05707916279957764
2021-02-25,0.0455918123356799
2021-02-26,0.06858937122599183
2021-02-27,0.056906323891507626
2021-02-28,0.03078041878305533
2021-03-01,0.030215772323812395
2021-03-02,0.052976534580632686
2021-03-03,0.06814915804775255
2021-03-04,0.08278841097012807
2021-03-05,0.014455730848383946
2021-03-06,0.05051319698197442
2021-03-07,0.05979295324349993
2021-03-08,0.055913382699895264
2021-03-09,0.07018654210067418
2021-03-10,0.06311067952983004
2021-03-11,0.030289996328393205
2021-03-12,0.02970416622618538
2021-03-13,0.05624909712303449
2021-03-14,0.06981010848845051
2021-03-15,0.052868351059053915
2021-03-16,0.018441338608634436
2021-03-17,0.029056571693674548
2021-03-18,0.06383031711730662
2021-03-19,0.043027098181657356
2021-03-20,0.05235914606406576
2021-03-21,0.07130836078303515
2021-03-22,0.025955819047600893
2021-03-23,0.04171514688196092
2021-03-24,0.03954254373252113
2021-03-25,0.05710805073055734
2021-03-26,0.06545776356543985
2021-03-27,0.02039465086202437
2021-03-28,0.049889272816674615
2021-03-29,0.06738658208092424
2021-03-30,0.012904270970783296
2021-03-31,0.04871215117120786
2021-04-01,0.025684311184335444
2021-04-02,0.03716866192900935
2021-04-03,0.0
2021-04-04,0.07785468237510054
2021-04-05,0.042883417451929744
2021-04-06,0.03385616271928171
2021-04-07,0.05656534090914301
2021-04-08,0.029153795346255017
2021-04-09,0.02725510942237412
2021-04-10,0.08020658339627455
2021-04-11,0.08617326056653599
2021-04-12,0.03815872655435036
2021-04-13,0.0713470941983236
2021-04-14,0.05712080887976173
2021-04-15,0.02172337416579301
2021-04-16,0.031437362123004305
2021-04-17,0.08102199598393871
2021-04-18,0.021464099343516466
2021-04-19,0.09561998676149719
2021-04-20,0.03857275648176442
2021-04-21,0.08161629812586467
2021-04-22,0.043888724107143263
2021-04-23,0.06599807183002303
2021-04-24,0.07790066280241378
2021-04-25,0.0777990763536202
2021-04-26,0.0383126893841406
2021-04-27,0.032852238002017475
2021-04-28,0.048375759804977304
2021-04-29,0.023990407579320437
2021-04-30,0.05478528351221117
2021-05-01,0.033584066954449696
2021-05-02,0.07165419547085831
2021-05-03,0.03859775167563723
2021-05-04,0.015154820610399598
2021-05-05,0.07801829552338593
2021-05-06,0.053667360066637276
2021-05-07,0.05058269780840147
2021-05-08,0.07188789569892419
2021-05-09,0.06743153004596314
2021-05-10,0.034762929119791494
2021-05-11,0.0410043678794768
2021-05-12,0.027740894998813243
2021-05-13,0.020710958897503698
2021-05-14,0.06157185069830779
2021-05-15,0.05784368620083363
2021-05-16,0.06521658423045033
2021-05-17,0.07563210882991886
2021-05-18,0.06548949589851345
2021-05-19,0.06726918952610517
2021-05-20,0.008440774836557259
2021-05-21,0.043860295161500126
2021-05-22,0.06929152989339975
2021-05-23,0.026635825275895673
2021-05-24,0.051833427656755277
2021-05-25,0.060389288812270125
2021-05-26,0.05885706987676974
2021-05-27,0.057375926159166
2021-05-28,0.06197825438091151
2021-05-29,0.05361487789856439
2021-05-30,0.020741435852179736
2021-05-31,0.06013911070806987
2021-06-01,0.05569493121107488
2021-06-02,0.021005030982890933
2021-06-03,0.07759470422173143
2021-06-04,0.06067675399496081
2021-06-05,0.022393033580450833
2021-06-06,0.033655496720556996
2021-06-07,0.03871895916507641
2021-06-08,0.03870473122398703
2021-06-09,0.055861003776368844
2021-06-10,0.03047296497883477
2021-06-11,0.0725627349424387
2021-06-12,0.07091606902735983
2021-06-13,0.06238634619199179
2021-06-14,0.05088483550787702
2021-06-15,0.06874895030303074
2021-06-16,0.04448104554391982
2021-06-17,0.035510222772335814
2021-06-18,0.07380219291239482
2021-06-19,0.05635085514038019
2021-06-20,0.036318847188372166
2021-06-21,0.04164515265916842
2021-06-22,0.03527144032469465
2021-06-23,0.0904434971765721
2021-06-24,0.05008196874901049
2021-06-25,0.053155426225073375
2021-06-26,0.06442438095723882
2021-06-27,0.02569278034785989
2021-06-28,0.07193094532572447
2021-06-29,0.037843077384242946
2021-06-30,0.08660032572230297
2021-07-01,0.04374682539970814
2021-07-02,0.07075280029526372
2021-07-03,6.403765761826136e-05
2021-07-04,0.026497338478280594
2021-07-05,0.04412785682004748
2021-07-06,0.00938434003750218
2021-07-07,0.062017688976828085
2021-07-08,0.05625916250872498
2021-07-09,0.03018344700280246
2021-07-10,0.04968082740271003
2021-07-11,0.0661295445984625
2021-07-12,0.007939009662600527
2021-07-13,0.024530219675306865
2021-07-14,0.043298234015533114
2021-07-15,0.050474472532649514
2021-07-16,0.04882777156796913
2021-07-17,0.06778589570871421
2021-07-18,0.05954422491310794
2021-07-19,0.06393269681142119
2021-07-20,0.022202485343912698
2021-07-21,0.052896477095987604
2021-07-22,0.04385714981524113
2021-07-23,0.07924143763337535
2021-07-24,0.053487912747558
2021-07-25,0.036618921305679425
2021-07-26,0.0670500255191008
2021-07-27,0.06126595591729296
2021-07-28,0.03356796654719041
2021-07-29,0.043030205944616505
2021-07-30,0.04337107080783278
2021-07-31,0.07454922184559075
2021-08-01,0.05406483747756884
2021-08-02,0.06453564957120343
2021-08-03,0.04013456557739835
2021-08-04,0.05669600582278883
2021-08-05,0.07606721805859315
2021-08-06,0.04277846469498705
2021-08-07,0.052303096076755526
2021-08-08,0.022733874875247858
2021-08-09,0.03468883820179945
2021-08-10,0.04331114216004354
2021-08-11,0.028783213820965582
2021-08-12,0.07643947355043694
2021-08-13,0.03323985959516974
2021-08-14,0.06573597184234492
2021-08-15,0.05373672475062954
2021-08-16,0.05061703897020926
2021-08-17,0.07972327289930316
2021-08-18,0.004787994061448413
2021-08-19,0.046075902063537906
2021-08-20,0.02839239326869116
2021-08-21,0.010771591817339249
2021-08-22,0.026105365324846173
2021-08-23,0.05034475070006142
2021-08-24,0.035493057415871096
2021-08-25,0.06793227179650298
2021-08-26,0.045723083041173396
2021-08-27,0.04350523290558114
2021-08-28,0.043594380989878154
2021-08-29,0.04803011187740922
2021-08-30,0.04163042930114494
2021-08-31,0.03297492604871674
2021-09-01,0.06978369767952072
2021-09-02,0.03751809899222108
2021-09-03,0.042329467673076285
2021-09-04,0.05858810160180622
2021-09-05,0.056374824923145064
2021-09-06,0.03213123875307901
2021-09-07,0.06509963888221493
2021-09-08,0.06075340679676809
2021-09-09,0.053559496683745086
2021-09-10,0.04137366298837017
2021-09-11,0.041865386189571835
2021-09-12,0.045964057939967815
2021-09-13,0.025363361177444685
2021-09-14,0.049214631028060875
2021-09-15,0.06784204080893999
2021-09-16,0.06752742379668047
2021-09-17,0.042382964574470945
2021-09-18,0.07128166545451073
2021-09-19,0.08811809109058891
2021-09-20,0.043675849294743455
2021-09-21,0.06383029412864337
2021-09-22,0.0047438007461841555
2021-09-23,0.02483706543636018
2021-09-24,0.0518224205866704
2021-09-25,0.02986533874963224
2021-09-26,0.09078404089444897
2021-09-27,0.06195759374593107
2021-09-28,0.06931663293716261
2021-09-29,0.04941947187678826
2021-09-30,0.02993583960272696
2021-10-01,0.039623794356502394
2021-10-02,0.0550876095925272
2021-10-03,0.03724169323181978
2021-10-04,0.063423839834544
2021-10-05,0.06422829938409277
2021-10-06,0.050099626078791766
2021-10-07,0.01348729825966001
2021-10-08,0.08429569867331918
2021-10-09,0.04574654286620965
2021-10-10,0.10418553296942072
2021-10-11,0.06305071392704391
2021-10-12,0.04580089846535886
2021-10-13,0.05895643752996008
2021-10-14,0.009614289658427762
2021-10-15,0.07052284806471934
2021-10-16,0.10133882475058953
2021-10-17,0.008215330523132426
2021-10-18,0.04425181980348585
2021-10-19,0.04789323754416948
2021-10-20,0.06750457258326129
2021-10-21,0.09211951348331074
2021-10-22,0.057657642451911295
2021-10-23,0.09283583648431054
2021-10-24,0.05340864953769325
2021-10-25,0.0590284763759246
2021-10-26,0.0565647113232051
2021-10-27,0.07440599566010173
2021-10-28,0.04155357883779594
2021-10-29,0.06636573517523017
2021-10-30,0.02538406787487146
2021-10-31,0.04430991790697182
2021-11-01,0.03726512754122384
2021-11-02,0.051759231172358845
2021-11-03,0.04367840501192437
2021-11-04,0.0726426738491395
2021-11-05,0.03242663809656715
2021-11-06,0.01537368128377975
2021-11-07,0.022854323605768855
2021-11-08,0.06988336092602639
2021-11-09,0.030608853133675562
2021-11-10,0.05795688831041418
2021-11-11,0.044104249935038406
2021-11-12,0.0664848810950651
2021-11-13,0.045384685897667795
2021-11-14,0.10528697032234273
2021-11-15,0.0879623403163701
2021-11-16,0.04369579639188616
2021-11-17,0.04095730821810028
2021-11-18,0.11264652301616923
2021-11-19,0.028422980773428207
2021-11-20,0.04889952904163302
2021-11-21,0.05044897839410855
2021-11-22,0.04995324204370852
2021-11-23,0.01522576558938947
2021-11-24,0.059932048193518814
2021-11-25,0.030592998172153663
2021-11-26,0.07871978248338142
2021-11-27,0.020880699151307566
2021-11-28,0.05118931854750953
2021-11-29,0.00567758706096224
2021-11-30,0.006912325873185528
2021-12-01,0.03321296083414735
2021-12-02,0.036035798353259436
2021-12-03,0.0793145282597887
2021-12-04,0.04918816327476204
2021-12-05,0.07584813801823108
2021-12-06,0.04240426810646646
2021-12-07,0.062121703657606636
2021-12-08,0.035490493661621984
2021-12-09,0.03413053861802798
2021-12-10,0.013582997221642107
2021-12-11,0.056715079877025495
2021-12-12,0.055241668294002996
2021-12-13,0.06554625774571704
2021-12-14,0.05429836574282791
2021-12-15,0.09052391954387935
2021-12-16,0.0535205527335502
2021-12-17,0.06983653428676241
2021-12-18,0.043517818340017944
2021-12-19,0.031830599313972224
2021-12-20,0.06435390340373273
2021-12-21,0.04821704024359318
2021-12-22,0.06664086091859242
2021-12-23,0.05705873083689362
2021-12-24,0.03413973346419688
2021-12-25,0.07148675755354057
2021-12-26,0.032576200924306645
2021-12-27,0.06250652526591009
2021-12-28,0.07563222223051706
2021-12-29,0.04230810323169685
2021-12-30,0.0731198890734463
2021-12-31,0.05795233668106385
2022-01-01,0.06703887556792527
2022-01-02,0.03326488617794828
2022-01-03,0.054286004641074956
2022-01-04,0.02183837379950993
2022-01-05,0.08422601030620927
2022-01-06,0.00972003356830986
2022-01-07,0.042904963607423005
2022-01-08,0.03136582811600756
2022-01-09,0.06349400830404475
2022-01-10,0.08847891891859838
2022-01-11,0.06309830197375052
2022-01-12,0.10922567393902702
2022-01-13,0.022441196468823203
2022-01-14,0.023976317349428695
2022-01-15,0.032137715367692
2022-01-16,0.05242489390591812
2022-01-17,0.029461552494335005
2022-01-18,0.03496674491389949
2022-01-19,0.06240967047854576
2022-01-20,0.025216562337723646
2022-01-21,0.027336079740597968
2022-01-22,0.04202922494019856
2022-01-23,0.04391113858321358
2022-01-24,0.07020031434442632
2022-01-25,0.03198720504043759
2022-01-26,0.03559440031758205
2022-01-27,0.061633402325580136
2022-01-28,0.06602788647566765
2022-01-29,0.07857448934253176
2022-01-30,0.05938240709729509
2022-01-31,0.052607281199236536
2022-02-01,0.061500768134923084
2022-02-02,0.044651743882229054
2022-02-03,0.04450464811249043
2022-02-04,0.014517793754424933
2022-02-05,0.06786831913378669
2022-02-06,0.054229178901034944
2022-02-07,0.06554078532736611
2022-02-08,0.0
2022-02-09,0.049057965842129084
2022-02-10,0.03288236987244735
2022-02-11,0.08002725009640467
2022-02-12,0.062284338309676585
2022-02-13,0.05468470821621121
2022-02-14,0.04136134061317952
2022-02-15,0.05794416620263294
2022-02-16,0.03143628741243791
2022-02-17,0.04800549304628469
2022-02-18,0.0384327322602516
2022-02-19,0.09532979309963382
2022-02-20,0.07939895512381681
2022-02-21,0.07126094967965661
2022-02-22,0.020193779556916848
2022-02-23,0.06728314224568108
2022-02-24,0.05375333350283876
2022-02-25,0.07446920279032292
2022-02-26,0.056447901902538795
2022-02-27,0.04986564667923393
2022-02-28,0.05467568592673118
2022-03-01,0.013887334167549108
2022-03-02,0.03465193455664405
2022-03-03,0.05746671077406544
2022-03-04,0.07278776716813165
2022-03-05,0.03899013767375764
2022-03-06,0.04918386240272133
2022-03-07,0.017980151106492197
2022-03-08,0.0791862162670752
2022-03-09,0.07227483464466242
2022-03-10,0.06304205237134397
2022-03-11,0.05813612375261781
2022-03-12,0.08105098130293595
2022-03-13,0.033899780173705665
2022-03-14,0.031736768873466825
2022-03-15,0.07123039572512858
2022-03-16,0.0698862676341625
2022-03-17,0.02613008827821696
2022-03-18,0.039372802368462675
2022-03-19,0.0837818626215478
2022-03-20,0.05823334656431808
2022-03-21,0.06574323036036345
2022-03-22,0.026819069149412872
2022-03-23,0.06313289049074357
2022-03-24,0.021609169084582398
2022-03-25,0.0104035726879863
2022-03-26,0.06453647920361737
2022-03-27,0.07868890339268979
2022-03-28,0.04492427848501665
2022-03-29,0.03906898636291084
2022-03-30,0.08421697312492742
2022-03-31,0.04610433261770785
2022-04-01,0.04868462552885481
2022-04-02,0.08387914452880671
2022-04-03,0.042928303739435805
2022-04-04,0.036919447813102683
2022-04-05,0.06631016448274175
2022-04-06,0.03576287691241768
2022-04-07,0.04710796923755636
2022-04-08,0.023616827965756017
2022-04-09,0.053707941767530264
2022-04-10,0.05136194974406186
2022-04-11,0.06936040549446287
2022-04-12,0.06714513073323462
2022-04-13,0.061030360169391645
2022-04-14,0.05788511385562026
2022-04-15,0.04853491772495318
2022-04-16,0.06219111937991607
2022-04-17,0.02775335652662026
2022-04-18,0.0030206785629138186
2022-04-19,0.07323835342425787
2022-04-20,0.06348320924495827
2022-04-21,0.047460271314401704
2022-04-22,0.07149117216891973
2022-04-23,0.035370051661069456
2022-04-24,0.035890149358336995
2022-04-25,0.033117245526116654
2022-04-26,0.061352439502317696
2022-04-27,0.018340838455704944
2022-04-28,0.03466076786435918
2022-04-29,0.05579430046472271
2022-04-30,0.02591697848154778
2022-05-01,0.0367937918867763
2022-05-02,0.005768648457708726
2022-05-03,0.06211613298803075
2022-05-04,0.036243296133154426
2022-05-05,0.02801437499717692
2022-05-06,0.0240995454808285
2022-05-07,0.04163572975589801
2022-05-08,0.01839688826217121
2022-05-09,0.08884759354297336
2022-05-10,0.0023051076566202866
2022-05-11,0.0409876170042702
2022-05-12,0.0521381385858251
2022-05-13,0.03449241991726891
2022-05-14,0.054242634745862314
2022-05-15,0.03400796850107678
2022-05-16,0.08060188927346298
2022-05-17,0.027622459717804467
2022-05-18,0.002975521173033617
2022-05-19,0.02403000299093357
2022-05-20,0.05772989549627425
2022-05-21,0.047641512409022715
2022-05-22,0.06504265815964233
2022-05-23,0.06003489233421933
2022-05-24,0.037274393005495926
2022-05-25,0.04021833012408907
2022-05-26,0.04229342448693548
2022-05-27,0.08768692166993305
2022-05-28,0.06381644629374739
2022-05-29,0.08783373798357011
2022-05-30,0.06681558744683629
2022-05-31,0.048728332101568975
2022-06-01,0.029612770260286705
2022-06-02,0.05403039342297488
2022-06-03,0.048782616555675395
2022-06-04,0.04812705429323572
2022-06-05,0.045818018462015005
2022-06-06,0.008950745848475557
2022-06-07,0.07521679633069311
2022-06-08,0.04899093021565366
2022-06-09,0.021714937679427167
2022-06-10,0.059635254181472905
2022-06-11,0.03288327662786944
2022-06-12,0.06124281245941566
2022-06-13,0.06763312921024922
2022-06-14,0.07039272981338636
2022-06-15,0.04678166546690359
2022-06-16,0.04172444543962966
2022-06-17,0.0374892327947066
2022-06-18,0.03554887823079007
2022-06-19,0.04965539871578166
2022-06-20,0.04581313875216521
2022-06-21,0.03349392368355669
2022-06-22,0.027124304923941907
2022-06-23,0.04782487815482835
2022-06-24,0.041316047641123385
2022-06-25,0.02717266053436269
2022-06-26,0.06661142026842815
2022-06-27,0.08544185501650498
2022-06-28,0.06925176427968449
2022-06-29,0.03559623976647912
2022-06-30,0.048995406308201275
2022-07-01,0.08080857903374922
2022-07-02,0.02652600714445014
2022-07-03,0.06565190253370451
2022-07-04,0.021038335837120205
2022-07-05,0.08368075254862659
2022-07-06,0.041393709504980204
2022-07-07,0.09458087449047625
2022-07-08,0.08456127597283661
2022-07-09,0.047871389808372244
2022-07-10,0.03561189253779179
2022-07-11,0.053895509437818276
2022-07-12,0.046396820667068725
2022-07-13,0.04196866072828815
2022-07-14,0.016837734908434064
2022-07-15,0.03970892832690826
2022-07-16,0.027790417564875207
2022-07-17,0.061032954128504735
2022-07-18,0.0698214263319485
2022-07-19,0.06481368007847194
2022-07-20,0.05684750179255015
2022-07-21,0.032941858657181966
2022-07-22,0.05410801545203821
2022-07-23,0.06585530287288752
2022-07-24,0.0382752885120054
2022-07-25,0.052379728427900125
2022-07-26,0.047090768214601536
2022-07-27,0.08324733339220969
2022-07-28,0.06703096270529049
2022-07-29,0.062183192234967835
2022-07-30,0.015666125320691303
2022-07-31,0.053456746535351665
2022-08-01,0.0468997314215086
2022-08-02,0.04672685778860255
2022-08-03,0.01873173054516719
2022-08-04,0.02824462755404861
2022-08-05,0.04863965024188435
2022-08-06,0.07228711556380923
2022-08-07,0.03818950860321153
2022-08-08,0.042001225457914654
2022-08-09,0.08562183990572417
2022-08-10,0.04406355221664327
2022-08-11,0.04742420952292839
2022-08-12,0.047695104358965186
2022-08-13,0.023089897071909792
2022-08-14,0.0614359624683023
2022-08-15,0.03694247762831322
2022-08-16,0.04939858765920524
2022-08-17,0.05888745928835595
2022-08-18,0.08885115178070785
2022-08-19,0.023644599109075137
2022-08-20,0.06729964370132448
2022-08-21,0.06737446512347936
2022-08-22,0.037235704544414536
2022-08-23,0.061990076961039635
2022-08-24,0.08286872302583784
2022-08-25,0.03470057581575116
2022-08-26,0.0548293959427031
2022-08-27,0.05809602727879571
2022-08-28,0.060683577099071004
2022-08-29,0.06538583521432026
2022-08-30,0.05332609656504349
2022-08-31,0.06026872372696005
2022-09-01,0.03177052699752554
2022-09-02,0.05328006987279115
2022-09-03,0.04047317468638972
2022-09-04,0.02540342189691825
2022-09-05,0.039817109011261995
2022-09-06,0.05538912784396117
2022-09-07,0.05871594552740386
2022-09-08,0.02463081758154458
2022-09-09,0.031246465665502585
2022-09-10,0.06449312559386443
2022-09-11,0.06016296185231727
2022-09-12,0.06774205324092705
2022-09-13,0.07735660854353121
2022-09-14,0.06075774219181198
2022-09-15,0.04170384745658256
2022-09-16,0.052296989161638344
2022-09-17,0.08319794201854765
2022-09-18,0.10528897995570774
2022-09-19,0.05926192731484719
2022-09-20,0.06071108277622613
2022-09-21,0.06451416733994833
2022-09-22,0.050475856916387264
2022-09-23,0.07327707804685249
2022-09-24,0.07016090585465702
2022-09-25,0.057087528942976334
2022-09-26,0.04363960187988769
2022-09-27,0.019586072252457266
2022-09-28,0.06464827095228501
2022-09-29,0.054257166304522084
2022-09-30,0.03524464538691798
2022-10-01,0.02740159470010746
2022-10-02,0.06322865698766504
2022-10-03,0.017975273567660703
2022-10-04,0.055992823748876104
2022-10-05,0.06687100818337788
2022-10-06,0.060997857728332466
2022-10-07,0.0421852045128312
2022-10-08,0.02501251031050172
2022-10-09,0.061740384795903804
2022-10-10,0.07401046183906841
2022-10-11,0.03854533290513919
2022-10-12,0.060138164005857184
2022-10-13,0.08163030237463618
2022-10-14,0.0567769419288322
2022-10-15,0.04206239710244425
2022-10-16,0.07081707080126316
2022-10-17,0.035248780516843756
2022-10-18,0.02403615969893954
2022-10-19,0.06624642382291959
2022-10-20,0.04187675473032874
2022-10-21,0.04366957971992631
2022-10-22,0.03746118728897858
2022-10-23,0.04054365208891833
2022-10-24,0.07806066855053731
2022-10-25,0.08324997531567335
2022-10-26,0.08589957272289218
2022-10-27,0.07180241242355026
2022-10-28,0.05932542519546476
2022-10-29,0.021354288161337737
2022-10-30,0.04624950594199301
2022-10-31,0.09313508977247376
2022-11-01,0.04128756842494692
2022-11-02,0.0802828894954455
2022-11-03,0.0511007163806109
2022-11-04,0.0
2022-11-05,0.06280971127337925
2022-11-06,0.07532509392356623
2022-11-07,0.049020080627189114
2022-11-08,0.07466102008970828
2022-11-09,0.016643449711658258
2022-11-10,0.022288714722012614
2022-11-11,0.054097286161713755
2022-11-12,0.059542294556350635
2022-11-13,0.07713157737184557
2022-11-14,0.06277848933497121
2022-11-15,0.026127418212699142
2022-11-16,0.05426091244148772
2022-11-17,0.06201454890576299
2022-11-18,0.012515320026057423
2022-11-19,0.049127330605239695
2022-11-20,0.043288349121235505
2022-11-21,0.0369061385250851
2022-11-22,0.05997554103505345
2022-11-23,0.027006369468841523
2022-11-24,0.05833759024007299
2022-11-25,0.06118982258417789
2022-11-26,0.07167526620521947
2022-11-27,0.02753161474414791
2022-11-28,0.019895315632909055
2022-11-29,0.05557807214678024
2022-11-30,0.04427457532264597
2022-12-01,0.10805300524987442
2022-12-02,0.059169969524858645
2022-12-03,0.051163234234083636
2022-12-04,0.04654344088647169
2022-12-05,0.025638763091211023
2022-12-06,0.06127763105909195
2022-12-07,0.048417099474584044
2022-12-08,0.048433726331411305
2022-12-09,0.05188886650997311
2022-12-10,0.054424250598344916
2022-12-11,0.015214887081649565
2022-12-12,0.06674046012741863
2022-12-13,0.033071112503681555
2022-12-14,0.04723935605062746
2022-12-15,0.07571809841330579
2022-12-16,0.08558897184540228
2022-12-17,0.015990111227472167
2022-12-18,0.05060489655349298
2022-12-19,0.05545826370332073
2022-12-20,0.019849399476171075
2022-12-21,0.0660518272883633
2022-12-22,0.05232525354828346
2022-12-23,0.05388319191389993
2022-12-24,0.0316489416331613
2022-12-25,0.05825773286762697
2022-12-26,0.06676447912779876
2022-12-27,0.052545957674518674
2022-12-28,0.03972128198073893
2022-12-29,0.04127861363907272
2022-12-30,0.05440791414251932
2022-12-31,0.05097594756761259
2023-01-01,0.0680964423823879
2023-01-02,0.04039483424951668
2023-01-03,0.0256323879451835
2023-01-04,0.05718772154641007
2023-01-05,0.040449402940025934
2023-01-06,0.06567363898072734
2023-01-07,0.05015077260915202
2023-01-08,0.06309626408729645
2023-01-09,0.029713659065384247
2023-01-10,0.052867725264596425
2023-01-11,0.03601473585232168
2023-01-12,0.0255925269384756
2023-01-13,0.032777842438579695
2023-01-14,0.039110458164482824
2023-01-15,0.07489389054047704
2023-01-16,0.038581192010146814
2023-01-17,0.02456919499443554
2023-01-18,0.05262954844993338
2023-01-19,0.050583613213553494
2023-01-20,0.04015893975979604
2023-01-21,0.04677553068307747
2023-01-22,0.06952454171993142
2023-01-23,0.06341411530798353
2023-01-24,0.061684604137474626
2023-01-25,0.026326424309595396
2023-01-26,0.10773096123430646
2023-01-27,0.07102504420548444
2023-01-28,0.060340571263817436
2023-01-29,0.026713764512055812
2023-01-30,0.06895460225468215
2023-01-31,0.03997742979401344
2023-02-01,0.046114583907280696
2023-02-02,0.016384414478814342
2023-02-03,0.02517033828118982
2023-02-04,0.0587709299765427
2023-02-05,0.0701246935054098
2023-02-06,0.0636980883959007
2023-02-07,0.06301637993485898
2023-02-08,0.04870467086080587
2023-02-09,0.04186585969267576
2023-02-10,0.05577790287130788
2023-02-11,0.06642816646200547
2023-02-12,0.050097245098671826
2023-02-13,0.0742050403982681
2023-02-14,0.04569861472367985
2023-02-15,0.030394421294078978
2023-02-16,0.04979275515917999
2023-02-17,0.05211944556519137
2023-02-18,0.048359398654471815
2023-02-19,0.07561311121764523
2023-02-20,0.06610603961448078
2023-02-21,0.02138118022756581
2023-02-22,0.08068734028396572
2023-02-23,0.0
2023-02-24,0.09302048745704995
2023-02-25,0.044253889728862475
2023-02-26,0.04620864526697
2023-02-27,0.0487996752205272
2023-02-28,0.057704108656803615
2023-03-01,0.04999473597466314
2023-03-02,0.047332096223254655
2023-03-03,0.0761783661871237
2023-03-04,0.061311921595017
2023-03-05,0.030823922912584775
2023-03-06,0.0648134782867145
2023-03-07,0.060482140063666784
2023-03-08,0.03909452548837562
2023-03-09,0.06584276852724323
2023-03-10,0.04684854797553921
2023-03-11,0.045566530557497986
2023-03-12,0.04502173765134131
2023-03-13,0.001437638860952016
2023-03-14,0.039466013341307976
2023-03-15,0.06426346484251202
2023-03-16,0.04955177514192474
2023-03-17,0.02429627140288501
2023-03-18,0.06929262510384075
2023-03-19,0.044027996809132094
2023-03-20,0.02556849018676954
2023-03-21,0.0941202492334203
2023-03-22,0.02893654811024489
2023-03-23,0.0675898302257142
2023-03-24,0.03461371798290791
2023-03-25,0.05271653669147644
2023-03-26,0.031956380732636486
2023-03-27,0.02521391637452683
2023-03-28,0.06044405089342819
2023-03-29,0.058105810902688015
2023-03-30,0.0728929888843813
2023-03-31,0.049312361394082745
2023-04-01,0.09440703588252983
2023-04-02,0.05536693334874072
2023-04-03,0.06133549362474425
2023-04-04,0.022831415097855433
2023-04-05,0.03771831369754939
2023-04-06,0.060393594010319546
2023-04-07,0.048315444751728345
2023-04-08,0.05375366270069272
2023-04-09,0.033670124885716135
2023-04-10,0.052438939469432434
2023-04-11,0.05237091783183472
2023-04-12,0.026391299602295224
2023-04-13,0.06285099689361182
2023-04-14,0.01599870106164062
2023-04-15,0.05368476161195368
2023-04-16,0.08531185387651001
2023-04-17,0.06361101075638165
2023-04-18,0.06348598492074209
2023-04-19,0.032051466501026304
2023-04-20,0.08538124106305722
2023-04-21,0.07753436189204577
2023-04-22,0.03312819954208866
2023-04-23,0.04050473516370246
2023-04-24,0.07509312089853376
2023-04-25,0.08592294756633516
2023-04-26,0.024706279298194238
2023-04-27,0.02992578460550847
2023-04-28,0.04712426487155662
2023-04-29,0.006578119411149698
2023-04-30,0.05038090320418847
2023-05-01,0.0737148702805997
2023-05-02,0.021227259675285014
2023-05-03,0.052542139299501744
2023-05-04,0.03836458590009374
2023-05-05,0.08279891897507835
2023-05-06,0.03860416275733898
2023-05-07,0.08037986175497167
2023-05-08,0.03805089858377546
2023-05-09,0.0654235161066826
2023-05-10,0.055038912367253987
2023-05-11,0.047234546669713974
2023-05-12,0.03418942861892049
2023-05-13,0.056461908426357864
2023-05-14,0.041189294750301766
2023-05-15,0.03620467550383724
2023-05-16,0.07945445482751441
2023-05-17,0.06095060454986455
2023-05-18,0.06287277903814406
2023-05-19,0.04216802962775475
2023-05-20,0.04628043305833391
2023-05-21,0.045028466652977765
2023-05-22,0.05674477825001955
2023-05-23,0.06283606903685011
2023-05-24,0.04939497259376857
2023-05-25,0.03414710011638718
2023-05-26,0.06521140914053097
2023-05-27,0.05066807736416673
2023-05-28,0.021183272424580388
2023-05-29,0.007294104998406235
2023-05-30,0.055957943509209476
2023-05-31,0.033410524022445924
2023-06-01,0.05862124258792906
2023-06-02,0.03448763382272131
2023-06-03,0.052663715449900145
2023-06-04,0.04243196944075817
2023-06-05,0.0850384162054661
2023-06-06,0.06900631315637289
2023-06-07,0.0769459380037566
2023-06-08,0.05048095538238132
2023-06-09,0.06644721878229762
2023-06-10,0.05183300155202284
2023-06-11,0.07939182734867453
2023-06-12,0.04854875869487453
2023-06-13,0.022050213192784128
2023-06-14,0.010027569494921229
2023-06-15,0.0833662223912903
2023-06-16,0.05957008948301719
2023-06-17,0.06088513700083484
2023-06-18,0.07979295684583164
2023-06-19,0.01696530112548089
2023-06-20,0.04282797569536385
2023-06-21,0.04527860340769933
2023-06-22,0.0648455046641403
2023-06-23,0.03614719549798235
2023-06-24,0.025972525129704202
2023-06-25,0.02579302698005786
2023-06-26,0.07298836152544042
2023-06-27,0.03514935812393766
2023-06-28,0.03895965031356377
2023-06-29,0.06268996301455809
2023-06-30,0.036021091835302006
2023-07-01,0.015901031544887166
2023-07-02,0.018365976525502023
2023-07-03,0.04886385206569084
2023-07-04,0.059946568607304435
2023-07-05,0.045955095122991604
2023-07-06,0.05860885407618138
2023-07-07,0.01774324947984729
2023-07-08,0.019093929180637837
2023-07-09,0.09507871832588483
2023-07-10,0.0746556854427336
2023-07-11,0.06537943783797036
2023-07-12,0.03680550658531122
2023-07-13,0.04523987618539099
2023-07-14,0.049966453657328
2023-07-15,0.07628692227433048
2023-07-16,0.058055655328901834
2023-07-17,0.06051827602575603
2023-07-18,0.046646901297650006
2023-07-19,0.0658533013368017
2023-07-20,0.056046454948625465
2023-07-21,0.05088045465491361
2023-07-22,0.03513831655627458
2023-07-23,0.047728565157967355
2023-07-24,0.02840934592440089
2023-07-25,0.049197219880260906
2023-07-26,0.05177822715929799
2023-07-27,0.001909632307873728
2023-07-28,0.04539320921798993
2023-07-29,0.02648239590790815
2023-07-30,0.05997278651033389
2023-07-31,0.0627431948710199
2023-08-01,0.04147320364669365
2023-08-02,0.060980441742438315
2023-08-03,0.061821338726701223
2023-08-04,0.04540568321176464
2023-08-05,0.08068573950607316
2023-08-06,0.035498501259869975
2023-08-07,0.07942731406506333
2023-08-08,0.04549601141633589
2023-08-09,0.033133472935480655
2023-08-10,0.04296903048391236
2023-08-11,0.028012215445413536
2023-08-12,0.06569115734778405
2023-08-13,0.017944620438494478
2023-08-14,0.07779217107537653
2023-08-15,0.031282655965070794
2023-08-16,0.06673306743691909
2023-08-17,0.05048451722120936
2023-08-18,0.05541630566099193
2023-08-19,0.038199132574452725
2023-08-20,0.05705616000666265
2023-08-21,0.05269948577101728
2023-08-22,0.020841778636613448
2023-08-23,0.030749999941334843
2023-08-24,0.03918175777980387
2023-08-25,0.03490006963747101
2023-08-26,0.07505621890767303
2023-08-27,0.05014028367694999
2023-08-28,0.03442657304720237
2023-08-29,0.040184603519939216
2023-08-30,0.03991073832905867
2023-08-31,0.044239010559898685
2023-09-01,0.028493411905608012
2023-09-02,0.03372137778805362
2023-09-03,0.06533213822328421
2023-09-04,0.053706862067338275
2023-09-05,0.046953249069196
2023-09-06,0.050052456346301996
2023-09-07,0.04908878486849179
2023-09-08,0.04581737790536712
2023-09-09,0.06034209677414958
2023-09-10,0.058863199716958525
2023-09-11,0.018564740535455697
2023-09-12,0.047368756281815146
2023-09-13,0.0198836120131847
2023-09-14,0.06271154406911414
2023-09-15,0.06535333113700567
2023-09-16,0.03778442204716608
2023-09-17,0.04766482089330568
2023-09-18,0.007771194057555081
2023-09-19,0.06945579628184054
2023-09-20,0.06419347480502804
2023-09-21,0.07300170523475052
2023-09-22,0.079730882806742
2023-09-23,0.025517814140464497
2023-09-24,0.06776088403276884
2023-09-25,0.0795860888883692
2023-09-26,0.02010844257941528
2023-09-27,0.04657577576308573
2023-09-28,0.04273196033541152
2023-09-29,0.06710923728382996
2023-09-30,0.0021211786731184026
2023-10-01,0.0863191539246439
2023-10-02,0.047749258716108134
2023-10-03,0.06832188804034292
2023-10-04,0.048795255246168186
2023-10-05,0.05984250101959348
2023-10-06,0.0035716348276770074
2023-10-07,0.0423023525439858
2023-10-08,0.06695522422687358
2023-10-09,0.05577464693427389
2023-10-10,0.017263178145464853
2023-10-11,0.05122849787753227
2023-10-12,0.033625153482769905
2023-10-13,0.03189161497653124
2023-10-14,0.019586114533665648
2023-10-15,0.062374052438142605
2023-10-16,0.0722602888787127
2023-10-17,0.0924028626832569
2023-10-18,0.020519032165141435
2023-10-19,0.06534744322452951
2023-10-20,0.06666342740841817
2023-10-21,0.03838990645563984
2023-10-22,0.03164843229181338
2023-10-23,0.028285153580661394
2023-10-24,0.0394529351307957
2023-10-25,0.054052431917119
2023-10-26,0.07720224021013625
2023-10-27,0.07210676676020233
2023-10-28,0.01769166111462675
2023-10-29,0.034223135027989765
2023-10-30,0.07599280748618942
2023-10-31,0.03537814334809864
2023-11-01,0.04886171673179648
2023-11-02,0.015894221307718295
2023-11-03,0.07306066831025897
2023-11-04,0.011745035882972238
2023-11-05,0.017143788384267618
2023-11-06,0.07101634121673407
2023-11-07,0.08840123359133115
2023-11-08,0.044187778305501704
2023-11-09,0.049062743762743506
2023-11-10,0.06816559119565976
2023-11-11,0.05578895629394765
2023-11-12,0.042535636412466715
2023-11-13,0.040290927572286146
2023-11-14,0.01866404085030033
2023-11-15,0.05465883544240441
2023-11-16,0.048161663558610485
2023-11-17,0.04124307641774639
2023-11-18,0.02996370408875223
2023-11-19,0.031989382934131394
2023-11-20,0.062367538410133996
2023-11-21,0.06763327296818095
2023-11-22,0.04345767687418767
2023-11-23,0.04135040853507242
2023-11-24,0.032927039067715935
2023-11-25,0.06873640087148516
2023-11-26,0.050619915393118144
2023-11-27,0.0573580195865453
2023-11-28,0.057169402601869264
2023-11-29,0.043845967589321265
2023-11-30,0.02669279800313157
2023-12-01,0.030077336886281617
2023-12-02,0.07255771065294903
2023-12-03,0.03548631370298856
2023-12-04,0.04179275360503299
2023-12-05,0.0273121892925758
2023-12-06,0.025678669621471865
2023-12-07,0.03461670005942555
2023-12-08,0.08376814368488918
2023-12-09,0.06316074782384859
2023-12-10,0.03946422257152754
2023-12-11,0.0716575358910399
2023-12-12,0.04695402253407107
2023-12-13,0.07708680093983677
2023-12-14,0.09423460700792427
2023-12-15,0.07056323478532384
2023-12-16,0.05189101910445155
2023-12-17,0.06398619747032719
2023-12-18,0.05030142438564424
2023-12-19,0.01328003272049915
2023-12-20,0.03690749171575912
2023-12-21,0.03096816808693566
2023-12-22,0.03646417916338254
2023-12-23,0.08587342865278888
2023-12-24,0.07244299485709317
2023-12-25,0.058817696028832946
2023-12-26,0.06624685900902716
2023-12-27,0.012157730281882884
2023-12-28,0.06456367426179059
2023-12-29,0.06879248632404336
2023-12-30,0.005205056246254343
2023-12-31,0.06530473507558798
2024-01-01,0.021518527146658296
2024-01-02,0.010599892871079361
2024-01-03,0.07652636433719157
2024-01-04,0.02985901904775316
2024-01-05,0.03568106521231246
2024-01-06,0.06979209085514691
2024-01-07,0.04389523455495198
2024-01-08,0.04639669252541836
2024-01-09,0.04595826187124142
2024-01-10,0.05695197541949572
2024-01-11,0.04547331167218648
2024-01-12,0.052282521487182015
2024-01-13,0.03992883749174588
2024-01-14,0.057036391797587245
2024-01-15,0.05627686063809135
2024-01-16,0.08795771675368365
2024-01-17,0.04237498100652595
2024-01-18,0.046316689643900406
2024-01-19,0.05477648651874083
2024-01-20,0.0692887128862944
2024-01-21,0.028168296936455978
2024-01-22,0.05207153043550136
2024-01-23,0.0
2024-01-24,0.044569361665552094
2024-01-25,0.07145454060198722
2024-01-26,0.03547715127305364
2024-01-27,0.053536752305706245
2024-01-28,0.03942188851232795
2024-01-29,0.03281195604532634
2024-01-30,0.06942971996536204
2024-01-31,0.029094826203086926
2024-02-01,0.055859305877261865
2024-02-02,0.056167032415323184
2024-02-03,0.03296400965922752
2024-02-04,0.053113705139152576
2024-02-05,0.03130104325064046
2024-02-06,0.06043583749818317
2024-02-07,0.023701085707142126
2024-02-08,0.04320788993616318
2024-02-09,0.04494456680684201
2024-02-10,0.0722591067642134
2024-02-11,0.052800861434237845
2024-02-12,0.06910026980224118
2024-02-13,0.06109382096979758
2024-02-14,0.06096606001791518
2024-02-15,0.04336133619539864
2024-02-16,0.07041811767049773
2024-02-17,0.04287659181395995
2024-02-18,0.015403490401397851
2024-02-19,0.045704256630662146
2024-02-20,0.059069528092881365
2024-02-21,0.017867485625743737
2024-02-22,0.03229795282559229
2024-02-23,0.02538823119645289
2024-02-24,0.06573434209417928
2024-02-25,0.08345725274024993
2024-02-26,0.04580601691573568
2024-02-27,0.06063060726136519
2024-02-28,0.06011038731799447
2024-02-29,0.08107593892879923
2024-03-01,0.036948941920947866
2024-03-02,0.045602420704833516
2024-03-03,0.04318462701151884
2024-03-04,0.05150734480080526
2024-03-05,0.10008633604233619
2024-03-06,0.050616222303946266
2024-03-07,0.0329057869478588
2024-03-08,0.026910055462137622
2024-03-09,0.07505290014626094
2024-03-10,0.03281490992043842
2024-03-11,0.0632717391839819
2024-03-12,0.03640617341482744
2024-03-13,0.024666145268336562
2024-03-14,0.06210399200603643
2024-03-15,0.03738510266472937
2024-03-16,0.05850851278477787
2024-03-17,0.059985658816920875
2024-03-18,0.060925304900249375
2024-03-19,0.044637026321136274
2024-03-20,0.06372367113009415
2024-03-21,0.03154907343103834
2024-03-22,0.0009181949787173266
2024-03-23,0.06413784346240216
2024-03-24,0.0533118100967494
2024-03-25,0.037798435119720586
2024-03-26,0.0205769447604991
2024-03-27,0.009268434023293137
2024-03-28,0.05103486696417944
2024-03-29,0.08297571931459904
2024-03-30,0.047228851671380405
2024-03-31,0.04277329226616909
2024-04-01,0.04951264315008314
2024-04-02,0.0935841022381754
2024-04-03,0.06503808453306267
2024-04-04,0.031328494965992215
2024-04-05,0.05056207807804207
2024-04-06,0.05664873822309882
2024-04-07,0.028873222668423106
2024-04-08,0.0651827324468512
2024-04-09,0.03364382405711293
2024-04-10,0.019781084653198586
2024-04-11,0.05152267107679557
2024-04-12,0.048356882810192896
2024-04-13,0.04997956195594611
2024-04-14,0.03470710764674424
2024-04-15,0.03749774764257918
2024-04-16,0.07256893320738222
2024-04-17,0.05882171230001497
2024-04-18,0.030865078468454304
2024-04-19,0.010986062111597854
2024-04-20,0.0317116719577558
2024-04-21,0.05314598144320381
2024-04-22,0.03736136563291117
2024-04-23,0.035806995896463585
2024-04-24,0.03821679122138674
2024-04-25,0.04854584874527425
2024-04-26,0.06569255825916698
2024-04-27,0.04999161592108614
2024-04-28,0.051238740430353015
2024-04-29,0.045502792722343595
2024-04-30,0.04001286335690522
2024-05-01,0.0678848174263986
2024-05-02,0.06484804135688392
2024-05-03,0.09090559835332102
2024-05-04,0.06221128596778506
2024-05-05,0.04003171356385074
2024-05-06,0.03190697381779621
2024-05-07,0.06905890521423233
2024-05-08,0.0337002623137978
2024-05-09,0.06619473373044142
2024-05-10,0.034801720122147724
2024-05-11,0.056983167675745613
2024-05-12,0.02880497570267276
2024-05-13,0.06559770708664163
2024-05-14,0.025326566889815022
2024-05-15,0.05545914659013404
2024-05-16,0.04604320131545977
2024-05-17,0.0520361287445252
2024-05-18,0.04208392331676733
2024-05-19,0.04161480105258018
2024-05-20,0.053095624080195435
2024-05-21,0.029957232438202964
2024-05-22,0.02983955876666647
2024-05-23,0.042829010007231764
2024-05-24,0.04205059720561985
2024-05-25,0.029892070723912513
2024-05-26,0.0684842938582933
2024-05-27,0.04331053163136791
2024-05-28,0.04546675594007778
2024-05-29,0.023449433480609072
2024-05-30,0.09143271709224239
2024-05-31,0.09854134791109825
2024-06-01,0.03439202843191304
2024-06-02,0.07452172762338195
2024-06-03,0.04816373232524819
2024-06-04,0.08207539185626213
2024-06-05,0.05672466172800773
2024-06-06,0.051995243375347985
2024-06-07,1.4609207628364651e-05
2024-06-08,0.032427880531466335
2024-06-09,0.050410413391498855
2024-06-10,0.05397332505407958
2024-06-11,0.02570332572125231
2024-06-12,0.03542456942647443
2024-06-13,0.06106894034501639
2024-06-14,0.02233578540533285
2024-06-15,0.05267459447447079
2024-06-16,0.07475907062978111
2024-06-17,0.05770939258223642
2024-06-18,0.056709734863319546
2024-06-19,0.00959697101644473
2024-06-20,0.03356174447164208
2024-06-21,0.0910840366718208
2024-06-22,0.03801676164908136
2024-06-23,0.07528952419094136
2024-06-24,0.03778318221287435
2024-06-25,0.04444358996981074
2024-06-26,0.060311736907070375
2024-06-27,0.052013860319880194
2024-06-28,0.057630249020021604
2024-06-29,0.03363219490546026
2024-06-30,0.02727459621062487
2024-07-01,0.03228256771218998
2024-07-02,0.03935363717075267
2024-07-03,0.045414372358851776
2024-07-04,0.07074550761279641
2024-07-05,0.051746829120500965
2024-07-06,0.059691942050171705
2024-07-07,0.05283202025160265
2024-07-08,0.027691314929424483
2024-07-09,0.050345390520112984
2024-07-10,0.05261564220383072
2024-07-11,0.06519846442682616
2024-07-12,0.028628238607130704
2024-07-13,0.009191782697032788
2024-07-14,0.05352527630340995
2024-07-15,0.05707700003176761
2024-07-16,0.04641230387365905
2024-07-17,0.05056041801453583
2024-07-18,0.0675754475716561
2024-07-19,0.04082388846944983
2024-07-20,0.04442718315682842
2024-07-21,0.05158072889227664
2024-07-22,0.025603706416613147
2024-07-23,0.04696205549904491
2024-07-24,0.048725133653315884
2024-07-25,0.08274084428640549
2024-07-26,0.04403768684743079
2024-07-27,0.05400022479888934
2024-07-28,0.06837235210779485
2024-07-29,0.03325030549379144
2024-07-30,0.07751480773752333
2024-07-31,0.08527740464114555
2024-08-01,0.0494220742470265
2024-08-02,0.0392114787708124
2024-08-03,0.08254238848780776
2024-08-04,0.06591261745536296
2024-08-05,0.05163938409327672
2024-08-06,0.07853687639231405
2024-08-07,0.07641984377098639
2024-08-08,0.043274860920835545
2024-08-09,0.054974597065983004
2024-08-10,0.061535849758519126
2024-08-11,0.05057460059775703
2024-08-12,0.022182588181914393
2024-08-13,0.031234809926035074
2024-08-14,0.022834744290795458
2024-08-15,0.05985848606048008
2024-08-16,0.026312953657525118
2024-08-17,0.053848361416348606
2024-08-18,0.08663807652550315
2024-08-19,0.07855540369824293
2024-08-20,0.01325166706132043
2024-08-21,0.024425970584579876
2024-08-22,0.03446967151640283
2024-08-23,0.026619526215612647
2024-08-24,0.01692371245356533
2024-08-25,0.049783193205495194
2024-08-26,0.06410201098833128
2024-08-27,0.06908068077445775
2024-08-28,0.040510476585123814
2024-08-29,0.04456192599368817
2024-08-30,0.05711354490249511
2024-08-31,0.04783028876321702
2024-09-01,0.06621213552191604
2024-09-02,0.05860729725669027
2024-09-03,0.042473911529719424
2024-09-04,0.012867273766931135
2024-09-05,0.07998063210963988
2024-09-06,0.03627835421111357
2024-09-07,0.05715117291460521
2024-09-08,0.011668166625618051
2024-09-09,0.04977366833228391
2024-09-10,0.05200523921724398
2024-09-11,0.052972041450953244
2024-09-12,0.11027586565435993
2024-09-13,0.03737763252413134
2024-09-14,0.06641328453913387
2024-09-15,0.060464649044187545
2024-09-16,0.03642722014664828
2024-09-17,0.0661133880636186
2024-09-18,0.04671358126138395
2024-09-19,0.06750486435153438
2024-09-20,0.08921925246843429
2024-09-21,0.053015977812682
2024-09-22,0.04437749541863098
2024-09-23,0.07103112367620826
2024-09-24,0.07793306331868684
2024-09-25,0.03233484921215901
2024-09-26,0.0409408582092385
2024-09-27,0.06350846543682524
2024-09-28,0.047359359791705614
2024-09-29,0.030913359740264264
2024-09-30,0.0608138965579079
2024-10-01,0.06342979431413545
2024-10-02,0.043312284882060494
2024-10-03,0.05122697530662474
2024-10-04,0.03846853862107762
2024-10-05,0.02809525148176055
2024-10-06,0.040058707867436275
2024-10-07,0.05147864700351814
2024-10-08,0.020498215570614077
2024-10-09,0.04151974137495683
2024-10-10,0.05175660261185478
2024-10-11,0.07389319820249735
2024-10-12,0.04374815290398938
2024-10-13,0.02508195299781556
2024-10-14,0.04580679974604542
2024-10-15,0.0386686139181982
2024-10-16,0.06104357110114727
2024-10-17,0.04324189347275542
2024-10-18,0.0
2024-10-19,0.12383249002395609
2024-10-20,0.0528472658318186
2024-10-21,0.05178383020617158
2024-10-22,0.019171800560059363
2024-10-23,0.020708614680767765
2024-10-24,0.04816102084653936
2024-10-25,0.056723426646232804
2024-10-26,0.06404228278353505
2024-10-27,0.05474875314636521
2024-10-28,0.026281155936637313
2024-10-29,0.0
2024-10-30,0.047995553012435896
2024-10-31,0.039320506587817446
2024-11-01,0.024748565517754305
2024-11-02,0.06656116448211252
2024-11-03,0.018488465016400238
2024-11-04,0.06233937678913166
2024-11-05,0.021797240499650376
2024-11-06,0.05268177371166662
2024-11-07,0.06867948644037244
2024-11-08,0.04324133368795452
2024-11-09,0.08379839669013645
2024-11-10,0.08835772651187007
2024-11-11,0.05474350000039311
2024-11-12,0.06082770741180546
2024-11-13,0.07121417732633038
2024-11-14,0.060888527449709795
2024-11-15,0.05874486435197088
2024-11-16,0.03951861194447825
2024-11-17,0.01625287649644576
2024-11-18,0.022198091735010462
2024-11-19,0.09764734717523038
2024-11-20,0.05644917915610002
2024-11-21,0.04508633037217337
2024-11-22,0.07526654518235819
2024-11-23,0.03501084054276341
2024-11-24,0.06166216534826376
2024-11-25,0.05154384067120076
2024-11-26,0.05920055002207205
2024-11-27,0.04327180261412287
2024-11-28,0.030706113854192394
2024-11-29,0.03354257853720716
2024-11-30,0.034322315954794055
2024-12-01,0.04994059375355689
2024-12-02,0.01887729639052114
2024-12-03,0.025051427699558145
2024-12-04,0.05271048595058404
2024-12-05,0.047446499111721704
2024-12-06,0.053804630685133976
2024-12-07,0.049099129313337826
2024-12-08,0.10037900413776427
2024-12-09,0.05253476867981747
2024-12-10,0.04241840701025448
2024-12-11,0.052022635707230196
2024-12-12,0.0703991008502066
2024-12-13,0.049007432212450706
2024-12-14,0.06369456717272493
2024-12-15,0.057920919288044326
2024-12-16,0.04419168846314712
2024-12-17,0.05221751597763904
2024-12-18,0.08197844228384152
2024-12-19,0.05486156590075929
2024-12-20,0.030279579516578597
2024-12-21,0.0436097914573425
2024-12-22,0.007715055005343897
2024-12-23,0.05274797413505761
2024-12-24,0.07624124687565628
2024-12-25,0.02317188463732292
2024-12-26,0.052994654690160986
2024-12-27,0.06970863611738573
2024-12-28,0.0718227726639297
2024-12-29,0.07559602344551662
2024-12-30,0.012634923373089933
2024-12-31,0.060098619092236204
2025-01-01,0.019888696298107897
2025-01-02,0.030033357268550578
2025-01-03,0.06642244519217012
2025-01-04,0.053160942437032344
2025-01-05,0.06452672148478748
2025-01-06,0.03141766790396604
2025-01-07,0.07947206220325753
2025-01-08,0.06376667867682101
2025-01-09,0.06778596238586919
2025-01-10,0.028396664477697283
2025-01-11,0.07342802480425237
2025-01-12,0.04367676846719194
2025-01-13,0.037775474597092185
2025-01-14,0.06250927080091323
2025-01-15,0.06166423549575878
2025-01-16,0.033063623044853246
2025-01-17,0.09112602020385041
2025-01-18,0.0862870115277955
2025-01-19,0.06210070281623539
2025-01-20,0.05860806845463377
2025-01-21,0.05659572452520593
2025-01-22,0.019000067479626574
2025-01-23,0.05225614775842926
2025-01-24,0.051990831637914965
2025-01-25,0.03847976627523238
2025-01-26,0.04381301655996832
2025-01-27,0.002374152105690544
2025-01-28,0.028054541397500177
2025-01-29,0.0684365258301458
2025-01-30,0.08462393803278723
2025-01-31,0.03113238629408458
2025-02-01,0.05365697309951878
2025-02-02,0.07196764658794634
2025-02-03,0.039595699482104924
2025-02-04,0.06352496354469231
2025-02-05,0.0493242060883968
2025-02-06,0.07380803976850699
2025-02-07,0.024350985206627537
2025-02-08,0.02790846742464694
2025-02-09,0.05559078337885623
2025-02-10,0.051924121998008735
2025-02-11,0.0488735220701334
2025-02-12,0.061516683204089664
2025-02-13,0.03138700870884528
2025-02-14,0.02261128776757143
2025-02-15,0.039997837839425496
2025-02-16,0.04223442882603803
2025-02-17,0.04432505637884178
2025-02-18,0.07538091422707754
2025-02-19,0.06540834493598419
2025-02-20,0.06066479738310858
2025-02-21,0.05443999189258623
2025-02-22,0.0413162308856889
2025-02-23,0.032921096864331104
2025-02-24,0.02605685158615958
2025-02-25,0.036109862990586494
2025-02-26,0.04914156023278023
2025-02-27,0.026900315996346673
2025-02-28,0.053390395154732186
2025-03-01,0.046111237455287106
2025-03-02,0.04205403176913595
2025-03-03,0.07323065802423274
2025-03-04,0.0007876275555453727
2025-03-05,0.04232540909430141
2025-03-06,0.002951251087410442
2025-03-07,0.05477125345858885
2025-03-08,0.06524363166397852
2025-03-09,0.02297787591572397
2025-03-10,0.025538848322172195
2025-03-11,0.01603400336579089
2025-03-12,0.051272839854263355
2025-03-13,0.04318423447591945
2025-03-14,0.044426905392168134
2025-03-15,0.04264056721028237
2025-03-16,0.030528018712641224
2025-03-17,0.07263748047792074
2025-03-18,0.05544681360263255
2025-03-19,0.02630672926444792
2025-03-20,0.035989063683349976
2025-03-21,0.03255862451065049
2025-03-22,0.07811855806946123
2025-03-23,0.06422438545365731
2025-03-24,0.04747021086154895
2025-03-25,0.08414442369907718
2025-03-26,0.07904087190398368
2025-03-27,0.045385782117164604
2025-03-28,0.04178869355752381
2025-03-29,0.04275272088205303
2025-03-30,0.030945068080621387
2025-03-31,0.08467948896934326
2025-04-01,0.029871749938822457
2025-04-02,0.06736608630854879
2025-04-03,0.06381086261817659
2025-04-04,0.04390268043552868
2025-04-05,0.08620090207328901
2025-04-06,0.018818073578369437
2025-04-07,0.0484061739804222
2025-04-08,0.04021919670118991
2025-04-09,0.06921186300541707
2025-04-10,0.057071317287503365
2025-04-11,0.015454096426670151
2025-04-12,0.07478958887492906
2025-04-13,0.059709234458491356
2025-04-14,0.029290162760741388
2025-04-15,0.04300641790427215
2025-04-16,0.024002301700558358
2025-04-17,0.0465832394876704
2025-04-18,0.05300235934719646
2025-04-19,0.04330705682732103
2025-04-20,0.04099071000254292
2025-04-21,0.017745192618976426
2025-04-22,0.056744829230064166
2025-04-23,0.011510908062740945
2025-04-24,0.05062159036474524
2025-04-25,0.014016883519350785
2025-04-26,0.051010097809725735
2025-04-27,0.04987761990824503
2025-04-28,0.05806689935357082
2025-04-29,0.06724571433603185
2025-04-30,0.07095176844501877
2025-05-01,0.017799148012481406
2025-05-02,0.048835878937338394
2025-05-03,0.09021881769120108
2025-05-04,0.05238201136995415
2025-05-05,0.033373037193973734
2025-05-06,0.04840597747121328
2025-05-07,0.042326681193718775
2025-05-08,0.026470836857356923
2025-05-09,0.06738208376414016
2025-05-10,0.061687051165507246
2025-05-11,0.023309818557757444
2025-05-12,0.048134508323661965
2025-05-13,0.03867072701635755
2025-05-14,0.017968149709500662
2025-05-15,0.021703610850480295
2025-05-16,0.024680803523993364
2025-05-17,0.04883140493114406
2025-05-18,0.04084093999593287
2025-05-19,0.030816240758081738
2025-05-20,0.042162339407580976
2025-05-21,0.06495069943690955
2025-05-22,0.05713392194544112
2025-05-23,0.07003737615243806
2025-05-24,0.045433742705615024
2025-05-25,0.08205114381363288
2025-05-26,0.05696159767396984
2025-05-27,0.04022165153317219
2025-05-28,0.051859036193807384
2025-05-29,0.025038480948203656
2025-05-30,0.04387629727504462
2025-05-31,0.05859948460453216
2025-06-01,0.06223339016197179
2025-06-02,0.04179675554337607
2025-06-03,0.1046778085504527
2025-06-04,0.04655584513689423
2025-06-05,0.016432119157136937
2025-06-06,0.07426534384016996
2025-06-07,0.06214254607699354
2025-06-08,0.054633776419105
2025-06-09,0.04070158217816444
2025-06-10,0.05786693032052883
2025-06-11,0.08238032491995262
2025-06-12,0.05403265874680292
2025-06-13,0.020599328263781483
2025-06-14,0.0
2025-06-15,0.05769119121276771
2025-06-16,0.030281729174797843
2025-06-17,0.048005745652083924
2025-06-18,0.03381844753973202
2025-06-19,0.03238182031606804
2025-06-20,0.03469451733427466
2025-06-21,0.03650249280166868
2025-06-22,0.06552471976965671
2025-06-23,0.061472875862731695
2025-06-24,0.025840223543776537
2025-06-25,0.02856530547265983
2025-06-26,0.057582438089387455
2025-06-27,0.07105004730871044
2025-06-28,0.07074282719828251
2025-06-29,0.02994182318439537
2025-06-30,0.0697862286380045
2025-07-01,0.014474607313623003
2025-07-02,0.04594231165979922
2025-07-03,0.059740528852173055
2025-07-04,0.008423899739166976
2025-07-05,0.09185713848170925
2025-07-06,0.07653390365953232
2025-07-07,0.06294007944721178
2025-07-08,0.030699435848701575
2025-07-09,0.04863792750845734
2025-07-10,0.06580840339526044
2025-07-11,0.027546768660003725
2025-07-12,0.04639051537523966
2025-07-13,0.06820767699621964
2025-07-14,0.020108099964539
2025-07-15,0.0566484942204091
2025-07-16,0.014904607407576397
2025-07-17,0.03112306488842693
2025-07-18,0.03990814788647812
2025-07-19,0.06027111225437558
2025-07-20,0.03598421794987593
2025-07-21,0.05251096782658302
2025-07-22,0.03625543724383534
2025-07-23,0.03938766455769696
2025-07-24,0.07501323015572298
2025-07-25,0.026995436435155232
2025-07-26,0.0651830794789437
2025-07-27,0.04997872229050036
2025-07-28,0.03848892622184019
2025-07-29,0.025649543351797643
2025-07-30,0.027075273858018178
2025-07-31,0.03522709950484107
2025-08-01,0.04699891185557716
2025-08-02,0.06207019272312803
2025-08-03,0.04399521480155275
2025-08-04,0.04533378296235562
2025-08-05,0.048320195533553906
2025-08-06,0.05953555382877458
2025-08-07,0.06289605638393021
2025-08-08,0.022260690488563044
2025-08-09,0.044358505805133765
2025-08-10,0.07454808034695844
2025-08-11,0.023677600925600915
2025-08-12,0.05148625780897918
2025-08-13,0.04658311992406439
2025-08-14,0.03866648820126777
2025-08-15,0.08181565302086716
2025-08-16,0.05073671617735749
2025-08-17,0.08022290143888629
2025-08-18,0.050112544104888204
2025-08-19,0.059205117786354636
2025-08-20,0.03845556982146039
2025-08-21,0.03867812649404493
2025-08-22,0.05818695060497721
2025-08-23,0.05855394915267183
2025-08-24,0.06195974133183709
2025-08-25,0.05753356573909151
2025-08-26,0.023271581459918308
2025-08-27,0.03387262646575169
2025-08-28,0.0669988577229739
2025-08-29,0.01083069269193325
2025-08-30,0.05585214483011207
2025-08-31,0.04776239801861638
2025-09-01,0.06699163734944719
2025-09-02,0.05833242372141511
2025-09-03,0.03672039440583076
2025-09-04,0.03581299923396673
2025-09-05,0.03954433054006162
2025-09-06,0.061601260947412556
2025-09-07,0.003955726408895112
2025-09-08,0.05314758888714123
2025-09-09,0.032339308255452656
2025-09-10,0.05381670595614514
2025-09-11,0.05688995573006738
2025-09-12,0.016753468341426256
2025-09-13,0.04546267145998738
2025-09-14,0.053111407136004936
2025-09-15,0.051759001905502956
2025-09-16,0.04755598093768071
2025-09-17,0.02558224960371977
2025-09-18,0.028627439387069166
2025-09-19,0.022439053544922996
2025-09-20,0.06108091141679507
2025-09-21,0.047688583163867974
2025-09-22,0.048964935214145744
2025-09-23,0.01589013112310212
2025-09-24,0.0493279440547759
2025-09-25,0.06267274143965366
2025-09-26,0.013163208508514414
2025-09-27,0.03929187482510059
2025-09-28,0.01859301736910389
2025-09-29,0.04159435850540226
2025-09-30,0.03198016204858154
2025-10-01,0.05761817667283206
2025-10-02,0.05338479126852784
2025-10-03,0.07583008811268088
2025-10-04,0.04891844301399013
2025-10-05,0.05676975604208547
2025-10-06,0.03884585036703045
2025-10-07,0.027938706975428426
2025-10-08,0.06669524869380174
2025-10-09,0.0748651010709416
2025-10-10,0.06411311398476506
2025-10-11,0.05262456246259065
2025-10-12,0.030518128910294477
2025-10-13,0.07283256346853893
2025-10-14,0.06159018631274024
2025-10-15,0.09049757218658891
2025-10-16,0.026911520995201874
2025-10-17,0.06725133002494761
2025-10-18,0.060982130097495965
2025-10-19,0.043159455995038884
2025-10-20,0.07727669760406208
2025-10-21,0.058046902968490965
2025-10-22,0.03126213943076693
2025-10-23,0.04763321967451181
2025-10-24,0.03102282385793775
2025-10-25,0.04062968569228973
2025-10-26,0.06407652307079466
2025-10-27,0.06978548090468432
2025-10-28,0.054424246675787304
2025-10-29,0.03499850246820936
2025-10-30,0.05763216840790714
2025-10-31,0.06446799275915274
2025-11-01,0.010557765095205646
2025-11-02,0.05232957550061835
2025-11-03,0.04619620403201338
2025-11-04,0.06907422510819144
2025-11-05,0.05771378329722998
2025-11-06,0.059687034029455716
2025-11-07,0.04036178067238076
2025-11-08,0.050033034342648726
2025-11-09,0.06887369939607776
2025-11-10,0.048702405340594467
2025-11-11,0.053493391114631486
2025-11-12,0.019280854031158683
2025-11-13,0.04862919927345569
2025-11-14,0.009760000637877818
2025-11-15,0.03967710261283487
2025-11-16,0.051270311154537986
2025-11-17,0.06534061588969142
2025-11-18,0.030016801130960485
2025-11-19,0.05747368286940205
2025-11-20,0.07936986808724257
2025-11-21,0.037185122685687556
2025-11-22,0.019058941565546855
2025-11-23,0.05579679914114177
2025-11-24,0.026160059869274145
2025-11-25,0.0336200285305296
2025-11-26,0.06846673883404972
2025-11-27,0.08753798550753362
2025-11-28,0.0299861976731703
2025-11-29,0.035251605199691734
2025-11-30,0.04120262075182361
2025-12-01,0.03904383892949147
2025-12-02,0.08866585027624069
2025-12-03,0.039388643406244275
2025-12-04,0.042244961709477426
2025-12-05,0.08232354946349651
2025-12-06,0.06153352623078603
2025-12-07,0.06971798465898489
2025-12-08,0.031877742539552174
2025-12-09,0.039396406336485286
2025-12-10,0.029205632846420793
2025-12-11,0.06602523092071633
2025-12-12,0.07450486415566887
2025-12-13,0.038004512616369744
2025-12-14,0.04271517354191448
2025-12-15,0.04359019869922684
2025-12-16,0.01905552013443649
2025-12-17,0.036523558444806925
2025-12-18,0.06546532429527202
2025-12-19,0.03249162991109812
2025-12-20,0.05185963724409977
2025-12-21,0.02383962051071687
2025-12-22,0.047119981777422645
2025-12-23,0.038733576908279846
2025-12-24,0.025566570324324658
2025-12-25,0.06580772192310223
2025-12-26,0.06693254722402038
2025-12-27,0.0306092257552805
2025-12-28,0.04567633071612546
2025-12-29,0.050886373661448984
2025-12-30,0.013704764257443013
2025-12-31,0.022058145472119362
2026-01-01,0.07572568872733562
2026-01-02,0.02869746206994859
2026-01-03,0.07516366216503392
2026-01-04,0.023091726512333384
2026-01-05,0.06317655554280806
2026-01-06,0.0437739378497933
2026-01-07,0.046584674616912666
2026-01-08,0.0871187182706793
2026-01-09,0.024916267313626367
2026-01-10,0.06189596392522142
2026-01-11,0.06106979327115644
2026-01-12,0.11709146778332756
2026-01-13,0.028457383595362283
2026-01-14,0.037480304129931266
2026-01-15,0.06631844571665108
2026-01-16,0.04599472281596274
2026-01-17,0.04073898086536501
2026-01-18,0.06915022976646332
2026-01-19,0.04466863127392559
2026-01-20,0.03216281859237165
2026-01-21,0.06452420309523962
2026-01-22,0.057505760160557216
2026-01-23,0.04374306808788048
2026-01-24,0.042793969624799574
2026-01-25,0.03170186790118874
2026-01-26,0.06450193710230684
2026-01-27,0.04279784365491251
2026-01-28,0.034603081928526604
2026-01-29,0.02428889665616291
2026-01-30,0.05784308715817672
2026-01-31,0.039828340421740056
2026-02-01,0.009746493720218574
2026-02-02,0.025934624207119075
2026-02-03,0.04532806128682035
2026-02-04,0.045889246701656644
2026-02-05,0.04512915499258699
2026-02-06,0.04234487776864878
2026-02-07,0.020482925545271778
2026-02-08,0.03250902951701898
2026-02-09,0.07367553972968204
2026-02-10,0.07072456253706132
2026-02-11,0.061559035646881026
2026-02-12,0.059790052080813366
2026-02-13,0.06809511816130984
2026-02-14,0.027584105250157996
2026-02-15,0.05065856733513898
2026-02-16,0.027594656987060796
2026-02-17,0.027941710604694536
2026-02-18,0.057361298754938825
2026-02-19,0.06893500878271751
2026-02-20,0.04612301731154924
2026-02-21,0.08298000864419003
2026-02-22,0.05423568654091074
2026-02-23,0.03446428935166977
2026-02-24,0.02826542896252656
2026-02-25,0.07036262968369433
2026-02-26,0.052569182314796306
2026-02-27,0.06352094756338965
2026-02-28,0.0
2026-03-01,0.05489344068693877
2026-03-02,0.039764516230075264
2026-03-03,0.022124809281662713
2026-03-04,0.0487463531410315
2026-03-05,0.07183627067308912
2026-03-06,0.09532456572839437
2026-03-07,0.05484304814645021
2026-03-08,0.035817068200769554
2026-03-09,0.03460994886963066
2026-03-10,0.06926264724130399
2026-03-11,0.030062517616942157
2026-03-12,0.06244854759055526
2026-03-13,0.055873623799192355
2026-03-14,0.05366202783765759
2026-03-15,0.018637628202384154
2026-03-16,0.042860835955473506
2026-03-17,0.020836844172847747
2026-03-18,0.03823505197366469
2026-03-19,0.06834277323041026
2026-03-20,0.07462115806711131
2026-03-21,0.05427897298981771
2026-03-22,0.0385931897513203
2026-03-23,0.08176198664720837
2026-03-24,0.0383281873248764
2026-03-25,0.027286270163819914
2026-03-26,0.06392965935833567
2026-03-27,0.05915468085139414
2026-03-28,0.03914848178148318
2026-03-29,0.052004504591391346
2026-03-30,0.05884319977703546
2026-03-31,0.05407357682103633
2026-04-01,0.05917877909929162
2026-04-02,0.03988570276880052
2026-04-03,0.06052490088479198
2026-04-04,0.05035115675166564
2026-04-05,0.04056378956927294
2026-04-06,0.04508230475533451
2026-04-07,0.04804196328151165
2026-04-08,0.021092433258774423
2026-04-09,0.03726681506860144
2026-04-10,0.05129811031185572
2026-04-11,0.022980179292222954
2026-04-12,0.03760152676370839
2026-04-13,0.09769289956743744
2026-04-14,0.02741483270357612
2026-04-15,0.042323721746991415
2026-04-16,0.03332565442942538
2026-04-17,0.04766259992093327
2026-04-18,0.0337016331373004
2026-04-19,0.04513513753415135
2026-04-20,0.03562905929700214
2026-04-21,0.0711025563273965
2026-04-22,0.051632740754390935
2026-04-23,0.029940546860735603
2026-04-24,0.06681593047665386
2026-04-25,0.030834667679397743
2026-04-26,0.018718396221766978
2026-04-27,0.04993915025134386
2026-04-28,0.08814528848679959
2026-04-29,0.013446717421682255
2026-04-30,0.023380241568618062
2026-05-01,0.0650505132632169
2026-05-02,0.037153572007760795
2026-05-03,0.062238971344930866
2026-05-04,0.03325022186116106
2026-05-05,0.05283924354818353
2026-05-06,0.08488947850770978
2026-05-07,0.026108207059562585
2026-05-08,0.07047521620274609
2026-05-09,0.06359413593264174
2026-05-10,0.020215114978021826
2026-05-11,0.06117801047483547
2026-05-12,0.05145612257725213
2026-05-13,0.05182188019827459
2026-05-14,0.05673035132903406
2026-05-15,0.0429926831116839
2026-05-16,0.05140197917884796
2026-05-17,0.05482904850080577
2026-05-18,0.06492115877771057
2026-05-19,0.01945677933243838
2026-05-20,0.07581771792982209
2026-05-21,0.026894193138815737
2026-05-22,0.06523256928292774
2026-05-23,0.0515889019854556
2026-05-24,0.02437687314402605
2026-05-25,0.060562909394080086
2026-05-26,0.03109186721609658
2026-05-27,0.0713759111031528
2026-05-28,0.035783303229975125
2026-05-29,0.020100278047892453
2026-05-30,0.08067690210072591
2026-05-31,0.053626473424738176
2026-06-01,0.06734382251522632
2026-06-02,0.03297056242493265
2026-06-03,0.012163789265835986
2026-06-04,0.08350404848175555
2026-06-05,0.04987146375642103
2026-06-06,0.059827037883270935
2026-06-07,0.06313191561196539
2026-06-08,0.04329217893968622
2026-06-09,0.05452459095231033
2026-06-10,0.0818790518501089
2026-06-11,0.0493511754224134
2026-06-12,0.06884202632839151
2026-06-13,0.010175060399387571
2026-06-14,0.07247521260638429
2026-06-15,0.01955991403988053
2026-06-16,0.07018817648067002
2026-06-17,0.057812624409025425
2026-06-18,0.04808158647852244
2026-06-19,0.048008235575841406
2026-06-20,0.044945378132853306
2026-06-21,0.033586609611128734
2026-06-22,0.04588047442739908
2026-06-23,0.09416118155018177
2026-06-24,0.0760461342156946
2026-06-25,0.03257993642955133
2026-06-26,0.05535374804654577
2026-06-27,0.05191958326472863
2026-06-28,0.04715413113980657
2026-06-29,0.029944448867250416
2026-06-30,0.058917959696133046
2026-07-01,0.06692143259829274
2026-07-02,0.033322026298664396
2026-07-03,0.08911082834578415
2026-07-04,0.08044006498471108
2026-07-05,0.06096331117902465
2026-07-06,0.025365605946623734
2026-07-07,0.058028172519691244
2026-07-08,0.05563956003128931
2026-07-09,0.06026310552436994
2026-07-10,0.08180928544579472
2026-07-11,0.04648051890766759
2026-07-12,0.09095653159311487
2026-07-13,0.058130086919875
2026-07-14,0.044190736486774705
2026-07-15,0.09798754413412823
2026-07-16,0.0665978380004018
2026-07-17,0.04090532226085054
2026-07-18,0.05168433177892885
2026-07-19,0.06270466043709068
2026-07-20,0.04698277946429317
2026-07-21,0.05267815738089901
2026-07-22,0.03365592792674558
2026-07-23,0.016296109383841836
2026-07-24,0.05212838645489424
2026-07-25,0.05280055644451775
2026-07-26,0.06054239183115709
2026-07-27,0.03847620585787607
2026-07-28,0.023188914109186703
2026-07-29,0.030693510605053032
2026-07-30,0.07111267513679649
2026-07-31,0.03666777375584858
2026-08-01,0.04115838028392477
2026-08-02,0.043751728723377764
2026-08-03,0.037614476614264196
2026-08-04,0.03613578344934334
2026-08-05,0.03257752870732379
2026-08-06,0.078013131491364
2026-08-07,0.0636020136668586
2026-08-08,0.07495641546300476
2026-08-09,0.07898679512921676
2026-08-10,0.0030024040513403835
2026-08-11,0.05686909284056153
2026-08-12,0.038276427322033624
2026-08-13,0.07233619288706697
2026-08-14,0.03517057593514877
2026-08-15,0.028917004872725808
2026-08-16,0.02131908278693796
2026-08-17,0.04394650178042396
2026-08-18,0.06829890525056623
2026-08-19,0.05512334433722624
2026-08-20,0.025947034697277126
2026-08-21,0.09305318180723782
2026-08-22,0.06299077278983137
2026-08-23,0.06554820231515374
2026-08-24,0.07570057654695317
2026-08-25,0.017195688227484407
2026-08-26,0.03177131722824235
2026-08-27,0.06646022713848546
2026-08-28,0.03378523343957046
2026-08-29,0.04449973055489904
2026-08-30,0.048445186943374
2026-08-31,0.024451892227401652
2026-09-01,0.042783656357327206
2026-09-02,0.06829006434703665
2026-09-03,0.06458907779635682
2026-09-04,0.07226029323934936
2026-09-05,0.07019751747581593
2026-09-06,0.05811747851405168
2026-09-07,0.056533569966194
