Date,Chlorophyll
2000-01-01,0.5248357076505616
2000-01-02,0.49050478151806554
2000-01-03,0.5272211851616228
2000-01-04,0.5684085427369132
2000-01-05,0.47797196724348523
2000-01-06,0.475398432341924
2000-01-07,0.5634953861582543
2000-01-08,0.5203405297227426
2000-01-09,0.45593446488626266
2000-01-10,0.5039816790796561
2000-01-11,0.45113514373215524
2000-01-12,0.44847950584500057
2000-01-13,0.48133243859800884
2000-01-14,0.3710477608164853
2000-01-15,0.3779531934734558
2000-01-16,0.4335826292705233
2000-01-17,0.408564720353163
2000-01-18,0.47244000169767236
2000-01-19,0.4088606125254961
2000-01-20,0.38119436567938075
2000-01-21,0.5226540035069607
2000-01-22,0.43565976664921746
2000-01-23,0.4479177288007952
2000-01-24,0.3709130797527861
2000-01-25,0.4125576653928449
2000-01-26,0.4429670890936458
2000-01-27,0.3775339822463202
2000-01-28,0.45155049965622196
2000-01-29,0.4004355248686321
2000-01-30,0.4136052364929679
2000-01-31,0.3958483368645336
2000-02-01,0.5163132676476312
2000-02-02,0.4208127976582708
2000-02-03,0.36641367782146
2000-02-04,0.4582619486300165
2000-02-05,0.35395255405778125
2000-02-06,0.42332313873216765
2000-02-07,0.31280749076189673
2000-02-08,0.34231916703780957
2000-02-09,0.41653604952732604
2000-02-10,0.4416084838662439
2000-02-11,0.41127397990425135
2000-02-12,0.3949723931442462
2000-02-13,0.38377827239559376
2000-02-14,0.3230159853980786
2000-02-15,0.3590890405225175
2000-02-16,0.37021956810974443
2000-02-17,0.44430950556655896
2000-02-18,0.40686836103382523
2000-02-19,0.29980217907738005
2000-02-20,0.4024583271979554
2000-02-21,0.3653336619465935
2000-02-22,0.34910952232408576
2000-02-23,0.41194196592852683
2000-02-24,0.4313458128985961
2000-02-25,0.4248331471047058
2000-02-26,0.33481764084350596
2000-02-27,0.3598637872525681
2000-02-28,0.39047041072500643
2000-02-29,0.4213046926269888
2000-03-01,0.3472266943663651
2000-03-02,0.36059859795736965
2000-03-03,0.3132994955280622
2000-03-04,0.30757954230446194
2000-03-05,0.4068290891507776
2000-03-06,0.4328673709807047
2000-03-07,0.36034742200058795
2000-03-08,0.41305744666680116
2000-03-09,0.37993610809488654
2000-03-10,0.32861275973286425
2000-03-11,0.3779941959519819
2000-03-12,0.43592341963201414
2000-03-13,0.356369239930431
2000-03-14,0.4355737053464273
2000-03-15,0.22557752080672694
2000-03-16,0.39692565763791604
2000-03-17,0.3594913627636803
2000-03-18,0.33954004419898054
2000-03-19,0.35847297055091204
2000-03-20,0.25394430304410687
2000-03-21,0.341820435067383
2000-03-22,0.37018455606277345
2000-03-23,0.4257922858779779
2000-03-24,0.32559661482321467
2000-03-25,0.3107419884426508
2000-03-26,0.3257794617866804
2000-03-27,0.3963822564630269
2000-03-28,0.36683880951676084
2000-03-29,0.3237466766383134
2000-03-30,0.37577586996971524
2000-03-31,0.3548886021704184
2000-04-01,0.39843363856621594
2000-04-02,0.31490984650792164
2000-04-03,0.33368495056700803
2000-04-04,0.3305626350056371
2000-04-05,0.27713667846358525
2000-04-06,0.3653071785901033
2000-04-07,0.36378696694388984
2000-04-08,0.3512671454420109
2000-04-09,0.33960353373222446
2000-04-10,0.2809298243626282
2000-04-11,0.33107551136715746
2000-04-12,0.3354252913766642
2000-04-13,0.3129440827920955
2000-04-14,0.3455341318218443
2000-04-15,0.3743848133463677
2000-04-16,0.4491186276069169
2000-04-17,0.36420830835696966
2000-04-18,0.36906984698804374
2000-04-19,0.3532255547171248
2000-04-20,0.2618072022332222
2000-04-21,0.35726013471897605
2000-04-22,0.36247930855273663
2000-04-23,0.48355351596856744
2000-04-24,0.35173834343197985
2000-04-25,0.3774398232077716
2000-04-26,0.3616737170006054
2000-04-27,0.30606272777032073
2000-04-28,0.4227652471155147
2000-04-29,0.4043880532399147
2000-04-30,0.40754976675612203
2000-05-01,0.32377467945386473
2000-05-02,0.4406683963393183
2000-05-03,0.30175912139791194
2000-05-04,0.402555496087054
2000-05-05,0.48413395937770337
2000-05-06,0.32652005393487915
2000-05-07,0.349204405802974
2000-05-08,0.38401057630624036
2000-05-09,0.35539878772679767
2000-05-10,0.3046193501848862
2000-05-11,0.38719554253524524
2000-05-12,0.33230152239511335
2000-05-13,0.4107795974019578
2000-05-14,0.34284548666102044
2000-05-15,0.4680630871379039
2000-05-16,0.35318579833179387
2000-05-17,0.3780593826736395
2000-05-18,0.43668367683543685
2000-05-19,0.33634077275674984
2000-05-20,0.41116341709817644
2000-05-21,0.4670836841327586
2000-05-22,0.3233176312864541
2000-05-23,0.41491727073724005
2000-05-24,0.42070144971792206
2000-05-25,0.4488475341051271
2000-05-26,0.34998467661222493
2000-05-27,0.3479113291601375
2000-05-28,0.4421586889193184
2000-05-29,0.43306316788056165
2000-05-30,0.43291513529300385
2000-05-31,0.43991305182247087
2000-06-01,0.39081249190420914
2000-06-02,0.4386717787917467
2000-06-03,0.44397969751385447
2000-06-04,0.3958964250724128
2000-06-05,0.5272109079046636
2000-06-06,0.45994159505015625
2000-06-07,0.37903143131752437
2000-06-08,0.4737891389332215
2000-06-09,0.3946097217080392
2000-06-10,0.48509717057765744
2000-06-11,0.5060879320497602
2000-06-12,0.4095546117487349
2000-06-13,0.501202750321842
2000-06-14,0.4761321234558013
2000-06-15,0.4990684067198421
2000-06-16,0.5552898252234963
2000-06-17,0.45067726712771616
2000-06-18,0.4277673412475337
2000-06-19,0.4234961412027544
2000-06-20,0.4297085522826916
2000-06-21,0.46917992667046043
2000-06-22,0.4926365468000546
2000-06-23,0.4919646604285197
2000-06-24,0.522046935833914
2000-06-25,0.4839012435256411
2000-06-26,0.558496191385286
2000-06-27,0.47515918645308275
2000-06-28,0.626976466724612
2000-06-29,0.5248300324375708
2000-06-30,0.45326935614511593
2000-07-01,0.4451643255636411
2000-07-02,0.5254146702954624
2000-07-03,0.4926996267677773
2000-07-04,0.5421533596552842
2000-07-05,0.5326938728335462
2000-07-06,0.5079665262521759
2000-07-07,0.47184082656915965
2000-07-08,0.44100648983396096
2000-07-09,0.4969864790145361
2000-07-10,0.5646898192541547
2000-07-11,0.5351257391472877
2000-07-12,0.4646780489232349
2000-07-13,0.5381599797615956
2000-07-14,0.5512940063024113
2000-07-15,0.49035297872453515
2000-07-16,0.5447395823694167
2000-07-17,0.542460259831501
2000-07-18,0.4848860863883513
2000-07-19,0.5623962909084377
2000-07-20,0.5750052824587857
2000-07-21,0.6035638344924433
2000-07-22,0.6045319495023551
2000-07-23,0.4853735912116106
2000-07-24,0.5097649427848385
2000-07-25,0.5847903048589029
2000-07-26,0.5870926913679536
2000-07-27,0.5895024353107354
2000-07-28,0.7587143921853103
2000-07-29,0.5969305295609272
2000-07-30,0.6274522081601095
2000-07-31,0.6206409942409636
2000-08-01,0.6077558345821562
2000-08-02,0.5616458964203606
2000-08-03,0.6175579682489534
2000-08-04,0.543144805054219
2000-08-05,0.572097459024526
2000-08-06,0.5617976627941935
2000-08-07,0.5922614948131871
2000-08-08,0.7059765378174139
2000-08-09,0.4989294303649117
2000-08-10,0.6286274317081008
2000-08-11,0.515672413426002
2000-08-12,0.574676860291891
2000-08-13,0.6546571094803983
2000-08-14,0.6053300123763254
2000-08-15,0.5501049451365813
2000-08-16,0.5700723560530782
2000-08-17,0.6416314244981279
2000-08-18,0.5729153015271163
2000-08-19,0.6220062311063882
2000-08-20,0.6151786161249919
2000-08-21,0.5820032745382906
2000-08-22,0.7234298106713224
2000-08-23,0.6495434293777077
2000-08-24,0.5181703002345119
2000-08-25,0.6302947076866131
2000-08-26,0.589391384478468
2000-08-27,0.6665747965483976
2000-08-28,0.5857627849911604
2000-08-29,0.6210505365296146
2000-08-30,0.6533976894114969
2000-08-31,0.6727590789159928
2000-09-01,0.5707411274536094
2000-09-02,0.6152767688039829
2000-09-03,0.6094613328363762
2000-09-04,0.6017094319815508
2000-09-05,0.7237760823627575
2000-09-06,0.6568397800621802
2000-09-07,0.5745933461921567
2000-09-08,0.6845367056817028
2000-09-09,0.7457163995063285
2000-09-10,0.6921554649718721
2000-09-11,0.5654456732108624
2000-09-12,0.6180425333585131
2000-09-13,0.7063977069538979
2000-09-14,0.6084241992671554
2000-09-15,0.6667115536919337
2000-09-16,0.6839223701250765
2000-09-17,0.5994712059154551
2000-09-18,0.6434253147917652
2000-09-19,0.4848786867433699
2000-09-20,0.5962196007302828
2000-09-21,0.6352638149249166
2000-09-22,0.5859124794366085
2000-09-23,0.7302876747956
2000-09-24,0.5774814584920805
2000-09-25,0.6272635723302554
2000-09-26,0.65603586412743
2000-09-27,0.7217512385831146
2000-09-28,0.5780388497787831
2000-09-29,0.7080901297108515
2000-09-30,0.65049915184919
2000-10-01,0.600923178408031
2000-10-02,0.6730704490101471
2000-10-03,0.659840486464626
2000-10-04,0.6197544693153949
2000-10-05,0.6530888502157243
2000-10-06,0.6301221695789888
2000-10-07,0.6548085532966552
2000-10-08,0.6819398651387422
2000-10-09,0.7277907150703705
2000-10-10,0.5862116414177555
2000-10-11,0.7543227412456273
2000-10-12,0.5495915805646163
2000-10-13,0.6390879964740693
2000-10-14,0.6755309286000919
2000-10-15,0.6595591816644777
2000-10-16,0.6137260146571986
2000-10-17,0.6337633550629814
2000-10-18,0.6187851772558441
2000-10-19,0.6131902395970625
2000-10-20,0.6843195629651226
2000-10-21,0.6588291829895366
2000-10-22,0.6054301045604061
2000-10-23,0.684111246308542
2000-10-24,0.6535106692013256
2000-10-25,0.677762304169748
2000-10-26,0.6675335140165761
2000-10-27,0.593494879901733
2000-10-28,0.6057881499590838
2000-10-29,0.6699748067476676
2000-10-30,0.6619022690433097
2000-10-31,0.6290733735112322
2000-11-01,0.6346809629068096
2000-11-02,0.6913558085185504
2000-11-03,0.5965141914033802
2000-11-04,0.6520304630133731
2000-11-05,0.6131118503736674
2000-11-06,0.6108467986897431
2000-11-07,0.6751430058255611
2000-11-08,0.6599126659629181
2000-11-09,0.6577198594606483
2000-11-10,0.6806861643903073
2000-11-11,0.6147960633534223
2000-11-12,0.6461434617192314
2000-11-13,0.5947992156149251
2000-11-14,0.6247549233688089
2000-11-15,0.600241340623882
2000-11-16,0.609768547307383
2000-11-17,0.6328157663553958
2000-11-18,0.5602555086632682
2000-11-19,0.7038645565206149
2000-11-20,0.5469935650802622
2000-11-21,0.53460541449414
2000-11-22,0.6512125559411337
2000-11-23,0.6308546652154158
2000-11-24,0.6204149938967224
2000-11-25,0.6185373164812842
2000-11-26,0.584392924801322
2000-11-27,0.5380025784008514
2000-11-28,0.5844910036404312
2000-11-29,0.544654255529227
2000-11-30,0.6250566282487031
2000-12-01,0.5667134634488897
2000-12-02,0.5305352161777427
2000-12-03,0.5534632485527781
2000-12-04,0.5878809739748428
2000-12-05,0.536730111242366
2000-12-06,0.521468020613526
2000-12-07,0.5724075589554917
2000-12-08,0.5700978394919772
2000-12-09,0.5301115226650445
2000-12-10,0.5294995030455396
2000-12-11,0.5622309318069989
2000-12-12,0.4757862321789885
2000-12-13,0.47536499497961565
2000-12-14,0.5073501538694697
2000-12-15,0.5301213660445234
2000-12-16,0.5538483725473284
2000-12-17,0.6095687257483702
2000-12-18,0.576171208110726
2000-12-19,0.5227687484821215
2000-12-20,0.5272831960813521
2000-12-21,0.4755675033953312
2000-12-22,0.5222206663000226
2000-12-23,0.5061588838709828
2000-12-24,0.5341671347518073
2000-12-25,0.4741037074394992
2000-12-26,0.5388620455226756
2000-12-27,0.586957309670477
2000-12-28,0.5023049426606453
2000-12-29,0.5252488278483589
2000-12-30,0.5370892030089309
2000-12-31,0.4799389764057081
2001-01-01,0.5086226206671457
2001-01-02,0.4954663782956778
2001-01-03,0.49714085484395365
2001-01-04,0.45102914678687867
2001-01-05,0.4883307889023302
2001-01-06,0.5094346599451572
2001-01-07,0.5545259736548492
2001-01-08,0.5273717254872706
2001-01-09,0.5845127997759356
2001-01-10,0.4359386502283759
2001-01-11,0.5153820253595472
2001-01-12,0.4784014253066248
2001-01-13,0.5762019197102588
2001-01-14,0.42378417083135
2001-01-15,0.4197109136235332
2001-01-16,0.4292366440976832
2001-01-17,0.35053284885241837
2001-01-18,0.4279740652175188
2001-01-19,0.41385291766846055
2001-01-20,0.4568912543846933
2001-01-21,0.4640363804624022
2001-01-22,0.5383498605271934
2001-01-23,0.4896716809727615
2001-01-24,0.4109316188359839
2001-01-25,0.39250022604073465
2001-01-26,0.4596796196927606
2001-01-27,0.3667539383879064
2001-01-28,0.52204039765729
2001-01-29,0.4871619300186962
2001-01-30,0.4024748848707682
2001-01-31,0.33804263196764045
2001-02-01,0.4891812776034382
2001-02-02,0.4135722320066242
2001-02-03,0.4790255186235302
2001-02-04,0.33527335361661403
2001-02-05,0.3829112078342413
2001-02-06,0.4110531819417946
2001-02-07,0.4110774991709683
2001-02-08,0.38418971415990766
2001-02-09,0.4358276514838485
2001-02-10,0.3493245443756231
2001-02-11,0.39363583301259353
2001-02-12,0.4048482387606531
2001-02-13,0.4226640266193874
2001-02-14,0.4306619948466975
2001-02-15,0.3370194020658403
2001-02-16,0.3147476857188321
2001-02-17,0.4535712876503276
2001-02-18,0.4045698874444964
2001-02-19,0.348829801900388
2001-02-20,0.4621453747435355
2001-02-21,0.38873935405402665
2001-02-22,0.44032301068967467
2001-02-23,0.38317176084430404
2001-02-24,0.48130653739299517
2001-02-25,0.4645455591267982
2001-02-26,0.3628761986211751
2001-02-27,0.42248578670254616
2001-02-28,0.4047962337501282
2001-03-01,0.4396169841352471
2001-03-02,0.32163537376155527
2001-03-03,0.4029188172282855
2001-03-04,0.42031109785097487
2001-03-05,0.278265823709912
2001-03-06,0.3058924439188748
2001-03-07,0.2619863191915996
2001-03-08,0.34941046004997206
2001-03-09,0.39773141963230296
2001-03-10,0.435986600067922
2001-03-11,0.36362915469755
2001-03-12,0.4404523685872803
2001-03-13,0.28915546897518407
2001-03-14,0.2721724005879692
2001-03-15,0.35378739106638324
2001-03-16,0.3750338048661202
2001-03-17,0.35350427194706713
2001-03-18,0.25111830672028007
2001-03-19,0.3494289297484975
2001-03-20,0.2880992737489088
2001-03-21,0.3862876569007605
2001-03-22,0.37065883979202857
2001-03-23,0.3049035943245343
2001-03-24,0.32581677987006236
2001-03-25,0.29820599249286256
2001-03-26,0.3477333591022486
2001-03-27,0.3983692666029851
2001-03-28,0.3011149517169994
2001-03-29,0.3754370126025576
2001-03-30,0.3235996173954254
2001-03-31,0.31039108308989916
2001-04-01,0.3446498710418436
2001-04-02,0.2982503850808206
2001-04-03,0.3223855926295373
2001-04-04,0.29027414803280255
2001-04-05,0.44854868251601065
2001-04-06,0.3522643423354609
2001-04-07,0.31574792793526607
2001-04-08,0.36171046814659896
2001-04-09,0.34571648791644033
2001-04-10,0.3406498814884878
2001-04-11,0.3828161125075967
2001-04-12,0.3904364027053679
2001-04-13,0.32653288887265014
2001-04-14,0.32480750537291075
2001-04-15,0.3404296856480586
2001-04-16,0.2397132743096111
2001-04-17,0.27971986460545
2001-04-18,0.42453604082413177
2001-04-19,0.4391962361804974
2001-04-20,0.3452939610203553
2001-04-21,0.38741367664422516
2001-04-22,0.3750303057828621
2001-04-23,0.514335450767065
2001-04-24,0.4173351372427648
2001-04-25,0.35596657651705255
2001-04-26,0.31563228345584626
2001-04-27,0.2841743136384187
2001-04-28,0.37579728818312474
2001-04-29,0.32897386434136083
2001-04-30,0.2968854839240859
2001-05-01,0.33691540798147546
2001-05-02,0.31645128061179356
2001-05-03,0.4562087562911542
2001-05-04,0.417294629244513
2001-05-05,0.37421254602137366
2001-05-06,0.4500440771359149
2001-05-07,0.38138770766549346
2001-05-08,0.3359637979854451
2001-05-09,0.4567287742960905
2001-05-10,0.4090980239224257
2001-05-11,0.33190508607862096
2001-05-12,0.3758997741772382
2001-05-13,0.34331906320096084
2001-05-14,0.31967671182449375
2001-05-15,0.4368752442636088
2001-05-16,0.48781929497211224
2001-05-17,0.3242340797929663
2001-05-18,0.424156277801482
2001-05-19,0.3653518601223562
2001-05-20,0.3754341511797351
2001-05-21,0.3721068502066939
2001-05-22,0.3604922545305247
2001-05-23,0.40811165920786613
2001-05-24,0.36615980418494887
2001-05-25,0.4232792318052536
2001-05-26,0.40932030668367214
2001-05-27,0.4019867574710307
2001-05-28,0.37068342753639366
2001-05-29,0.38937536769048564
2001-05-30,0.4581600540669978
2001-05-31,0.447636500728841
2001-06-01,0.3759359657432061
2001-06-02,0.4320257092051577
2001-06-03,0.46689543001751
2001-06-04,0.34814373191766235
2001-06-05,0.4610901919664225
2001-06-06,0.4031187610572745
2001-06-07,0.4671265396073148
2001-06-08,0.4027985006744041
2001-06-09,0.35309970018617926
2001-06-10,0.36436581849637684
2001-06-11,0.4505624004324591
2001-06-12,0.4635748527523945
2001-06-13,0.4078181126044054
2001-06-14,0.48742270004784516
2001-06-15,0.37488939560666956
2001-06-16,0.457146186158433
2001-06-17,0.4023958629397366
2001-06-18,0.43286234407530016
2001-06-19,0.47034179624985145
2001-06-20,0.4274783982667657
2001-06-21,0.4538072349296744
2001-06-22,0.5258935885199444
2001-06-23,0.4492855269858615
2001-06-24,0.52247237898537
2001-06-25,0.42676580619886484
2001-06-26,0.5123096964231841
2001-06-27,0.5604704591478755
2001-06-28,0.36738578338876654
2001-06-29,0.4537019022757965
2001-06-30,0.5249808403249571
2001-07-01,0.4885566811645471
2001-07-02,0.5198483432018686
2001-07-03,0.4736735066982787
2001-07-04,0.5107828243243245
2001-07-05,0.5012481298352649
2001-07-06,0.5699970749680097
2001-07-07,0.5269015546376403
2001-07-08,0.5336289841720142
2001-07-09,0.49871837831176385
2001-07-10,0.4974895683343566
2001-07-11,0.5027931425497965
2001-07-12,0.5466875949777491
2001-07-13,0.5084517094280233
2001-07-14,0.54651688016079
2001-07-15,0.6383158904668638
2001-07-16,0.5806095622437247
2001-07-17,0.5232486473008091
2001-07-18,0.6020952973880795
2001-07-19,0.5241031542399459
2001-07-20,0.44505982938148136
2001-07-21,0.49900695678780926
2001-07-22,0.4583022508493171
2001-07-23,0.5366813854073995
2001-07-24,0.5575771137400722
2001-07-25,0.6428604071122341
2001-07-26,0.5777497625105514
2001-07-27,0.5527950245549896
2001-07-28,0.6075480967117486
2001-07-29,0.45782923857587443
2001-07-30,0.5824546540565079
2001-07-31,0.6114841657606519
2001-08-01,0.5012569597278742
2001-08-02,0.6345970608127244
2001-08-03,0.5965343275990107
2001-08-04,0.5610216700860575
2001-08-05,0.6155774826668405
2001-08-06,0.6996004830758686
2001-08-07,0.5972611005967957
2001-08-08,0.602654638798755
2001-08-09,0.5693246450174868
2001-08-10,0.5518222037161356
2001-08-11,0.637824997812697
2001-08-12,0.5554692622859193
2001-08-13,0.6037878914929996
2001-08-14,0.5782331390832965
2001-08-15,0.6279411753203663
2001-08-16,0.6225206467804242
2001-08-17,0.6595285342642891
2001-08-18,0.5839328131702357
2001-08-19,0.5976895548626209
2001-08-20,0.5639618383406859
2001-08-21,0.5923686289147757
2001-08-22,0.6350976308572988
2001-08-23,0.6556969090940746
2001-08-24,0.573319163358511
2001-08-25,0.6644522879534246
2001-08-26,0.690262600657135
2001-08-27,0.6446248749697715
2001-08-28,0.7192286125406987
2001-08-29,0.5880978986477806
2001-08-30,0.5659155902969032
2001-08-31,0.5405353067622727
2001-09-01,0.7055581633808574
2001-09-02,0.6647201134137332
2001-09-03,0.6304293648489011
2001-09-04,0.6483743249262274
2001-09-05,0.5792289179837838
2001-09-06,0.7588782934949737
2001-09-07,0.6440986030076704
2001-09-08,0.6441133480592086
2001-09-09,0.6758969208506315
2001-09-10,0.6645826635311504
2001-09-11,0.6526083727225196
2001-09-12,0.6027305142295601
2001-09-13,0.6666255673513666
2001-09-14,0.7379088973718461
2001-09-15,0.7117915845923711
2001-09-16,0.7248499987855795
2001-09-17,0.6202569456727999
2001-09-18,0.5969213415819262
2001-09-19,0.640652707741841
2001-09-20,0.650225228411432
2001-09-21,0.702601798418122
2001-09-22,0.5636784070491101
2001-09-23,0.7251446255720488
2001-09-24,0.6410881324611627
2001-09-25,0.6279217431677336
2001-09-26,0.5988936165001171
2001-09-27,0.5669447405365203
2001-09-28,0.6909904865358507
2001-09-29,0.6535978404625238
2001-09-30,0.585489453811158
2001-10-01,0.5852446723572478
2001-10-02,0.6331760403324771
2001-10-03,0.7333385779504222
2001-10-04,0.6367857456051544
2001-10-05,0.574441598310318
2001-10-06,0.6371006962177796
2001-10-07,0.6354965075467093
2001-10-08,0.5139889992656113
2001-10-09,0.6457751309372124
2001-10-10,0.6365556898486642
2001-10-11,0.6824813907534848
2001-10-12,0.7396437752880087
2001-10-13,0.7030055027032364
2001-10-14,0.6326706337481216
2001-10-15,0.5901832928406425
2001-10-16,0.7735289808107213
2001-10-17,0.6471303892815695
2001-10-18,0.6441316885844333
2001-10-19,0.6414522230887729
2001-10-20,0.6517436961524642
2001-10-21,0.6337603880950873
2001-10-22,0.6113924839794271
2001-10-23,0.6117883054748599
2001-10-24,0.6365080296466953
2001-10-25,0.6099479596711119
2001-10-26,0.600409782786537
2001-10-27,0.6402661418324312
2001-10-28,0.6210483410978895
2001-10-29,0.7078097759206392
2001-10-30,0.4988352653519858
2001-10-31,0.6846937958055626
2001-11-01,0.691118853366252
2001-11-02,0.5238030521087217
2001-11-03,0.6089583811411542
2001-11-04,0.6061035506550816
2001-11-05,0.5528458982594711
2001-11-06,0.5828400244715604
2001-11-07,0.56467537095291
2001-11-08,0.7062553706846978
2001-11-09,0.6638282973179894
2001-11-10,0.6789899787822986
2001-11-11,0.6498294744739461
2001-11-12,0.5555932245936219
2001-11-13,0.5840865401306093
2001-11-14,0.6330153338057828
2001-11-15,0.5456421028976689
2001-11-16,0.6405686705663667
2001-11-17,0.5910416451756433
2001-11-18,0.5824255024474619
2001-11-19,0.6347931911465163
2001-11-20,0.6195075997295494
2001-11-21,0.5772665368425727
2001-11-22,0.6512735024343427
2001-11-23,0.5372183641372742
2001-11-24,0.620005783391328
2001-11-25,0.6167751039164895
2001-11-26,0.5695279414779683
2001-11-27,0.5991719480872492
2001-11-28,0.5181450969114796
2001-11-29,0.6247136920651775
2001-11-30,0.5670555347556665
2001-12-01,0.5479301814980448
2001-12-02,0.6242605373092126
2001-12-03,0.5343153561082896
2001-12-04,0.4968113364428836
2001-12-05,0.4870848802063698
2001-12-06,0.5928795379591294
2001-12-07,0.4962017307560818
2001-12-08,0.6455892200357594
2001-12-09,0.45136221103941476
2001-12-10,0.6378742367409577
2001-12-11,0.561179308299248
2001-12-12,0.5433547936603352
2001-12-13,0.5184922293579958
2001-12-14,0.5632291706496949
2001-12-15,0.5389119885088735
2001-12-16,0.593468088368254
2001-12-17,0.5415122973339945
2001-12-18,0.5408033150237188
2001-12-19,0.5125850643696003
2001-12-20,0.5253867252904333
2001-12-21,0.5410840600718247
2001-12-22,0.4376379034668111
2001-12-23,0.4531825447117043
2001-12-24,0.5551944114360388
2001-12-25,0.5240085265235125
2001-12-26,0.5036955529929832
2001-12-27,0.5112420606736177
2001-12-28,0.5251220353515716
2001-12-29,0.478175257727944
2001-12-30,0.46366676715325983
2001-12-31,0.5097922627548839
2002-01-01,0.44849935769587335
2002-01-02,0.5152493960423119
2002-01-03,0.4071278697046202
2002-01-04,0.541137417845934
2002-01-05,0.5107351543100351
2002-01-06,0.4973362320985788
2002-01-07,0.5311033424623727
2002-01-08,0.562681906406139
2002-01-09,0.5275721801512644
2002-01-10,0.3822623168061962
2002-01-11,0.4077871451867282
2002-01-12,0.43799339613492316
2002-01-13,0.4680163255599169
2002-01-14,0.4900820361225638
2002-01-15,0.4254098150748986
2002-01-16,0.46854461459373814
2002-01-17,0.41895848845024264
2002-01-18,0.4236859261519591
2002-01-19,0.3814764959037342
2002-01-20,0.40320990275533786
2002-01-21,0.37936435139272773
2002-01-22,0.39574765591753236
2002-01-23,0.49483257889385096
2002-01-24,0.392306857177507
2002-01-25,0.5690400628500223
2002-01-26,0.45974955616147983
2002-01-27,0.4420074049236822
2002-01-28,0.38754957035551185
2002-01-29,0.4632054179530813
2002-01-30,0.3971517761641148
2002-01-31,0.4297998491544526
2002-02-01,0.5494918858086074
2002-02-02,0.4144962292830226
2002-02-03,0.47459836933914096
2002-02-04,0.3798359153000382
2002-02-05,0.411130534457082
2002-02-06,0.4993310287376609
2002-02-07,0.37738011659334286
2002-02-08,0.4973154156337165
2002-02-09,0.44007275163924703
2002-02-10,0.3745822270500393
2002-02-11,0.4323751942164343
2002-02-12,0.4474611796563949
2002-02-13,0.42803258302730973
2002-02-14,0.3165700149477301
2002-02-15,0.3568946478664904
2002-02-16,0.379077462478038
2002-02-17,0.3859657751003998
2002-02-18,0.4189877917230507
2002-02-19,0.39513917877487836
2002-02-20,0.31782055803190423
2002-02-21,0.40196551488968185
2002-02-22,0.4118874387506746
2002-02-23,0.4077853591703506
2002-02-24,0.43230817742662697
2002-02-25,0.4184746247320831
2002-02-26,0.39828341000655065
2002-02-27,0.370398953581896
2002-02-28,0.28947938959507125
2002-03-01,0.3926663172152589
2002-03-02,0.3802659311487161
2002-03-03,0.38219518608813224
2002-03-04,0.30355244471748
2002-03-05,0.31214997101065467
2002-03-06,0.4177130122188088
2002-03-07,0.3619701703867719
2002-03-08,0.3969558366408312
2002-03-09,0.3632702256490279
2002-03-10,0.3623565544379079
2002-03-11,0.40683860597536115
2002-03-12,0.33321935489784704
2002-03-13,0.3629665807329779
2002-03-14,0.3342277581204748
2002-03-15,0.33483996463959836
2002-03-16,0.340371926245723
2002-03-17,0.3662456979334575
2002-03-18,0.33055298063910005
2002-03-19,0.41667273800281296
2002-03-20,0.3085923836631763
2002-03-21,0.34346044725119074
2002-03-22,0.33034237457347737
2002-03-23,0.4242464778585887
2002-03-24,0.36133786456247585
2002-03-25,0.4027588955607419
2002-03-26,0.2765892953140586
2002-03-27,0.3639646638713861
2002-03-28,0.3948827938149485
2002-03-29,0.3543488862904366
2002-03-30,0.403386517067315
2002-03-31,0.3241703021979978
2002-04-01,0.42046876104885045
2002-04-02,0.4649574073827518
2002-04-03,0.3319261298749135
2002-04-04,0.32789291659220643
2002-04-05,0.4229816497260762
2002-04-06,0.4294797720234101
2002-04-07,0.32459120197723196
2002-04-08,0.33000213175509496
2002-04-09,0.33724365995795647
2002-04-10,0.28447583591343506
2002-04-11,0.30617518018121553
2002-04-12,0.3023539788653993
2002-04-13,0.3146680679979701
2002-04-14,0.3518641730358057
2002-04-15,0.3658930071324668
2002-04-16,0.43233435718709434
2002-04-17,0.30556171567843804
2002-04-18,0.40540844737573467
2002-04-19,0.34624840829415765
2002-04-20,0.35527257751555263
2002-04-21,0.39232680309976714
2002-04-22,0.30333169697757023
2002-04-23,0.3795118976535057
2002-04-24,0.36967900208168886
2002-04-25,0.3869850192914984
2002-04-26,0.3778677376812583
2002-04-27,0.4872616366468421
2002-04-28,0.33373710717719796
2002-04-29,0.3402415538554851
2002-04-30,0.3368411430827314
2002-05-01,0.34147019623558905
2002-05-02,0.33865932442718744
2002-05-03,0.43130250109290347
2002-05-04,0.44423785379653336
2002-05-05,0.3460738633997306
2002-05-06,0.3344290915362021
2002-05-07,0.40109007010243275
2002-05-08,0.35141685583780974
2002-05-09,0.41221916132038317
2002-05-10,0.3922986727807578
2002-05-11,0.30798018804508215
2002-05-12,0.4627919681479217
2002-05-13,0.47689385952497476
2002-05-14,0.35817726384849125
2002-05-15,0.37118128889022767
2002-05-16,0.4066417324848509
2002-05-17,0.4108852979832745
2002-05-18,0.42893502960059476
2002-05-19,0.498394215516765
2002-05-20,0.39094305899326737
2002-05-21,0.36181168419171433
2002-05-22,0.3347258316137889
2002-05-23,0.369139075813529
2002-05-24,0.40605096136181085
2002-05-25,0.4994842836921508
2002-05-26,0.3859516472043206
2002-05-27,0.4251235573962963
2002-05-28,0.4152404658348357
2002-05-29,0.47763359789130627
2002-05-30,0.5467371140693912
2002-05-31,0.3960472027016061
2002-06-01,0.40034175585722254
2002-06-02,0.47926713778714974
2002-06-03,0.4634206483302361
2002-06-04,0.5239493622605329
2002-06-05,0.4631185916137239
2002-06-06,0.418285344465214
2002-06-07,0.4681293477122722
2002-06-08,0.4963966375306753
2002-06-09,0.48436791427927334
2002-06-10,0.4711066419458998
2002-06-11,0.5014918875788477
2002-06-12,0.509053507188604
2002-06-13,0.5221418934115022
2002-06-14,0.4879285714884586
2002-06-15,0.44960949470427475
2002-06-16,0.4677858604124649
2002-06-17,0.5232721212532775
2002-06-18,0.4246073659160463
2002-06-19,0.4864055281276755
2002-06-20,0.4508321259145953
2002-06-21,0.4744722532879065
2002-06-22,0.5395015411895873
2002-06-23,0.48768507386301374
2002-06-24,0.48300960078992006
2002-06-25,0.41525834188274974
2002-06-26,0.523132165828781
2002-06-27,0.5206662371720341
2002-06-28,0.5991307445604043
2002-06-29,0.4781577533016702
2002-06-30,0.5070847503491268
2002-07-01,0.5111781346522342
2002-07-02,0.5801637135214771
2002-07-03,0.49910798941472234
2002-07-04,0.5204044112391962
2002-07-05,0.5394268170906955
2002-07-06,0.5209384280428374
2002-07-07,0.49185883174505346
2002-07-08,0.5264533507131695
2002-07-09,0.5729938141108758
2002-07-10,0.47054411456742823
2002-07-11,0.5310695356481213
2002-07-12,0.4919589471118755
2002-07-13,0.5892532649152786
2002-07-14,0.45586879207678066
2002-07-15,0.5065997581710123
2002-07-16,0.5559139208253662
2002-07-17,0.617826025370918
2002-07-18,0.538747088226233
2002-07-19,0.5167469465563636
2002-07-20,0.6410239096124037
2002-07-21,0.4770105773128675
2002-07-22,0.441901549069606
2002-07-23,0.5762577821121313
2002-07-24,0.5315534835629642
2002-07-25,0.5079769006419342
2002-07-26,0.5968212161873108
2002-07-27,0.5759400866839928
2002-07-28,0.5378738861157379
2002-07-29,0.5043707840927242
2002-07-30,0.6142967925650868
2002-07-31,0.6054509649642364
2002-08-01,0.570227478827897
2002-08-02,0.669741208454761
2002-08-03,0.5261052689079821
2002-08-04,0.5055098072348608
2002-08-05,0.5493429858674643
2002-08-06,0.5837865393678737
2002-08-07,0.6003347603100055
2002-08-08,0.5781818065909218
2002-08-09,0.6098954598202138
2002-08-10,0.5317374509798527
2002-08-11,0.6684964371891475
2002-08-12,0.5941658946617343
2002-08-13,0.6560743712114364
2002-08-14,0.6192522787404375
2002-08-15,0.6268298449907357
2002-08-16,0.6343259055276866
2002-08-17,0.6300369650522598
2002-08-18,0.64156977110635
2002-08-19,0.677640928133911
2002-08-20,0.6227260826148746
2002-08-21,0.650033479798007
2002-08-22,0.6117458214906949
2002-08-23,0.6898533390342809
2002-08-24,0.5856078144644286
2002-08-25,0.7110190135936822
2002-08-26,0.6204728101846702
2002-08-27,0.552414374702684
2002-08-28,0.6317940426583349
2002-08-29,0.5927347757292156
2002-08-30,0.6701805029119103
2002-08-31,0.5968401202423672
2002-09-01,0.6084467761456593
2002-09-02,0.5375247940487538
2002-09-03,0.6105932824319701
2002-09-04,0.5131819272787883
2002-09-05,0.5563082291744164
2002-09-06,0.6746114273213474
2002-09-07,0.6769275518414506
2002-09-08,0.6599164864182122
2002-09-09,0.5912597824992363
2002-09-10,0.6381466341372157
2002-09-11,0.6412340445540347
2002-09-12,0.5843360025421984
2002-09-13,0.7182220645829245
2002-09-14,0.687675787076878
2002-09-15,0.6334723735931391
2002-09-16,0.6465349594033362
2002-09-17,0.6562368698917367
2002-09-18,0.5443148391736405
2002-09-19,0.6345831846207937
2002-09-20,0.6133397703971074
2002-09-21,0.5978112219998288
2002-09-22,0.6342466238905533
2002-09-23,0.7385514359414943
2002-09-24,0.6810306704534627
2002-09-25,0.6207068471759647
2002-09-26,0.6781279743309334
2002-09-27,0.719655345959109
2002-09-28,0.6960636414833934
2002-09-29,0.6529134605991123
2002-09-30,0.617640659912932
2002-10-01,0.6849097766411081
2002-10-02,0.6696395445680711
2002-10-03,0.6946471626873392
2002-10-04,0.6815239032574331
2002-10-05,0.7020763817321901
2002-10-06,0.6226260888440485
2002-10-07,0.7150023893158091
2002-10-08,0.6587133116473098
2002-10-09,0.7522529178943662
2002-10-10,0.6136430254546196
2002-10-11,0.7344692626710764
2002-10-12,0.6570915097138738
2002-10-13,0.6141063510451261
2002-10-14,0.6219207765731471
2002-10-15,0.6294922228680102
2002-10-16,0.666069287968324
2002-10-17,0.6703112419826202
2002-10-18,0.6147502237918568
2002-10-19,0.641440747831224
2002-10-20,0.7489529760446646
2002-10-21,0.72735556719632
2002-10-22,0.6618917678071405
2002-10-23,0.6410314264452895
2002-10-24,0.6441472594934082
2002-10-25,0.6677950968643209
2002-10-26,0.5849124436604752
2002-10-27,0.6220758035766693
2002-10-28,0.5503679982750529
2002-10-29,0.6525712826217687
2002-10-30,0.6637435527567737
2002-10-31,0.6059591300944708
2002-11-01,0.7075139319058721
2002-11-02,0.5661842805790123
2002-11-03,0.5528740168346806
2002-11-04,0.6358981848828696
2002-11-05,0.6755763981259701
2002-11-06,0.7059272434239979
2002-11-07,0.5972599500827546
2002-11-08,0.6725758901850815
2002-11-09,0.6151189541855812
2002-11-10,0.6067808590355499
2002-11-11,0.6579288681461178
2002-11-12,0.6446619570751543
2002-11-13,0.5314929455953853
2002-11-14,0.6823736232306817
2002-11-15,0.675753061049639
2002-11-16,0.5736406139822707
2002-11-17,0.6228480917554207
2002-11-18,0.6258680521390787
2002-11-19,0.612278881027537
2002-11-20,0.5697791764629762
2002-11-21,0.5617336767366241
2002-11-22,0.592029308716558
2002-11-23,0.6499079814802373
2002-11-24,0.6163890107738363
2002-11-25,0.5685893244137648
2002-11-26,0.6235901989760849
2002-11-27,0.4404381659436392
2002-11-28,0.6381390607493502
2002-11-29,0.4915266521659277
2002-11-30,0.5581785945076593
2002-12-01,0.5180828377926897
2002-12-02,0.5070760022313234
2002-12-03,0.6275738800043535
2002-12-04,0.543849341195467
2002-12-05,0.5822415329691006
2002-12-06,0.5602330114478881
2002-12-07,0.5840752397420523
2002-12-08,0.5616906054895542
2002-12-09,0.491309070224173
2002-12-10,0.6028647592988128
2002-12-11,0.5259406057810514
2002-12-12,0.4703613543208673
2002-12-13,0.524332425650148
2002-12-14,0.6183103544638068
2002-12-15,0.5833048107357903
2002-12-16,0.5208703875470351
2002-12-17,0.5183380296849711
2002-12-18,0.5172064743897559
2002-12-19,0.6346030741583352
2002-12-20,0.5473307790880646
2002-12-21,0.5471960539867751
2002-12-22,0.5746604958012341
2002-12-23,0.5325312737683154
2002-12-24,0.5050790994438679
2002-12-25,0.5056477621628664
2002-12-26,0.509314656839914
2002-12-27,0.5084592521948562
2002-12-28,0.5441244272653369
2002-12-29,0.5077605360337767
2002-12-30,0.5392140072841541
2002-12-31,0.495964170994571
2003-01-01,0.5013497560924295
2003-01-02,0.394926724029983
2003-01-03,0.5380734336516364
2003-01-04,0.5070040597745515
2003-01-05,0.5370057856823656
2003-01-06,0.33972197647320035
2003-01-07,0.5863875285041336
2003-01-08,0.47242870277525184
2003-01-09,0.5322628177372339
2003-01-10,0.4223107320165022
2003-01-11,0.5024046887766423
2003-01-12,0.4165635468610243
2003-01-13,0.435523325014585
2003-01-14,0.559900652792447
2003-01-15,0.4521628856944043
2003-01-16,0.4700779200288701
2003-01-17,0.5002310216023462
2003-01-18,0.4790459107001873
2003-01-19,0.4593304960033242
2003-01-20,0.46761961518419437
2003-01-21,0.5671193609354582
2003-01-22,0.44166037871472
2003-01-23,0.45220544139920715
2003-01-24,0.49230952141948453
2003-01-25,0.49269725625605165
2003-01-26,0.49443517639545437
2003-01-27,0.4647021098403978
2003-01-28,0.3733172137280484
2003-01-29,0.5098615005976868
2003-01-30,0.3686163978250689
2003-01-31,0.4388311316841359
2003-02-01,0.3837738663941996
2003-02-02,0.4160923069396055
2003-02-03,0.43357282354003124
2003-02-04,0.4310625973288462
2003-02-05,0.43397599669369435
2003-02-06,0.49147656040881776
2003-02-07,0.4314051845584301
2003-02-08,0.3944851559693375
2003-02-09,0.45288951328089133
2003-02-10,0.462179090290985
2003-02-11,0.33937441650680883
2003-02-12,0.4287034606675514
2003-02-13,0.4320007220319952
2003-02-14,0.38020307577425333
2003-02-15,0.46203684732331485
2003-02-16,0.3839506149039869
2003-02-17,0.3959662692289791
2003-02-18,0.3793005956313231
2003-02-19,0.3870330811072893
2003-02-20,0.3297740216226495
2003-02-21,0.31095307820966894
2003-02-22,0.4610834046477321
2003-02-23,0.33744776935788223
2003-02-24,0.32869952367608063
2003-02-25,0.26910901132445203
2003-02-26,0.3433763186606536
2003-02-27,0.30775274948445336
2003-02-28,0.4546281942776893
2003-03-01,0.4216762607257613
2003-03-02,0.33547402953167443
2003-03-03,0.4812380344955791
2003-03-04,0.41647814785807513
2003-03-05,0.3499612288556366
2003-03-06,0.24008508380848484
2003-03-07,0.4784950567091417
2003-03-08,0.29340217843402017
2003-03-09,0.2795843694946603
2003-03-10,0.4119972690636026
2003-03-11,0.48191203599352483
2003-03-12,0.4282352322342416
2003-03-13,0.3863559978885466
2003-03-14,0.3870792396389913
2003-03-15,0.3992355539502296
2003-03-16,0.3937769619084932
2003-03-17,0.3691985805502407
2003-03-18,0.35970046691986785
2003-03-19,0.3507552753291608
2003-03-20,0.3156245193308177
2003-03-21,0.33877027561591994
2003-03-22,0.26768108677741687
2003-03-23,0.34698060230116456
2003-03-24,0.3020805703793512
2003-03-25,0.2959872027265217
2003-03-26,0.3598620215235811
2003-03-27,0.4202122648951531
2003-03-28,0.3963170843338923
2003-03-29,0.2717096566455065
2003-03-30,0.3006310914855306
2003-03-31,0.3970732841024272
2003-04-01,0.300877019362656
2003-04-02,0.33878084370193806
2003-04-03,0.377570662848124
2003-04-04,0.3017508199190632
2003-04-05,0.35558120117748915
2003-04-06,0.2837998899909643
2003-04-07,0.32066582113733466
2003-04-08,0.3670005693170147
2003-04-09,0.27168320372439836
2003-04-10,0.37372209836316883
2003-04-11,0.35112588755909135
2003-04-12,0.38018551492386
2003-04-13,0.3642536529564096
2003-04-14,0.421805438903837
2003-04-15,0.3604434956380361
2003-04-16,0.3333390554901277
2003-04-17,0.3615942928669918
2003-04-18,0.38335722890372487
2003-04-19,0.35939085402171833
2003-04-20,0.3597753475583683
2003-04-21,0.3234862441010991
2003-04-22,0.3263227521781379
2003-04-23,0.29026114675431836
2003-04-24,0.4488352288303829
2003-04-25,0.3001692943215266
2003-04-26,0.32876404559607203
2003-04-27,0.32857626637283727
2003-04-28,0.41037032523698574
2003-04-29,0.3520439176909746
2003-04-30,0.4303852730376563
2003-05-01,0.33556952098140813
2003-05-02,0.38447838890370356
2003-05-03,0.3300843218745382
2003-05-04,0.48047009778570965
2003-05-05,0.3152312571357288
2003-05-06,0.3915379057027649
2003-05-07,0.4092081363297174
2003-05-08,0.39971796292443307
2003-05-09,0.37130818748872235
2003-05-10,0.3756614867515216
2003-05-11,0.38595796739389937
2003-05-12,0.37806660799999414
2003-05-13,0.4352939317099442
2003-05-14,0.49934284845227805
2003-05-15,0.362691777636635
2003-05-16,0.3238583139696519
2003-05-17,0.38974835606636066
2003-05-18,0.5249932828496693
2003-05-19,0.3577002601799609
2003-05-20,0.48174626064017323
2003-05-21,0.48561158712245905
2003-05-22,0.3760123809291155
2003-05-23,0.4341347317698887
2003-05-24,0.4891271411619278
2003-05-25,0.3908000034668872
2003-05-26,0.4016531941510108
2003-05-27,0.38485011411691894
2003-05-28,0.3653237741038299
2003-05-29,0.3857500569656017
2003-05-30,0.3591934794375968
2003-05-31,0.4242948147605834
2003-06-01,0.3863150664302015
2003-06-02,0.43874838952323375
2003-06-03,0.3515312915387393
2003-06-04,0.44815800758445373
2003-06-05,0.47559863042787165
2003-06-06,0.3365631668759937
2003-06-07,0.45729943467003537
2003-06-08,0.5023449081251945
2003-06-09,0.3828617542848448
2003-06-10,0.5293715597324198
2003-06-11,0.4691091035676924
2003-06-12,0.41533813487840016
2003-06-13,0.45024548997674074
2003-06-14,0.48340942273506254
2003-06-15,0.461765668290738
2003-06-16,0.48738797571311715
2003-06-17,0.4169129932738911
2003-06-18,0.4739221906672122
2003-06-19,0.39728613783878164
2003-06-20,0.46493776346352855
2003-06-21,0.42783963006792614
2003-06-22,0.43880245092973397
2003-06-23,0.5399347792225404
2003-06-24,0.535253279411826
2003-06-25,0.5137080549771048
2003-06-26,0.4312038492937912
2003-06-27,0.4725716056302404
2003-06-28,0.5516228933940901
2003-06-29,0.5006325107313154
2003-06-30,0.6120937109650145
2003-07-01,0.518374842436415
2003-07-02,0.5108935053578044
2003-07-03,0.4884169428239449
2003-07-04,0.5131303801897936
2003-07-05,0.5014084997858416
2003-07-06,0.5470134057194488
2003-07-07,0.5620156283123088
2003-07-08,0.47744937804285625
2003-07-09,0.45275057893999776
2003-07-10,0.4300596108828163
2003-07-11,0.5498206182864047
2003-07-12,0.4717966575501405
2003-07-13,0.421856403821412
2003-07-14,0.5514570675425179
2003-07-15,0.6591958264062314
2003-07-16,0.5367497814951452
2003-07-17,0.5814743626317831
2003-07-18,0.5461260692072606
2003-07-19,0.5395624402314662
2003-07-20,0.5929198802897622
2003-07-21,0.5348975451242471
2003-07-22,0.5652114626042053
2003-07-23,0.5703419499192658
2003-07-24,0.5232516720984423
2003-07-25,0.6086406589752961
2003-07-26,0.5526554059875726
2003-07-27,0.5259627930207906
2003-07-28,0.5929033098310941
2003-07-29,0.5234626049367169
2003-07-30,0.5720829840195361
2003-07-31,0.5724849562340932
2003-08-01,0.6294810503084451
2003-08-02,0.6011442702963753
2003-08-03,0.5783581592870325
2003-08-04,0.622674380741112
2003-08-05,0.6534487668123917
2003-08-06,0.6139563555032418
2003-08-07,0.58868541883604
2003-08-08,0.5246517978662303
2003-08-09,0.5390370068407303
2003-08-10,0.5790531869716419
2003-08-11,0.56583259687752
2003-08-12,0.5889248884320905
2003-08-13,0.603042075876885
2003-08-14,0.6286006491393888
2003-08-15,0.6004672451300923
2003-08-16,0.6301626237073865
2003-08-17,0.6108752577919
2003-08-18,0.5106603047952796
2003-08-19,0.5642165319363512
2003-08-20,0.6056956463437204
2003-08-21,0.5540985547765263
2003-08-22,0.6462290427048661
2003-08-23,0.6943850198789921
2003-08-24,0.6803655221522579
2003-08-25,0.6102998484016313
2003-08-26,0.6970170145593849
2003-08-27,0.6313865026686917
2003-08-28,0.6085345233568935
2003-08-29,0.5961172254259125
2003-08-30,0.6130248411380673
2003-08-31,0.6100624782804254
2003-09-01,0.6392767589251726
2003-09-02,0.6400305296485236
2003-09-03,0.6333608994020946
2003-09-04,0.6562228020975537
2003-09-05,0.6950356840880196
2003-09-06,0.6840684012861986
2003-09-07,0.5633926454864137
2003-09-08,0.5109475515838662
2003-09-09,0.6863245852176606
2003-09-10,0.5721882670235436
2003-09-11,0.6301759014139289
2003-09-12,0.5837485856988578
2003-09-13,0.5529531276155657
2003-09-14,0.6708808089583339
2003-09-15,0.6824783402997545
2003-09-16,0.6163651474172737
2003-09-17,0.5162656148871138
2003-09-18,0.619089360182231
2003-09-19,0.6665322540169508
2003-09-20,0.5734934043582909
2003-09-21,0.6570602184835322
2003-09-22,0.6475361460762012
2003-09-23,0.6776316845790726
2003-09-24,0.6549675458108198
2003-09-25,0.6006123496210268
2003-09-26,0.70932741034635
2003-09-27,0.6417610954784603
2003-09-28,0.6484667303622584
2003-09-29,0.6032685441494438
2003-09-30,0.6278233862386352
2003-10-01,0.6057584752590834
2003-10-02,0.6413179723008124
2003-10-03,0.7354729256930698
2003-10-04,0.5811702560267669
2003-10-05,0.5689206760723863
2003-10-06,0.7229463657967573
2003-10-07,0.6386665021764995
2003-10-08,0.6153796944796941
2003-10-09,0.7004851086329067
2003-10-10,0.6178216393722549
2003-10-11,0.7389715581901607
2003-10-12,0.6810922641077048
2003-10-13,0.6222816808185634
2003-10-14,0.7539804789391383
2003-10-15,0.6152238421275591
2003-10-16,0.6819657592486936
2003-10-17,0.6591340966011697
2003-10-18,0.708522288458726
2003-10-19,0.7207340372806157
2003-10-20,0.6434396655673598
2003-10-21,0.6033075151739753
2003-10-22,0.6630741914703947
2003-10-23,0.6052454840492743
2003-10-24,0.7388150555338265
2003-10-25,0.643945964781937
2003-10-26,0.6177859943547899
2003-10-27,0.644178645741082
2003-10-28,0.5664408874924474
2003-10-29,0.5840294245659722
2003-10-30,0.691404451168858
2003-10-31,0.5972737392608697
2003-11-01,0.5764690446072738
2003-11-02,0.6543052013554936
2003-11-03,0.6853779685783215
2003-11-04,0.6606232594881247
2003-11-05,0.6730238672856529
2003-11-06,0.5838911044226311
2003-11-07,0.5491136298891094
2003-11-08,0.693708531111291
2003-11-09,0.6009103857185101
2003-11-10,0.6028705732098385
2003-11-11,0.6801555783642371
2003-11-12,0.6398573136245166
2003-11-13,0.6331069420486782
2003-11-14,0.7167967229894411
2003-11-15,0.5745725818232592
2003-11-16,0.651310755461809
2003-11-17,0.6059085713284041
2003-11-18,0.614596156768105
2003-11-19,0.6756686140569683
2003-11-20,0.622686221969728
2003-11-21,0.6222296490860084
2003-11-22,0.6469323791316204
2003-11-23,0.5730238940401249
2003-11-24,0.5472485196771645
2003-11-25,0.5348795813170184
2003-11-26,0.486687433974868
2003-11-27,0.6856756534721591
2003-11-28,0.5255403574446604
2003-11-29,0.5674496599255442
2003-11-30,0.5624599765833694
2003-12-01,0.5894366674144516
2003-12-02,0.6125969366443335
2003-12-03,0.612556215053415
2003-12-04,0.5380805293326153
2003-12-05,0.5565602531932443
2003-12-06,0.5767080379162622
2003-12-07,0.547788642071719
2003-12-08,0.6382167897375406
2003-12-09,0.5800074290155136
2003-12-10,0.5897953076289466
2003-12-11,0.5837724983724877
2003-12-12,0.6068641421281207
2003-12-13,0.554789261633629
2003-12-14,0.47843076753429886
2003-12-15,0.5607781212177483
2003-12-16,0.5057351495778366
2003-12-17,0.5093700808134048
2003-12-18,0.5626064278883796
2003-12-19,0.592679828551975
2003-12-20,0.5292975853132895
2003-12-21,0.5411356222571703
2003-12-22,0.6082570703314041
2003-12-23,0.5326294747914182
2003-12-24,0.6481153624439228
2003-12-25,0.5437407368986926
2003-12-26,0.4248565818528264
2003-12-27,0.547987445075575
2003-12-28,0.5268008693276269
2003-12-29,0.5696508794475497
2003-12-30,0.5362410709868731
2003-12-31,0.4930772008008109
2004-01-01,0.4362030847621567
2004-01-02,0.4843855953922872
2004-01-03,0.4497310272060468
2004-01-04,0.4606534634894163
2004-01-05,0.5165342004104135
2004-01-06,0.5680299706004557
2004-01-07,0.5017023697562464
2004-01-08,0.4196140310812508
2004-01-09,0.49908381031136523
2004-01-10,0.5341376027050608
2004-01-11,0.4412768483075442
2004-01-12,0.4625334666860618
2004-01-13,0.4674461827858351
2004-01-14,0.4249541694449952
2004-01-15,0.49411102742476515
2004-01-16,0.4531588689394949
2004-01-17,0.4777042572632605
2004-01-18,0.4098872074114516
2004-01-19,0.4299366357299749
2004-01-20,0.48549063295227174
2004-01-21,0.4283069240689561
2004-01-22,0.5308895111280691
2004-01-23,0.4221686797827292
2004-01-24,0.4510110379066983
2004-01-25,0.48405050120180704
2004-01-26,0.3641653744707838
2004-01-27,0.3447251581398998
2004-01-28,0.35418464363606783
2004-01-29,0.4913191291539911
2004-01-30,0.398340760181381
2004-01-31,0.5516093227055974
2004-02-01,0.3932752789622981
2004-02-02,0.42852678942910655
2004-02-03,0.494240200653251
2004-02-04,0.5152993809642887
2004-02-05,0.5159551378137497
2004-02-06,0.471209308485543
2004-02-07,0.45993159577330417
2004-02-08,0.4363193351939295
2004-02-09,0.4436032086748054
2004-02-10,0.3751462800283259
2004-02-11,0.3598448630925431
2004-02-12,0.3986647343045109
2004-02-13,0.3884328537902035
2004-02-14,0.37241984847588955
2004-02-15,0.4280708790305697
2004-02-16,0.43921865468413845
2004-02-17,0.3941077908699947
2004-02-18,0.46183069089827966
2004-02-19,0.32916967302154065
2004-02-20,0.37490480300342344
2004-02-21,0.3471145063092435
2004-02-22,0.2880313206328308
2004-02-23,0.37566180248166375
2004-02-24,0.37218176572973155
2004-02-25,0.45245100416674466
2004-02-26,0.40686499027286765
2004-02-27,0.322697897938368
2004-02-28,0.46523206458758026
2004-02-29,0.43223709103489727
2004-03-01,0.3989864319639914
2004-03-02,0.3572920392858721
2004-03-03,0.3194179116723214
2004-03-04,0.34759245922751525
2004-03-05,0.41949280053737287
2004-03-06,0.4581772433763351
2004-03-07,0.4400429781858095
2004-03-08,0.3374118357531913
2004-03-09,0.30488787579866994
2004-03-10,0.3669687280221216
2004-03-11,0.2705996230305731
2004-03-12,0.3743189275951679
2004-03-13,0.3499613932407936
2004-03-14,0.33326295091780195
2004-03-15,0.27609537905581516
2004-03-16,0.3808190146802577
2004-03-17,0.32785536973917834
2004-03-18,0.2953890899386226
2004-03-19,0.209709638110069
2004-03-20,0.3514282842067267
2004-03-21,0.44094150732067344
2004-03-22,0.4349605443682955
2004-03-23,0.32865531290758354
2004-03-24,0.3210560655692211
2004-03-25,0.3743060267696584
2004-03-26,0.3006928786185086
2004-03-27,0.36549084902474993
2004-03-28,0.3885387007458999
2004-03-29,0.4114591595082629
2004-03-30,0.34502702087901876
2004-03-31,0.33981770153072316
2004-04-01,0.30611337186396126
2004-04-02,0.3087240401949034
2004-04-03,0.33884409806716864
2004-04-04,0.3686807012110001
2004-04-05,0.396180396048537
2004-04-06,0.3105752558008781
2004-04-07,0.42564590105786393
2004-04-08,0.33777671034885337
2004-04-09,0.35062999674772705
2004-04-10,0.31474719354803427
2004-04-11,0.2313490041893556
2004-04-12,0.3972602160712289
2004-04-13,0.3904406122597664
2004-04-14,0.34011589264972997
2004-04-15,0.35815886840763395
2004-04-16,0.3812763786005826
2004-04-17,0.2780650346075783
2004-04-18,0.3304952166381183
2004-04-19,0.3974589969792657
2004-04-20,0.29587135733297426
2004-04-21,0.37414569466401676
2004-04-22,0.292562320113133
2004-04-23,0.38467789079271225
2004-04-24,0.36058038197621683
2004-04-25,0.2826527146905919
2004-04-26,0.4227335973741557
2004-04-27,0.3288945275498612
2004-04-28,0.32627877975485675
2004-04-29,0.3780266292655167
2004-04-30,0.4266759196650376
2004-05-01,0.31973758984359324
2004-05-02,0.3749356670299246
2004-05-03,0.39465346641356924
2004-05-04,0.40926645845036164
2004-05-05,0.3848689479552747
2004-05-06,0.359167900328946
2004-05-07,0.3376484970194221
2004-05-08,0.38487976458492645
2004-05-09,0.32854557113891225
2004-05-10,0.23769986962021353
2004-05-11,0.40724469828930193
2004-05-12,0.4322967179245084
2004-05-13,0.2706700765956186
2004-05-14,0.3400798316515301
2004-05-15,0.42330617599886533
2004-05-16,0.4970372319695083
2004-05-17,0.39704750135072336
2004-05-18,0.36148384151699076
2004-05-19,0.3906455983127278
2004-05-20,0.4704703673760463
2004-05-21,0.37139358405828843
2004-05-22,0.3657259774781122
2004-05-23,0.3835701338963988
2004-05-24,0.36208996010332595
2004-05-25,0.41796572795586906
2004-05-26,0.49516808273782914
2004-05-27,0.43221557429427515
2004-05-28,0.4055962591125876
2004-05-29,0.4057999293299324
2004-05-30,0.34443110091278917
2004-05-31,0.4689692168404911
2004-06-01,0.42316723408305623
2004-06-02,0.42030207816938936
2004-06-03,0.5912693743659739
2004-06-04,0.44885982776571015
2004-06-05,0.3986603964998077
2004-06-06,0.41727872636737956
2004-06-07,0.4983837439613676
2004-06-08,0.4490073257462928
2004-06-09,0.3738290414746662
2004-06-10,0.49411959982815035
2004-06-11,0.41718152338937037
2004-06-12,0.5466988326705033
2004-06-13,0.5094954803947088
2004-06-14,0.4355993039371799
2004-06-15,0.5245009941775544
2004-06-16,0.46633944845423003
2004-06-17,0.5080928332215188
2004-06-18,0.49220850354875434
2004-06-19,0.42818123378141937
2004-06-20,0.4408575205252925
2004-06-21,0.5270769889382804
2004-06-22,0.4613913538566915
2004-06-23,0.4605053502200127
2004-06-24,0.43549501996427825
2004-06-25,0.5069994408070927
2004-06-26,0.5915182740771376
2004-06-27,0.4375913626824178
2004-06-28,0.4947576378829581
2004-06-29,0.5667382617367013
2004-06-30,0.4947268809044106
2004-07-01,0.5239096393457895
2004-07-02,0.45075308962672594
2004-07-03,0.5278686898110614
2004-07-04,0.49967477835464136
2004-07-05,0.5608944716690129
2004-07-06,0.5735498150508171
2004-07-07,0.6462270331691851
2004-07-08,0.5482938852785659
2004-07-09,0.5381596953670889
2004-07-10,0.5341402670196441
2004-07-11,0.5093066732182991
2004-07-12,0.5464251256421208
2004-07-13,0.5172580668090181
2004-07-14,0.542968899348072
2004-07-15,0.6029332038525383
2004-07-16,0.489222695645219
2004-07-17,0.5990285293363345
2004-07-18,0.6103626762580165
2004-07-19,0.5410626297908202
2004-07-20,0.4433185273832494
2004-07-21,0.5214507475458884
2004-07-22,0.6191067869375206
2004-07-23,0.5555127916656505
2004-07-24,0.5090734298837243
2004-07-25,0.5361646477609321
2004-07-26,0.6057810523206604
2004-07-27,0.5934144960626433
2004-07-28,0.5564393990677836
2004-07-29,0.5523327055603451
2004-07-30,0.5533529986141128
2004-07-31,0.529065762791941
2004-08-01,0.6581781431258498
2004-08-02,0.5634934837637232
2004-08-03,0.6426439918223721
2004-08-04,0.6600041919576491
2004-08-05,0.6359813850930462
2004-08-06,0.5665867722079684
2004-08-07,0.610430114000569
2004-08-08,0.5910829096749531
2004-08-09,0.5491293291528688
2004-08-10,0.6125261710715647
2004-08-11,0.5393214640233722
2004-08-12,0.6595935490551081
2004-08-13,0.578885146556633
2004-08-14,0.6140501668266884
2004-08-15,0.620001935093384
2004-08-16,0.5947062883661901
2004-08-17,0.6387683231867369
2004-08-18,0.587438118796163
2004-08-19,0.656464889002663
2004-08-20,0.5472843079062437
2004-08-21,0.6225515851823769
2004-08-22,0.7147939282147211
2004-08-23,0.5694108633371137
2004-08-24,0.5870847434218991
2004-08-25,0.6481761001998331
2004-08-26,0.6329322189055662
2004-08-27,0.6429203268764734
2004-08-28,0.6512467151103425
2004-08-29,0.6598843988905626
2004-08-30,0.6849563113052977
2004-08-31,0.6512468806528239
2004-09-01,0.6199389478651031
2004-09-02,0.6668372834545605
2004-09-03,0.7293699903549969
2004-09-04,0.6288716830295741
2004-09-05,0.5878642292806001
2004-09-06,0.6929915773732577
2004-09-07,0.6326245501312838
2004-09-08,0.5309751123549951
2004-09-09,0.6829032858018359
2004-09-10,0.6146477622108669
2004-09-11,0.6377275728866175
2004-09-12,0.6596511660230177
2004-09-13,0.6533326565370476
2004-09-14,0.6799931731415743
2004-09-15,0.6234163489251174
2004-09-16,0.6714730194031633
2004-09-17,0.6334242487156594
2004-09-18,0.6838825777911987
2004-09-19,0.67820735699765
2004-09-20,0.6011202873923448
2004-09-21,0.7026007443436026
2004-09-22,0.6218689373433158
2004-09-23,0.6893914173041694
2004-09-24,0.6676301623351716
2004-09-25,0.7414080191028816
2004-09-26,0.6385142750112162
2004-09-27,0.6323661175318451
2004-09-28,0.648960961808717
2004-09-29,0.634828509656497
2004-09-30,0.689995706057531
2004-10-01,0.5691497448751541
2004-10-02,0.5972033807286349
2004-10-03,0.596375167094375
2004-10-04,0.6971141255649022
2004-10-05,0.7349185180511731
2004-10-06,0.6439102251072192
2004-10-07,0.6403922452531893
2004-10-08,0.6519924824187621
2004-10-09,0.7061963314895074
2004-10-10,0.6013034158032852
2004-10-11,0.6591144196774806
2004-10-12,0.69543713271497
2004-10-13,0.6711697767728555
2004-10-14,0.6549886691076634
2004-10-15,0.6949132952765853
2004-10-16,0.5090078529308834
2004-10-17,0.6773289899653312
2004-10-18,0.6099546932879018
2004-10-19,0.5503078132712487
2004-10-20,0.6665385386675332
2004-10-21,0.7087585115815868
2004-10-22,0.6322588268054951
2004-10-23,0.6857894205176421
2004-10-24,0.7177331111272327
2004-10-25,0.7017977945995979
2004-10-26,0.716942856916406
2004-10-27,0.6709035765225271
2004-10-28,0.6363818084365841
2004-10-29,0.551285465176778
2004-10-30,0.6178153288029422
2004-10-31,0.5866522639755609
2004-11-01,0.7360196996040204
2004-11-02,0.617298470223555
2004-11-03,0.6308358342940954
2004-11-04,0.6507957517973858
2004-11-05,0.6239109811697268
2004-11-06,0.7049567152477392
2004-11-07,0.5875093804267941
2004-11-08,0.6267747504224787
2004-11-09,0.5782886947476882
2004-11-10,0.5477447457107494
2004-11-11,0.581457358609219
2004-11-12,0.6084607135921776
2004-11-13,0.5870814945185239
2004-11-14,0.5721274443485735
2004-11-15,0.5346028758741556
2004-11-16,0.5989026364521156
2004-11-17,0.5259305241233916
2004-11-18,0.6372479909208223
2004-11-19,0.6014164218019724
2004-11-20,0.5224372701602797
2004-11-21,0.5778465584136372
2004-11-22,0.5536637102377396
2004-11-23,0.6051677285650738
2004-11-24,0.6541425633192278
2004-11-25,0.4912466399613804
2004-11-26,0.5886166009325143
2004-11-27,0.572694135952413
2004-11-28,0.6120793449273556
2004-11-29,0.5869604729897004
2004-11-30,0.5364678659370555
2004-12-01,0.5558573792340373
2004-12-02,0.5297312477952533
2004-12-03,0.6210347581909916
2004-12-04,0.5659819213161624
2004-12-05,0.6576385746794982
2004-12-06,0.5571901576901648
2004-12-07,0.5224291725910183
2004-12-08,0.47977296180295964
2004-12-09,0.46289443451365864
2004-12-10,0.47142163778884266
2004-12-11,0.5615467818044292
2004-12-12,0.5711744348599399
2004-12-13,0.46421282983048506
2004-12-14,0.5855456393339216
2004-12-15,0.5141499416832567
2004-12-16,0.5431405655001701
2004-12-17,0.6138992583633963
2004-12-18,0.5756076407735697
2004-12-19,0.5148074740811954
2004-12-20,0.4811343603564572
2004-12-21,0.4155555530331775
2004-12-22,0.48463414985486875
2004-12-23,0.5074746947935178
2004-12-24,0.46610627825955625
2004-12-25,0.5063318714560021
2004-12-26,0.5141629581682868
2004-12-27,0.49650015099308464
2004-12-28,0.4726631127022389
2004-12-29,0.5110147370217123
2004-12-30,0.5220970324784707
2004-12-31,0.44289804270448224
2005-01-01,0.565383377243902
2005-01-02,0.4873276433022987
2005-01-03,0.49062211712689435
2005-01-04,0.5225160013522114
2005-01-05,0.49619555194605997
2005-01-06,0.52962562496076
2005-01-07,0.4937643924431018
2005-01-08,0.4462318081683358
2005-01-09,0.4923812046330839
2005-01-10,0.4145796831574803
2005-01-11,0.47466231030853334
2005-01-12,0.4650502735171523
2005-01-13,0.45379324223548073
2005-01-14,0.45527013016062523
2005-01-15,0.3651138240950026
2005-01-16,0.4292913896808605
2005-01-17,0.4589040613586129
2005-01-18,0.45980237034601545
2005-01-19,0.3979878080145852
2005-01-20,0.5102339737167796
2005-01-21,0.4012325761556743
2005-01-22,0.49062334908979566
2005-01-23,0.46113651971268876
2005-01-24,0.40510959411596237
2005-01-25,0.5238492057479106
2005-01-26,0.3730837571511146
2005-01-27,0.47642516804507273
2005-01-28,0.478219039884781
2005-01-29,0.3924026570221716
2005-01-30,0.4933226234254008
2005-01-31,0.40898533316522034
2005-02-01,0.43373390573324805
2005-02-02,0.4301507949634178
2005-02-03,0.4082792994828052
2005-02-04,0.45342037263991886
2005-02-05,0.45046543298349573
2005-02-06,0.32130187082082207
2005-02-07,0.4719099998777772
2005-02-08,0.3215605554646898
2005-02-09,0.4543328760618355
2005-02-10,0.4570900641050377
2005-02-11,0.34428513566429897
2005-02-12,0.3764013705187211
2005-02-13,0.3397960175179562
2005-02-14,0.38250545514329753
2005-02-15,0.3760516800463263
2005-02-16,0.42867047316886897
2005-02-17,0.4534696241514974
2005-02-18,0.4560383192677134
2005-02-19,0.35647937463849455
2005-02-20,0.3724945286521574
2005-02-21,0.2971862418754357
2005-02-22,0.3395023334489893
2005-02-23,0.42651172280376864
2005-02-24,0.4575576581820497
2005-02-25,0.3136069624511327
2005-02-26,0.3442840261971839
2005-02-27,0.37120714842292457
2005-02-28,0.3851934641996103
2005-03-01,0.3294013707944783
2005-03-02,0.38981929645156854
2005-03-03,0.3436979061549499
2005-03-04,0.36548018448715375
2005-03-05,0.3923695819523488
2005-03-06,0.36426904157015155
2005-03-07,0.3410615072458714
2005-03-08,0.3563738166462134
2005-03-09,0.35645059950285374
2005-03-10,0.34142386418245463
2005-03-11,0.34608178817536056
2005-03-12,0.43809290041116433
2005-03-13,0.38538749495278896
2005-03-14,0.3417907601097564
2005-03-15,0.39067825264469175
2005-03-16,0.3384480348639715
2005-03-17,0.41314664360160613
2005-03-18,0.37236704133404164
2005-03-19,0.34795764157394016
2005-03-20,0.37518987574977253
2005-03-21,0.2737851198837612
2005-03-22,0.2955592101954118
2005-03-23,0.2918138754169442
2005-03-24,0.3583138233254956
2005-03-25,0.4374930639401618
2005-03-26,0.46217715788755476
2005-03-27,0.3823038091058146
2005-03-28,0.37527691057388823
2005-03-29,0.26005961160641056
2005-03-30,0.3229010347163153
2005-03-31,0.3106122014441595
2005-04-01,0.31897012128923347
2005-04-02,0.3416608669676569
2005-04-03,0.3265635137773886
2005-04-04,0.25134743535140175
2005-04-05,0.38789667754275114
2005-04-06,0.29709705204790504
2005-04-07,0.3629738158154453
2005-04-08,0.4550370238884805
2005-04-09,0.30572913188582784
2005-04-10,0.22559340136810893
2005-04-11,0.33826080610899717
2005-04-12,0.4081059280031052
2005-04-13,0.45151579011617443
2005-04-14,0.29270479078302003
2005-04-15,0.37964429370821645
2005-04-16,0.3322138948763748
2005-04-17,0.3508949097366986
2005-04-18,0.48916501785628463
2005-04-19,0.28259724657841645
2005-04-20,0.37127281156616554
2005-04-21,0.38285245664395673
2005-04-22,0.41468072659127037
2005-04-23,0.3662555493445809
2005-04-24,0.3777649830662959
2005-04-25,0.34382687711477805
2005-04-26,0.37795297671355294
2005-04-27,0.3484644926148931
2005-04-28,0.39786999609837875
2005-04-29,0.34951765260178785
2005-04-30,0.3880990718887112
2005-05-01,0.3690655401082642
2005-05-02,0.4281541870761344
2005-05-03,0.3706429552176159
2005-05-04,0.2859595546768604
2005-05-05,0.4391429452271127
2005-05-06,0.3322326772399815
2005-05-07,0.3463396911194174
2005-05-08,0.35078950573043277
2005-05-09,0.45087442639673375
2005-05-10,0.27698368309600874
2005-05-11,0.5423041347644182
2005-05-12,0.43990281632350153
2005-05-13,0.39997864407916844
2005-05-14,0.3878216668562126
2005-05-15,0.406626166691489
2005-05-16,0.42021857990289024
2005-05-17,0.4282685952644558
2005-05-18,0.42566421187861986
2005-05-19,0.40426945443073187
2005-05-20,0.3918596254032707
2005-05-21,0.3961281288318392
2005-05-22,0.39594016379299035
2005-05-23,0.46439581484885406
2005-05-24,0.4394342266303042
2005-05-25,0.26481278042291484
2005-05-26,0.44672919864083954
2005-05-27,0.425798420374412
2005-05-28,0.4172784963966075
2005-05-29,0.40096457012126613
2005-05-30,0.4787962773469227
2005-05-31,0.4721900510892769
2005-06-01,0.3884152105425158
2005-06-02,0.4496786882051474
2005-06-03,0.38303115924666653
2005-06-04,0.36494127410797933
2005-06-05,0.40491408777506815
2005-06-06,0.48171627979679466
2005-06-07,0.48861771077033367
2005-06-08,0.4689980762242697
2005-06-09,0.4819977297329349
2005-06-10,0.4739670674551375
2005-06-11,0.4185146479051729
2005-06-12,0.4746300710933225
2005-06-13,0.49551355337036046
2005-06-14,0.4956799652107966
2005-06-15,0.5198958446645308
2005-06-16,0.49836186528791304
2005-06-17,0.4830265598424879
2005-06-18,0.5214793745998519
2005-06-19,0.46917300356850994
2005-06-20,0.4289412795797796
2005-06-21,0.4674255998620335
2005-06-22,0.44088498822169603
2005-06-23,0.44692885963339285
2005-06-24,0.4760252153959695
2005-06-25,0.446198491477422
2005-06-26,0.4729939516330279
2005-06-27,0.3962872750474416
2005-06-28,0.5042113504179676
2005-06-29,0.4961875077340409
2005-06-30,0.4578545189132873
2005-07-01,0.534253332954924
2005-07-02,0.5507512729153977
2005-07-03,0.42607534173223127
2005-07-04,0.4708957526765581
2005-07-05,0.4731508543956548
2005-07-06,0.46718535741713635
2005-07-07,0.5582225931648406
2005-07-08,0.5096209196792464
2005-07-09,0.5086441374724506
2005-07-10,0.42422793372043915
2005-07-11,0.5587358893692954
2005-07-12,0.46753801372636294
2005-07-13,0.5350247688292854
2005-07-14,0.5484146974325015
2005-07-15,0.6050862568640724
2005-07-16,0.4741088039532453
2005-07-17,0.39105899348884154
2005-07-18,0.5536994001287081
2005-07-19,0.6369916152159169
2005-07-20,0.6113585899806511
2005-07-21,0.5623248176643413
2005-07-22,0.5296752503278622
2005-07-23,0.5970123246124601
2005-07-24,0.5103612315132459
2005-07-25,0.5852212822901539
2005-07-26,0.5890235589537637
2005-07-27,0.6190883130275178
2005-07-28,0.7063690059718227
2005-07-29,0.5902947245100174
2005-07-30,0.5474927247809284
2005-07-31,0.5739075564072669
2005-08-01,0.48895556340792173
2005-08-02,0.5448738506698372
2005-08-03,0.561321943875443
2005-08-04,0.5577339694647968
2005-08-05,0.5936835837873351
2005-08-06,0.5470467912247607
2005-08-07,0.6462951428499621
2005-08-08,0.5923030432404087
2005-08-09,0.5938494061324436
2005-08-10,0.5799134711598383
2005-08-11,0.6060329877743117
2005-08-12,0.6414644928654112
2005-08-13,0.5587595006360072
2005-08-14,0.5710863595792839
2005-08-15,0.5906512400772431
2005-08-16,0.5403579908777335
2005-08-17,0.5684707401268978
2005-08-18,0.5873722579500563
2005-08-19,0.6566194831654378
2005-08-20,0.6277113583686774
2005-08-21,0.6259121017734335
2005-08-22,0.6603923763702054
2005-08-23,0.6125588401474226
2005-08-24,0.6404952344445858
2005-08-25,0.6173196200702625
2005-08-26,0.6372212472785674
2005-08-27,0.5962508890322163
2005-08-28,0.5048465006891375
2005-08-29,0.6214343673531586
2005-08-30,0.7006087260124837
2005-08-31,0.6770667179184776
2005-09-01,0.6802717048255887
2005-09-02,0.6950151344847351
2005-09-03,0.6388087731583081
2005-09-04,0.6453691557189826
2005-09-05,0.6057080997424151
2005-09-06,0.6218339011075565
2005-09-07,0.6694321658175213
2005-09-08,0.6998028115141377
2005-09-09,0.6335598881602645
2005-09-10,0.6189047082659924
2005-09-11,0.6422806349446553
2005-09-12,0.6731124869410224
2005-09-13,0.5716149317414174
2005-09-14,0.5297115346277602
2005-09-15,0.6176638249790304
2005-09-16,0.5847821081986513
2005-09-17,0.6209945727124896
2005-09-18,0.63955303780595
2005-09-19,0.6247765623458467
2005-09-20,0.7205155992181118
2005-09-21,0.6646388767649671
2005-09-22,0.6636908275795597
2005-09-23,0.6800988845922823
2005-09-24,0.5923241407760661
2005-09-25,0.7014544246341389
2005-09-26,0.6458993598030358
2005-09-27,0.6833559881998157
2005-09-28,0.5963390804510957
2005-09-29,0.5722995604974075
2005-09-30,0.69089309386168
2005-10-01,0.6687857516018594
2005-10-02,0.604784923968077
2005-10-03,0.6062821591095999
2005-10-04,0.7058704851869618
2005-10-05,0.5899172547787105
2005-10-06,0.731266333696891
2005-10-07,0.6038022946802964
2005-10-08,0.6804094705435221
2005-10-09,0.6316714925716487
2005-10-10,0.6778304440669309
2005-10-11,0.6199902704350317
2005-10-12,0.6385376059222341
2005-10-13,0.6481610270456493
2005-10-14,0.5954002154886526
2005-10-15,0.6819022079192346
2005-10-16,0.6185087892572659
2005-10-17,0.6320052282217852
2005-10-18,0.5929410087138475
2005-10-19,0.5137227751743058
2005-10-20,0.631427020561276
2005-10-21,0.7607063554040845
2005-10-22,0.6783614669317809
2005-10-23,0.6371826741707756
2005-10-24,0.6239746567673865
2005-10-25,0.6371753665609978
2005-10-26,0.6623005862065969
2005-10-27,0.5747565612034902
2005-10-28,0.6883262112249481
2005-10-29,0.6671528215436989
2005-10-30,0.6660277394948363
2005-10-31,0.6507383806818572
2005-11-01,0.6284533966138288
2005-11-02,0.6597358226435132
2005-11-03,0.6542663006419402
2005-11-04,0.605519447448311
2005-11-05,0.5930507702062594
2005-11-06,0.6252969779893008
2005-11-07,0.6960928560882758
2005-11-08,0.5550890238779215
2005-11-09,0.5420359607449685
2005-11-10,0.6219839133336099
2005-11-11,0.6145901982472841
2005-11-12,0.6189796366631186
2005-11-13,0.620744265639812
2005-11-14,0.5955883806105265
2005-11-15,0.6794119209878514
2005-11-16,0.523012716159725
2005-11-17,0.5597416915859299
2005-11-18,0.5940824547288894
2005-11-19,0.5151349935975393
2005-11-20,0.5865221249119232
2005-11-21,0.6763805205525308
2005-11-22,0.5923158549320673
2005-11-23,0.6007440483300486
2005-11-24,0.5241118027594416
2005-11-25,0.5541871930416937
2005-11-26,0.5641054779589458
2005-11-27,0.5648150208929335
2005-11-28,0.6425945308550207
2005-11-29,0.6041851946140723
2005-11-30,0.5184934346771449
2005-12-01,0.584135314938969
2005-12-02,0.594443628060267
2005-12-03,0.6242418531871254
2005-12-04,0.6439433732109836
2005-12-05,0.511824330800455
2005-12-06,0.5196803228203793
2005-12-07,0.4949706179908102
2005-12-08,0.5437576884782525
2005-12-09,0.5763693370487726
2005-12-10,0.5999951607685718
2005-12-11,0.5443928980717289
2005-12-12,0.529745807535701
2005-12-13,0.5508602645445277
2005-12-14,0.49903657854861466
2005-12-15,0.6427799303521673
2005-12-16,0.4554178635449897
2005-12-17,0.5425252558954118
2005-12-18,0.6319459859417751
2005-12-19,0.5285739987044874
2005-12-20,0.5161920198771474
2005-12-21,0.5052740519591208
2005-12-22,0.5115722317288699
2005-12-23,0.5866736304687297
2005-12-24,0.40487215905063967
2005-12-25,0.5895664048754335
2005-12-26,0.4391225063978406
2005-12-27,0.49441033362176673
2005-12-28,0.48370102072847876
2005-12-29,0.5320096669119108
2005-12-30,0.42009378240581285
2005-12-31,0.5205266298807217
2006-01-01,0.5960522394209311
2006-01-02,0.4240983496868724
2006-01-03,0.4991649443601724
2006-01-04,0.4540061712995526
2006-01-05,0.5058291056925373
2006-01-06,0.48292618213588495
2006-01-07,0.4473338387307946
2006-01-08,0.501247291143912
2006-01-09,0.5645234338621155
2006-01-10,0.46222080393714904
2006-01-11,0.5052222221271163
2006-01-12,0.40204812515581667
2006-01-13,0.4163772662582073
2006-01-14,0.48531731962659064
2006-01-15,0.5334120777966829
2006-01-16,0.47450830250719167
2006-01-17,0.4386089147753995
2006-01-18,0.4517741210173132
2006-01-19,0.38685117836239785
2006-01-20,0.4771743479913129
2006-01-21,0.48865797168257036
2006-01-22,0.41954597242180536
2006-01-23,0.41627469423112895
2006-01-24,0.45071487109075553
2006-01-25,0.41324767431540566
2006-01-26,0.42945896800764705
2006-01-27,0.5354535488228984
2006-01-28,0.4158386389453318
2006-01-29,0.4080166598749418
2006-01-30,0.3913222681404264
2006-01-31,0.45869725747016393
2006-02-01,0.4102380156083501
2006-02-02,0.38466605110878554
2006-02-03,0.48105993816998327
2006-02-04,0.4838601092076125
2006-02-05,0.3807698186689507
2006-02-06,0.3154014719147003
2006-02-07,0.4570686722257165
2006-02-08,0.37045366357847337
2006-02-09,0.4422368458028911
2006-02-10,0.30224961637806674
2006-02-11,0.4434633240900236
2006-02-12,0.3363834884524113
2006-02-13,0.43161945689557923
2006-02-14,0.3939651600495553
2006-02-15,0.34375642328578104
2006-02-16,0.369335630909063
2006-02-17,0.42227010969335205
2006-02-18,0.3915488513839773
2006-02-19,0.4138084249910339
2006-02-20,0.481777651565158
2006-02-21,0.3031460709009313
2006-02-22,0.4606564655222299
2006-02-23,0.383486938025057
2006-02-24,0.33183931458848176
2006-02-25,0.30880872475817933
2006-02-26,0.36445121961597693
2006-02-27,0.4186099418670939
2006-02-28,0.36480795023975265
2006-03-01,0.445439293302928
2006-03-02,0.2960574597257855
2006-03-03,0.3667854261161924
2006-03-04,0.3035831258104118
2006-03-05,0.3832369636834117
2006-03-06,0.4082922975844697
2006-03-07,0.3418427120881476
2006-03-08,0.23164361401114825
2006-03-09,0.3708161548029456
2006-03-10,0.3817613432632369
2006-03-11,0.3792363290568006
2006-03-12,0.41994965147703656
2006-03-13,0.3037888385732746
2006-03-14,0.39057558128373654
2006-03-15,0.4154559080430537
2006-03-16,0.26620963015144594
2006-03-17,0.37047300301822295
2006-03-18,0.32867594017375334
2006-03-19,0.34924661511906907
2006-03-20,0.37018785363617546
2006-03-21,0.32796749928150853
2006-03-22,0.3181121796828215
2006-03-23,0.3532177466112983
2006-03-24,0.2968043716441701
2006-03-25,0.29657605752164795
2006-03-26,0.3845808147257484
2006-03-27,0.29296155227584386
2006-03-28,0.383550311872126
2006-03-29,0.37324206295674506
2006-03-30,0.26374438826348656
2006-03-31,0.3161231564227887
2006-04-01,0.4097179713541579
2006-04-02,0.30100978133991235
2006-04-03,0.32694782954677554
2006-04-04,0.373415470532786
2006-04-05,0.3896706902010043
2006-04-06,0.3381572590326706
2006-04-07,0.3211359628753058
2006-04-08,0.4224513834859072
2006-04-09,0.43864334465502774
2006-04-10,0.4010506800445152
2006-04-11,0.3568269243312537
2006-04-12,0.31264466017113013
2006-04-13,0.3120761970773165
2006-04-14,0.38030797576892855
2006-04-15,0.37572924359082455
2006-04-16,0.4255593473626992
2006-04-17,0.3887148320787124
2006-04-18,0.2817938354174423
2006-04-19,0.41034314388432
2006-04-20,0.30868279712571617
2006-04-21,0.34026923445806784
2006-04-22,0.3729014206568877
2006-04-23,0.4611397661602343
2006-04-24,0.5178583838913589
2006-04-25,0.3937454584426767
2006-04-26,0.3553367987152777
2006-04-27,0.3923493888137911
2006-04-28,0.4111741728992675
2006-04-29,0.35196478812611
2006-04-30,0.4590046199892174
2006-05-01,0.3820322187520832
2006-05-02,0.3967388289920957
2006-05-03,0.40650885399976333
2006-05-04,0.3956905086179272
2006-05-05,0.4179938952148944
2006-05-06,0.34665663295576626
2006-05-07,0.3511129203545569
2006-05-08,0.32556485878402325
2006-05-09,0.4041275832692041
2006-05-10,0.4227142189705492
2006-05-11,0.40830535138901275
2006-05-12,0.4708245975375751
2006-05-13,0.38853689743125813
2006-05-14,0.4240034496666519
2006-05-15,0.33776341914163965
2006-05-16,0.37480747336020326
2006-05-17,0.43078470384524176
2006-05-18,0.4403390941156046
2006-05-19,0.38509207298476106
2006-05-20,0.3981465838257336
2006-05-21,0.32779810568047507
2006-05-22,0.387834117770294
2006-05-23,0.45222646818149015
2006-05-24,0.4385166413215902
2006-05-25,0.43686549822518933
2006-05-26,0.4164228441733994
2006-05-27,0.416414768569882
2006-05-28,0.38519787724523
2006-05-29,0.45533191378583626
2006-05-30,0.44363928856709145
2006-05-31,0.449414670382773
2006-06-01,0.40075735180031724
2006-06-02,0.32165892785535743
2006-06-03,0.4864716315614156
2006-06-04,0.4099803095470056
2006-06-05,0.3931111608024103
2006-06-06,0.47327055177335636
2006-06-07,0.4213608265055738
2006-06-08,0.4963406244217361
2006-06-09,0.4765932378693699
2006-06-10,0.48233661925941446
2006-06-11,0.3822909421062938
2006-06-12,0.5136311431289454
2006-06-13,0.4685556036706691
2006-06-14,0.43950154175780665
2006-06-15,0.46761959945791115
2006-06-16,0.37413491128294274
2006-06-17,0.48588679003944124
2006-06-18,0.41650328727492697
2006-06-19,0.4028655522387862
2006-06-20,0.39691705283027096
2006-06-21,0.531213366808719
2006-06-22,0.44666695077737906
2006-06-23,0.557374158877938
2006-06-24,0.4564610757791304
2006-06-25,0.4004515896477727
2006-06-26,0.43256580611754797
2006-06-27,0.5527585893954777
2006-06-28,0.4857517561524873
2006-06-29,0.46871286914139965
2006-06-30,0.5067098617593362
2006-07-01,0.5263801863416799
2006-07-02,0.5597427068291929
2006-07-03,0.5788782964453252
2006-07-04,0.4910435593154144
2006-07-05,0.4453055875809167
2006-07-06,0.49350725441641563
2006-07-07,0.5297628763973985
2006-07-08,0.47112428030735604
2006-07-09,0.4740123337932289
2006-07-10,0.5416104460182721
2006-07-11,0.5245323702803115
2006-07-12,0.5311407832396159
2006-07-13,0.49410337058096554
2006-07-14,0.5230258148243034
2006-07-15,0.49084166985872446
2006-07-16,0.5840597444654403
2006-07-17,0.5937970680160694
2006-07-18,0.45219752977911853
2006-07-19,0.5004905131307525
2006-07-20,0.4745848095791751
2006-07-21,0.5193406501802651
2006-07-22,0.5500851611199464
2006-07-23,0.4841739337956681
2006-07-24,0.5129455508422045
2006-07-25,0.511205525218268
2006-07-26,0.5741134174653804
2006-07-27,0.5695450345043863
2006-07-28,0.532299126359406
2006-07-29,0.5795149697580498
2006-07-30,0.54560690183694
2006-07-31,0.561603516500564
2006-08-01,0.6610819631673045
2006-08-02,0.6466325598138065
2006-08-03,0.5168070039347172
2006-08-04,0.6254250102554851
2006-08-05,0.6266356679102277
2006-08-06,0.5307546234062399
2006-08-07,0.6311824916714807
2006-08-08,0.6691892859151265
2006-08-09,0.5381871818771545
2006-08-10,0.5504330659347709
2006-08-11,0.6491565269235379
2006-08-12,0.6137843451733127
2006-08-13,0.6296898251835285
2006-08-14,0.6210216448530717
2006-08-15,0.6253723375624836
2006-08-16,0.5413279306358402
2006-08-17,0.6617995184440452
2006-08-18,0.6696628012486779
2006-08-19,0.6014304869263993
2006-08-20,0.612409444427888
2006-08-21,0.5396772310772694
2006-08-22,0.6435602160626986
2006-08-23,0.6480303016530995
2006-08-24,0.6178624410981758
2006-08-25,0.6786983757104125
2006-08-26,0.6072492682595895
2006-08-27,0.6536191182074753
2006-08-28,0.5758041416683537
2006-08-29,0.6269707179187619
2006-08-30,0.6207536063123449
2006-08-31,0.6420213439084456
2006-09-01,0.6135254841543623
2006-09-02,0.6266349686108408
2006-09-03,0.6756782521823115
2006-09-04,0.6136651584867914
2006-09-05,0.5562618394771982
2006-09-06,0.7251167391191801
2006-09-07,0.7077163122634881
2006-09-08,0.5749954549004158
2006-09-09,0.6750175922065745
2006-09-10,0.6162654329809958
2006-09-11,0.6554285977683787
2006-09-12,0.6577633559452414
2006-09-13,0.6320872825322783
2006-09-14,0.6053322990053026
2006-09-15,0.6106636148377965
2006-09-16,0.6000081337202972
2006-09-17,0.604810472183333
2006-09-18,0.6435831392443558
2006-09-19,0.6116509833414596
2006-09-20,0.6819948257802054
2006-09-21,0.7226639463016473
2006-09-22,0.6196644475305161
2006-09-23,0.6609587524168808
2006-09-24,0.6742500521802512
2006-09-25,0.6730989488090892
2006-09-26,0.6534853375256132
2006-09-27,0.6869660782557411
2006-09-28,0.6740443897371364
2006-09-29,0.5881043776818459
2006-09-30,0.6934564141798922
2006-10-01,0.6943298171603207
2006-10-02,0.6117231964770234
2006-10-03,0.6516622049457147
2006-10-04,0.6837651956067768
2006-10-05,0.6389221584431088
2006-10-06,0.7027815884223934
2006-10-07,0.767026956143658
2006-10-08,0.6091905726313539
2006-10-09,0.5790501862014092
2006-10-10,0.6628620022930578
2006-10-11,0.6832740957970486
2006-10-12,0.6351339325336101
2006-10-13,0.7187781014419149
2006-10-14,0.5785792982915635
2006-10-15,0.6795069217998089
2006-10-16,0.6138764265429004
2006-10-17,0.7294041192991505
2006-10-18,0.742284245102679
2006-10-19,0.6035066287249039
2006-10-20,0.6135005518958554
2006-10-21,0.6830549786724288
2006-10-22,0.619774720047404
2006-10-23,0.6358751322608833
2006-10-24,0.6383886192549209
2006-10-25,0.5400684141105127
2006-10-26,0.6342527431431251
2006-10-27,0.5993108132657237
2006-10-28,0.6079539853715159
2006-10-29,0.7035653559450774
2006-10-30,0.5672931084954768
2006-10-31,0.6694748530787691
2006-11-01,0.6135244172125389
2006-11-02,0.6121047524203799
2006-11-03,0.6641941887574564
2006-11-04,0.6402240477238067
2006-11-05,0.6502615087120811
2006-11-06,0.6686133962528447
2006-11-07,0.6020764293543509
2006-11-08,0.586432540935229
2006-11-09,0.5611546977047014
2006-11-10,0.5724753447728369
2006-11-11,0.7595005344199196
2006-11-12,0.6725465324814377
2006-11-13,0.540992887433986
2006-11-14,0.5406255955050875
2006-11-15,0.629012052143672
2006-11-16,0.6304211549524483
2006-11-17,0.6286107345908104
2006-11-18,0.5864974030586569
2006-11-19,0.591021721155102
2006-11-20,0.6117088213414947
2006-11-21,0.5976016625807964
2006-11-22,0.4803065118798925
2006-11-23,0.5777190215153548
2006-11-24,0.5445497193050549
2006-11-25,0.5937658343890934
2006-11-26,0.7321282471053141
2006-11-27,0.5990748590044604
2006-11-28,0.5628358567962134
2006-11-29,0.6223907166766787
2006-11-30,0.5982007268844571
2006-12-01,0.5928148005399608
2006-12-02,0.5998750702962113
2006-12-03,0.6700615795025384
2006-12-04,0.5083719171162692
2006-12-05,0.5862606442324201
2006-12-06,0.5139041418818184
2006-12-07,0.5856251432536536
2006-12-08,0.5095243558592968
2006-12-09,0.5321830776462017
2006-12-10,0.5358739392272224
2006-12-11,0.5969812852210904
2006-12-12,0.591660905895565
2006-12-13,0.4809864961097726
2006-12-14,0.5435404291801084
2006-12-15,0.5028240015299701
2006-12-16,0.47287566936712594
2006-12-17,0.5224373744294061
2006-12-18,0.5153415355575023
2006-12-19,0.6495698307937627
2006-12-20,0.547341962895257
2006-12-21,0.45426544806193037
2006-12-22,0.4923531156084422
2006-12-23,0.569100371506373
2006-12-24,0.6198873932606113
2006-12-25,0.4335955541987195
2006-12-26,0.41632414476339574
2006-12-27,0.6012912088520777
2006-12-28,0.5246439506119571
2006-12-29,0.45916736682955755
2006-12-30,0.526731454306122
2006-12-31,0.36563060962578176
2007-01-01,0.4950055335864466
2007-01-02,0.5086481085586662
2007-01-03,0.5358931429565441
2007-01-04,0.43641048257475623
2007-01-05,0.4888191034530524
2007-01-06,0.435697561962118
2007-01-07,0.49217737196672595
2007-01-08,0.4320863607822071
2007-01-09,0.45390098641476734
2007-01-10,0.4219752237840025
2007-01-11,0.5017911371108902
2007-01-12,0.5096343288822092
2007-01-13,0.4524680566012371
2007-01-14,0.46360890548057426
2007-01-15,0.38677670563820743
2007-01-16,0.44174380266756935
2007-01-17,0.45175158544947003
2007-01-18,0.5828492052976443
2007-01-19,0.39377321377217456
2007-01-20,0.5201574436111664
2007-01-21,0.4943842572396894
2007-01-22,0.4561823092879662
2007-01-23,0.5277078258288608
2007-01-24,0.4560262332384952
2007-01-25,0.45454162090083194
2007-01-26,0.4301095660880609
2007-01-27,0.4916459034855041
2007-01-28,0.4830133856731768
2007-01-29,0.39464980310119324
2007-01-30,0.35773699869224607
2007-01-31,0.4113386270253852
2007-02-01,0.3792972960493729
2007-02-02,0.41395847429409005
2007-02-03,0.4768666432905396
2007-02-04,0.39001487622759035
2007-02-05,0.4086498278903072
2007-02-06,0.4116296062231509
2007-02-07,0.44911453184413386
2007-02-08,0.29234068816724335
2007-02-09,0.3723705511064878
2007-02-10,0.4113189918776322
2007-02-11,0.4588374049964012
2007-02-12,0.37234696254114014
2007-02-13,0.30125361564015934
2007-02-14,0.4242370789560411
2007-02-15,0.3596852748143319
2007-02-16,0.3302041136008847
2007-02-17,0.3567369173598558
2007-02-18,0.37702786084542317
2007-02-19,0.3543505427404991
2007-02-20,0.2726773194844303
2007-02-21,0.4262114613308405
2007-02-22,0.4435395888377348
2007-02-23,0.41084524071587103
2007-02-24,0.31989423348339674
2007-02-25,0.36524982934775296
2007-02-26,0.3735811733933557
2007-02-27,0.4024671557489664
2007-02-28,0.40460243069453344
2007-03-01,0.33317285685163583
2007-03-02,0.37271602204904153
2007-03-03,0.3902538937392578
2007-03-04,0.4389939141384066
2007-03-05,0.4002806965433999
2007-03-06,0.4034007624483807
2007-03-07,0.3670721331686679
2007-03-08,0.43237726410267974
2007-03-09,0.3813568872610958
2007-03-10,0.3168700201678829
2007-03-11,0.42919008981497525
2007-03-12,0.3930557055128799
2007-03-13,0.3351893214993029
2007-03-14,0.33259012764125223
2007-03-15,0.3706593096761931
2007-03-16,0.37829824911515103
2007-03-17,0.3643550250038344
2007-03-18,0.3694503653962812
2007-03-19,0.43832061750297047
2007-03-20,0.4063811870710032
2007-03-21,0.3618607070504376
2007-03-22,0.3989631126792763
2007-03-23,0.2998839305605201
2007-03-24,0.37106302108465056
2007-03-25,0.44133263145256285
2007-03-26,0.33970985580830454
2007-03-27,0.30801955760282246
2007-03-28,0.3176302423970123
2007-03-29,0.29563084644692805
2007-03-30,0.3107966292966312
2007-03-31,0.33147598411007
2007-04-01,0.2797341502428572
2007-04-02,0.35084897459437653
2007-04-03,0.3952819013515773
2007-04-04,0.30492461686284517
2007-04-05,0.42646536091896287
2007-04-06,0.376273807761275
2007-04-07,0.4025405018910906
2007-04-08,0.31844116270837497
2007-04-09,0.3944246228184798
2007-04-10,0.2975110824856599
2007-04-11,0.3970733922448279
2007-04-12,0.361649913242853
2007-04-13,0.38126097840438394
2007-04-14,0.29540254022439827
2007-04-15,0.31005584043256007
2007-04-16,0.3853408286280467
2007-04-17,0.3087749272406954
2007-04-18,0.38010816511038936
2007-04-19,0.2893888726751618
2007-04-20,0.40099453912477023
2007-04-21,0.29784163231725996
2007-04-22,0.3880064072282788
2007-04-23,0.3926379383533357
2007-04-24,0.327523865169612
2007-04-25,0.39251063384010393
2007-04-26,0.3775187428179753
2007-04-27,0.3386820135801263
2007-04-28,0.31636366740176525
2007-04-29,0.26986688482034055
2007-04-30,0.38672655455858646
2007-05-01,0.2922885422244108
2007-05-02,0.3766188845095914
2007-05-03,0.3600402305929278
2007-05-04,0.4085683168591141
2007-05-05,0.3609445952169199
2007-05-06,0.36104690296575787
2007-05-07,0.41562154326627315
2007-05-08,0.3973254718868132
2007-05-09,0.3979603195973311
2007-05-10,0.40723077328536983
2007-05-11,0.30863810192106317
2007-05-12,0.424939409869548
2007-05-13,0.4194401380733912
2007-05-14,0.3397322104582013
2007-05-15,0.38014443926489533
2007-05-16,0.3921970941025417
2007-05-17,0.389282976746867
2007-05-18,0.41457698690687417
2007-05-19,0.47135875945952854
2007-05-20,0.45581488280227833
2007-05-21,0.3380808333429452
2007-05-22,0.43678907732592687
2007-05-23,0.47415397598227127
2007-05-24,0.429096816550722
2007-05-25,0.4663812334154263
2007-05-26,0.5145476820993888
2007-05-27,0.4672470879438222
2007-05-28,0.43067936400098883
2007-05-29,0.47264491647994805
2007-05-30,0.4298350330024656
2007-05-31,0.42600888014738075
2007-06-01,0.4094883821480096
2007-06-02,0.507496741790526
2007-06-03,0.39069256267663166
2007-06-04,0.5105405685813316
2007-06-05,0.46124315519158493
2007-06-06,0.3686312974375595
2007-06-07,0.4593439231511004
2007-06-08,0.33834247983682375
2007-06-09,0.47701834123208675
2007-06-10,0.4924197272488391
2007-06-11,0.42097092988371676
2007-06-12,0.45921132865740455
2007-06-13,0.5532009487964906
2007-06-14,0.432678063507021
2007-06-15,0.4075047967379696
2007-06-16,0.5370298430509887
2007-06-17,0.5635835089919474
2007-06-18,0.4681566462764229
2007-06-19,0.5210722183013817
2007-06-20,0.5401088079177095
2007-06-21,0.4384547364323024
2007-06-22,0.453864828693625
2007-06-23,0.5422314990398497
2007-06-24,0.5675018628671707
2007-06-25,0.5139635305361377
2007-06-26,0.4444013104398782
2007-06-27,0.5903210639801018
2007-06-28,0.46699812015872133
2007-06-29,0.4793703449073571
2007-06-30,0.5158258421911779
2007-07-01,0.5789990705690424
2007-07-02,0.5465715648616799
2007-07-03,0.5271966099687743
2007-07-04,0.532196418110774
2007-07-05,0.5137837053171929
2007-07-06,0.5420874881985057
2007-07-07,0.390270847183539
2007-07-08,0.5044818536643967
2007-07-09,0.5339359762838201
2007-07-10,0.46687034775980135
2007-07-11,0.5462811537494121
2007-07-12,0.5192773724197305
2007-07-13,0.6198019222317435
2007-07-14,0.6131968367953337
2007-07-15,0.5137630486162316
2007-07-16,0.5320079383308661
2007-07-17,0.5383372229994631
2007-07-18,0.5219239490830431
2007-07-19,0.5567173053417794
2007-07-20,0.5114971688892995
2007-07-21,0.4953110801537336
2007-07-22,0.5853926208044788
2007-07-23,0.588132673991685
2007-07-24,0.5188227535154696
2007-07-25,0.6061711653604728
2007-07-26,0.5321711645371656
2007-07-27,0.5787360795544729
2007-07-28,0.6094032046568916
2007-07-29,0.5689932979158943
2007-07-30,0.595677951673359
2007-07-31,0.5493647898224869
2007-08-01,0.5675860294809727
2007-08-02,0.5693165356802731
2007-08-03,0.5444571484540861
2007-08-04,0.5750996812057364
2007-08-05,0.5086349252424608
2007-08-06,0.5636101004867654
2007-08-07,0.575999834815255
2007-08-08,0.5794837023697298
2007-08-09,0.5822395498958363
2007-08-10,0.5932199969924777
2007-08-11,0.6222455294856658
2007-08-12,0.6439354333386555
2007-08-13,0.5696277500791389
2007-08-14,0.5438321412635895
2007-08-15,0.5537353209039204
2007-08-16,0.5832913909916472
2007-08-17,0.5918375672221473
2007-08-18,0.5726834983174164
2007-08-19,0.5480941909173067
2007-08-20,0.5917772505448724
2007-08-21,0.6253039372107541
2007-08-22,0.647598951553585
2007-08-23,0.5915562769119762
2007-08-24,0.6003221008409702
2007-08-25,0.5761457922745217
2007-08-26,0.6223811712898472
2007-08-27,0.5829673902032546
2007-08-28,0.655443749265019
2007-08-29,0.5388550008657682
2007-08-30,0.6114898355848636
2007-08-31,0.6458113147659855
2007-09-01,0.641193556412155
2007-09-02,0.7678602815934484
2007-09-03,0.6518658948386316
2007-09-04,0.5853006405066022
2007-09-05,0.631817482159679
2007-09-06,0.548825227235586
2007-09-07,0.6346136208641256
2007-09-08,0.5979557868056589
2007-09-09,0.6863017157223228
2007-09-10,0.6139371577787862
2007-09-11,0.6364159412120634
2007-09-12,0.6112742574243465
2007-09-13,0.7307502401407611
2007-09-14,0.6284584439787265
2007-09-15,0.7368185196275696
2007-09-16,0.6865253176002726
2007-09-17,0.6705049189616242
2007-09-18,0.6653787111126993
2007-09-19,0.6671288477078098
2007-09-20,0.551508593527294
2007-09-21,0.6343574688273133
2007-09-22,0.6909250081582343
2007-09-23,0.6465436682164067
2007-09-24,0.5790063043249258
2007-09-25,0.646878612734252
2007-09-26,0.7348928499425834
2007-09-27,0.712176543114491
2007-09-28,0.646831741634802
2007-09-29,0.6975599626511151
2007-09-30,0.6316732599420259
2007-10-01,0.5647716959556476
2007-10-02,0.6036642022794748
2007-10-03,0.7279097515987445
2007-10-04,0.6358990918747581
2007-10-05,0.637218650453326
2007-10-06,0.6341407762203488
2007-10-07,0.7440401608913402
2007-10-08,0.729787820031206
2007-10-09,0.7590414280315045
2007-10-10,0.6397188119928114
2007-10-11,0.6619771949780962
2007-10-12,0.5708451237548089
2007-10-13,0.7199617895817769
2007-10-14,0.5871206107143293
2007-10-15,0.6556997688363598
2007-10-16,0.5893043411992029
2007-10-17,0.6139918826518512
2007-10-18,0.6007953558917881
2007-10-19,0.6114456950802805
2007-10-20,0.6140222735338352
2007-10-21,0.6126621445771853
2007-10-22,0.6807979481258951
2007-10-23,0.5829025535043693
2007-10-24,0.6481462695784933
2007-10-25,0.696950029535673
2007-10-26,0.6092848122221671
2007-10-27,0.5979012574315524
2007-10-28,0.621083895232492
2007-10-29,0.6903700161896718
2007-10-30,0.6398238347571075
2007-10-31,0.6022538790109904
2007-11-01,0.6516663962885314
2007-11-02,0.5709781533533511
2007-11-03,0.6587435694770188
2007-11-04,0.6436518483804505
2007-11-05,0.6063404352941597
2007-11-06,0.5782748733038406
2007-11-07,0.5743078023993442
2007-11-08,0.6437852444779121
2007-11-09,0.6768612491570437
2007-11-10,0.5818804839203443
2007-11-11,0.6349651483320575
2007-11-12,0.5059612025144948
2007-11-13,0.579315719211527
2007-11-14,0.605195546698721
2007-11-15,0.5594345782086556
2007-11-16,0.5562325963440702
2007-11-17,0.5677775650014979
2007-11-18,0.6138548291526604
2007-11-19,0.587927983234929
2007-11-20,0.48340328346727823
2007-11-21,0.4872720046343767
2007-11-22,0.5609282716244097
2007-11-23,0.6120933323467929
2007-11-24,0.44974479888180885
2007-11-25,0.5600187546360862
2007-11-26,0.5565529041492716
2007-11-27,0.6501176646411667
2007-11-28,0.5592612505191901
2007-11-29,0.5954500908148624
2007-11-30,0.5811291895283698
2007-12-01,0.4652817520270087
2007-12-02,0.6079429014670147
2007-12-03,0.5780042265338757
2007-12-04,0.5903297708662945
2007-12-05,0.7588909257136647
2007-12-06,0.456017551405967
2007-12-07,0.6440843434245965
2007-12-08,0.5410863054635828
2007-12-09,0.5674178635466074
2007-12-10,0.5483528226740556
2007-12-11,0.5269786325839528
2007-12-12,0.5172465372865054
2007-12-13,0.5597478017107413
2007-12-14,0.464935038796532
2007-12-15,0.5758319526435169
2007-12-16,0.5149911946566301
2007-12-17,0.4767847599986067
2007-12-18,0.5082650320805026
2007-12-19,0.5910914673196151
2007-12-20,0.49892721727641104
2007-12-21,0.5410690040101244
2007-12-22,0.4840440020312168
2007-12-23,0.5559272992310842
2007-12-24,0.5497406415566252
2007-12-25,0.6053251614754369
2007-12-26,0.5015421667453882
2007-12-27,0.541175690321384
2007-12-28,0.5100666187203592
2007-12-29,0.5673755925165256
2007-12-30,0.4640583806195627
2007-12-31,0.5346682622204898
2008-01-01,0.4851018934507545
2008-01-02,0.48904764106108706
2008-01-03,0.4942672602020713
2008-01-04,0.49971730001071707
2008-01-05,0.4787232932267866
2008-01-06,0.4927044524236237
2008-01-07,0.5583140870611205
2008-01-08,0.5261261611811192
2008-01-09,0.5177637579976232
2008-01-10,0.44898901722231943
2008-01-11,0.4247722836082921
2008-01-12,0.5144768009612636
2008-01-13,0.5080014247255975
2008-01-14,0.5353305395201209
2008-01-15,0.4290072450714222
2008-01-16,0.4452502022998913
2008-01-17,0.37228760817528556
2008-01-18,0.4321859954431019
2008-01-19,0.49920009058985515
2008-01-20,0.42362381271213473
2008-01-21,0.4765653083264401
2008-01-22,0.4326253337635689
2008-01-23,0.4559796530301831
2008-01-24,0.3800363901173698
2008-01-25,0.4393441335991306
2008-01-26,0.28320880019390204
2008-01-27,0.42112265145647254
2008-01-28,0.3466662617968756
2008-01-29,0.4862333933033447
2008-01-30,0.46256972606040997
2008-01-31,0.4448212079934712
2008-02-01,0.4953495356272234
2008-02-02,0.3696888769836159
2008-02-03,0.5023628964521106
2008-02-04,0.4594895371949491
2008-02-05,0.3989632325949387
2008-02-06,0.4655094768418784
2008-02-07,0.3513783121132879
2008-02-08,0.3634594467900899
2008-02-09,0.37227607968276843
2008-02-10,0.3743059218604578
2008-02-11,0.34600557503704554
2008-02-12,0.45809623827121587
2008-02-13,0.38213853092376227
2008-02-14,0.4108767550755783
2008-02-15,0.36293582593492935
2008-02-16,0.2986572815279762
2008-02-17,0.4014570547650875
2008-02-18,0.2906413799572268
2008-02-19,0.38115607366313636
2008-02-20,0.31453987039774334
2008-02-21,0.48072195144802365
2008-02-22,0.4253639728825348
2008-02-23,0.3835568307124698
2008-02-24,0.4399638508873716
2008-02-25,0.33300860717184266
2008-02-26,0.4010812080883333
2008-02-27,0.3825179579568066
2008-02-28,0.38438641032531295
2008-02-29,0.4334992217958985
2008-03-01,0.40524084936735416
2008-03-02,0.3818260566497469
2008-03-03,0.283458426219653
2008-03-04,0.3170530547881901
2008-03-05,0.3578124813998181
2008-03-06,0.36754942048603284
2008-03-07,0.3053441206088088
2008-03-08,0.48145258124204154
2008-03-09,0.43574411843924005
2008-03-10,0.3891275073283399
2008-03-11,0.36176238495011576
2008-03-12,0.34673107406066944
2008-03-13,0.30896885301010263
2008-03-14,0.3597045583450981
2008-03-15,0.3680266363589093
2008-03-16,0.2924023829481926
2008-03-17,0.37059375258638205
2008-03-18,0.3455597963329142
2008-03-19,0.25741365156538915
2008-03-20,0.30930967694821104
2008-03-21,0.33121730696981977
2008-03-22,0.44589450860390656
2008-03-23,0.3789943248139982
2008-03-24,0.2840932355109127
2008-03-25,0.3749139650488051
2008-03-26,0.2730360545868584
2008-03-27,0.40436923952101905
2008-03-28,0.32655626572315355
2008-03-29,0.3453529152660579
2008-03-30,0.41629122141668096
2008-03-31,0.2856543227725768
2008-04-01,0.2802121486412469
2008-04-02,0.32098807634494475
2008-04-03,0.402231368421157
2008-04-04,0.2745338609630323
2008-04-05,0.2091264234293669
2008-04-06,0.328453529689438
2008-04-07,0.37891993039652777
2008-04-08,0.4117114489520903
2008-04-09,0.3289497094011554
2008-04-10,0.3319896868472026
2008-04-11,0.41075298296596374
2008-04-12,0.2601113324203737
2008-04-13,0.33475623174649044
2008-04-14,0.3643305270426429
2008-04-15,0.37794035377962915
2008-04-16,0.3307019927923613
2008-04-17,0.3586699010907253
2008-04-18,0.23332939532752492
2008-04-19,0.3256734078747441
2008-04-20,0.3821432336834084
2008-04-21,0.31127670863156903
2008-04-22,0.36430560275051593
2008-04-23,0.38470608113122606
2008-04-24,0.34628184544297935
2008-04-25,0.37301981820112556
2008-04-26,0.317487478125533
2008-04-27,0.35646083762077335
2008-04-28,0.3985089778834306
2008-04-29,0.3770927002420235
2008-04-30,0.34120211731431627
2008-05-01,0.38306249475206505
2008-05-02,0.408943130928871
2008-05-03,0.2721141141583304
2008-05-04,0.4340005734392086
2008-05-05,0.3607065553490594
2008-05-06,0.40030250471386924
2008-05-07,0.4404349166148687
2008-05-08,0.3135688368766695
2008-05-09,0.3482953436735668
2008-05-10,0.3709892732876332
2008-05-11,0.34791229981397676
2008-05-12,0.4755635271645508
2008-05-13,0.34772776219568724
2008-05-14,0.364571123974262
2008-05-15,0.4043819100640721
2008-05-16,0.33590033966314914
2008-05-17,0.37809995299063337
2008-05-18,0.4156630834304781
2008-05-19,0.38508352619951136
2008-05-20,0.39902245006951803
2008-05-21,0.37921897218820666
2008-05-22,0.33198379454646154
2008-05-23,0.4258360510832229
2008-05-24,0.49957886573849086
2008-05-25,0.4148542413535233
2008-05-26,0.4273248165008515
2008-05-27,0.4528500719747453
2008-05-28,0.3569239679483745
2008-05-29,0.5077163742541022
2008-05-30,0.43493016780427307
2008-05-31,0.5086519388881516
2008-06-01,0.3926744240727211
2008-06-02,0.522517092101622
2008-06-03,0.4726799570491639
2008-06-04,0.46390195329718426
2008-06-05,0.450297828895314
2008-06-06,0.42853502759780776
2008-06-07,0.5033703881430995
2008-06-08,0.4527609338829363
2008-06-09,0.3498046679200319
2008-06-10,0.3947294045809703
2008-06-11,0.443741656249989
2008-06-12,0.470993026267254
2008-06-13,0.455135974275122
2008-06-14,0.5213987155804817
2008-06-15,0.3653915797259285
2008-06-16,0.4726335462906657
2008-06-17,0.37707290141467276
2008-06-18,0.5084846813051723
2008-06-19,0.46831207641906425
2008-06-20,0.49655944666042756
2008-06-21,0.43493597243253007
2008-06-22,0.5446610199650004
2008-06-23,0.5353373821346888
2008-06-24,0.5149967026780133
2008-06-25,0.48191616577180774
2008-06-26,0.5199608726598873
2008-06-27,0.4582020366499532
2008-06-28,0.5389050169169662
2008-06-29,0.5811829951828927
2008-06-30,0.5548215775322619
2008-07-01,0.4673926425436992
2008-07-02,0.5245242008143339
2008-07-03,0.4443749144169363
2008-07-04,0.5402274874438034
2008-07-05,0.5367106831157064
2008-07-06,0.42325803409164486
2008-07-07,0.46122303442226825
2008-07-08,0.5077129347007927
2008-07-09,0.5093780645837365
2008-07-10,0.4664911410878948
2008-07-11,0.5489498699366446
2008-07-12,0.5446018177629944
2008-07-13,0.5248323939356658
2008-07-14,0.4992637520642226
2008-07-15,0.5919851802300291
2008-07-16,0.6248049569342964
2008-07-17,0.5203288486986963
2008-07-18,0.516357710282633
2008-07-19,0.5739716556042789
2008-07-20,0.5339403779132605
2008-07-21,0.5472871995763038
2008-07-22,0.593638852366827
2008-07-23,0.4635707371231046
2008-07-24,0.6273185100649763
2008-07-25,0.5673840772119002
2008-07-26,0.5455031604244657
2008-07-27,0.5639242963151953
2008-07-28,0.5687953939021049
2008-07-29,0.48638084089405703
2008-07-30,0.6499331833895282
2008-07-31,0.5794756402659085
2008-08-01,0.6017596137466588
2008-08-02,0.6293635543097993
2008-08-03,0.5328802664835114
2008-08-04,0.6097394351374096
2008-08-05,0.574785733298931
2008-08-06,0.6325821482445632
2008-08-07,0.48593131897692315
2008-08-08,0.5893597071773109
2008-08-09,0.5661671741962859
2008-08-10,0.6198866011130704
2008-08-11,0.6237117890004403
2008-08-12,0.5667347166804516
2008-08-13,0.5683834908242437
2008-08-14,0.6003042730882098
2008-08-15,0.5628194256856338
2008-08-16,0.6515328178855797
2008-08-17,0.5927229416049169
2008-08-18,0.4675506131637186
2008-08-19,0.5958421890874909
2008-08-20,0.5643054151628568
2008-08-21,0.5362836874887595
2008-08-22,0.5575560976562637
2008-08-23,0.6264424155397904
2008-08-24,0.6889127491292982
2008-08-25,0.639612353501835
2008-08-26,0.5950636525020083
2008-08-27,0.6495825683614946
2008-08-28,0.6051938099515246
2008-08-29,0.5947413007493288
2008-08-30,0.5730378143947487
2008-08-31,0.5444103902584443
2008-09-01,0.6137124130664517
2008-09-02,0.6422785681062427
2008-09-03,0.6306721868479581
2008-09-04,0.6157923481167643
2008-09-05,0.59035024087407
2008-09-06,0.6690559179132122
2008-09-07,0.5737519936583675
2008-09-08,0.6793335976364885
2008-09-09,0.5913033205622263
2008-09-10,0.6046324751341736
2008-09-11,0.5697128899637829
2008-09-12,0.6187375652038125
2008-09-13,0.6932862052085214
2008-09-14,0.6709720718758077
2008-09-15,0.6947388350957607
2008-09-16,0.672508709891552
2008-09-17,0.591758562320305
2008-09-18,0.6308995215806196
2008-09-19,0.6088822660387013
2008-09-20,0.7148303837368029
2008-09-21,0.5888276772777026
2008-09-22,0.6936734118595675
2008-09-23,0.693913490170543
2008-09-24,0.7409798453489298
2008-09-25,0.629203244498334
2008-09-26,0.6854480653167632
2008-09-27,0.7640145339300457
2008-09-28,0.6191054149515259
2008-09-29,0.5732465985838106
2008-09-30,0.5559647736015954
2008-10-01,0.6855231031290191
2008-10-02,0.5556078027704056
2008-10-03,0.6309827933193272
2008-10-04,0.6712535087740249
2008-10-05,0.6583914628755885
2008-10-06,0.6701055746218985
2008-10-07,0.6596043670531457
2008-10-08,0.7120457070247677
2008-10-09,0.6000552534758741
2008-10-10,0.6133462136178149
2008-10-11,0.6080442789623073
2008-10-12,0.6876246588689939
2008-10-13,0.6905295176974795
2008-10-14,0.6674222566141538
2008-10-15,0.7033441509253415
2008-10-16,0.5845331806199667
2008-10-17,0.7260196830218297
2008-10-18,0.7180013891996846
2008-10-19,0.6777595085535717
2008-10-20,0.7291655297619918
2008-10-21,0.5563000921529906
2008-10-22,0.6119232863443627
2008-10-23,0.6003540251937027
2008-10-24,0.6721260381082627
2008-10-25,0.5824375934677296
2008-10-26,0.6716719594358068
2008-10-27,0.7011369336913402
2008-10-28,0.6661439007758362
2008-10-29,0.6443060043925152
2008-10-30,0.5794209266963335
2008-10-31,0.5851300154228611
2008-11-01,0.688573706110005
2008-11-02,0.6636430441501375
2008-11-03,0.6212705070264857
2008-11-04,0.60083538156281
2008-11-05,0.5189137695706327
2008-11-06,0.5650992275792945
2008-11-07,0.7126153320176027
2008-11-08,0.5513894454824673
2008-11-09,0.6232198623328388
2008-11-10,0.6624180118142433
2008-11-11,0.5475664200444837
2008-11-12,0.6177821294834411
2008-11-13,0.6536442702177989
2008-11-14,0.6055437151531107
2008-11-15,0.7464780678668892
2008-11-16,0.5177365798810325
2008-11-17,0.6521816192305357
2008-11-18,0.5886543472854238
2008-11-19,0.6339108528753599
2008-11-20,0.6153723698510931
2008-11-21,0.5546137206617695
2008-11-22,0.6006588226670815
2008-11-23,0.49422496844815633
2008-11-24,0.6151676384722374
2008-11-25,0.5977732202746698
2008-11-26,0.6126337841629003
2008-11-27,0.6314182573591909
2008-11-28,0.5946816335883017
2008-11-29,0.5814708035139105
2008-11-30,0.5277566591843033
2008-12-01,0.5339215024529762
2008-12-02,0.626571132269929
2008-12-03,0.6367331091678639
2008-12-04,0.5506735185762448
2008-12-05,0.5625233357435592
2008-12-06,0.5126187921868538
2008-12-07,0.6140965236969739
2008-12-08,0.5863222595110449
2008-12-09,0.6476893067623043
2008-12-10,0.5042742953948681
2008-12-11,0.5268377887475324
2008-12-12,0.5548446610583705
2008-12-13,0.5731182005164055
2008-12-14,0.5275196123900472
2008-12-15,0.4921528603782077
2008-12-16,0.5773586033968032
2008-12-17,0.5668224431075735
2008-12-18,0.4824203014483014
2008-12-19,0.593466111682497
2008-12-20,0.5816562585594724
2008-12-21,0.527306640679379
2008-12-22,0.522011099853704
2008-12-23,0.5431681431729115
2008-12-24,0.4698095662978045
2008-12-25,0.5118219379785521
2008-12-26,0.4001237728530297
2008-12-27,0.5489860240185588
2008-12-28,0.424507342301283
2008-12-29,0.5751709914214502
2008-12-30,0.4809119918783032
2008-12-31,0.4842534091600298
2009-01-01,0.4608703546122867
2009-01-02,0.47527769228354777
2009-01-03,0.5580318474467861
2009-01-04,0.3601443125561316
2009-01-05,0.5458170625695068
2009-01-06,0.4963093582380956
2009-01-07,0.4165025945074965
2009-01-08,0.42054040872031756
2009-01-09,0.5555856448839243
2009-01-10,0.4219589810225708
2009-01-11,0.40904424751957696
2009-01-12,0.5210648122173444
2009-01-13,0.4786246495468676
2009-01-14,0.41230999754306474
2009-01-15,0.4675588838381407
2009-01-16,0.40297418211954344
2009-01-17,0.5068506206672758
2009-01-18,0.5024401133045395
2009-01-19,0.4735488916146428
2009-01-20,0.4626243716287508
2009-01-21,0.5302098953068282
2009-01-22,0.4397611179885154
2009-01-23,0.37832725333711215
2009-01-24,0.45755735675904996
2009-01-25,0.5370679512157949
2009-01-26,0.3797294847052801
2009-01-27,0.4101167856479324
2009-01-28,0.44675596938107653
2009-01-29,0.4210041159718975
2009-01-30,0.37237247987630234
2009-01-31,0.4753921170807789
2009-02-01,0.5331367391257208
2009-02-02,0.42480130950752815
2009-02-03,0.3676765444951299
2009-02-04,0.3333429707032114
2009-02-05,0.4216272685437911
2009-02-06,0.4618868548996834
2009-02-07,0.42844354219124275
2009-02-08,0.40258537379881
2009-02-09,0.37129122467419257
2009-02-10,0.3442252755391538
2009-02-11,0.43867965123269453
2009-02-12,0.4407698320115324
2009-02-13,0.31596501732319704
2009-02-14,0.47094534316464765
2009-02-15,0.41839100760010217
2009-02-16,0.4579339191028068
2009-02-17,0.3191477413039606
2009-02-18,0.3162965681966378
2009-02-19,0.375507156851019
2009-02-20,0.406497372831243
2009-02-21,0.4696138779201463
2009-02-22,0.413573086839653
2009-02-23,0.3646444531640365
2009-02-24,0.3240059456618342
2009-02-25,0.4354072677907856
2009-02-26,0.3242921649833347
2009-02-27,0.4526088339972461
2009-02-28,0.3556623143102352
2009-03-01,0.4481453478592561
2009-03-02,0.40133643801145963
2009-03-03,0.3593530235589449
2009-03-04,0.339085550960857
2009-03-05,0.3469025342123008
2009-03-06,0.3842966363909622
2009-03-07,0.3657121316533908
2009-03-08,0.3311781770596852
2009-03-09,0.35164284516067945
2009-03-10,0.36295044279467364
2009-03-11,0.25172383716518826
2009-03-12,0.38024992829516197
2009-03-13,0.3075787147753738
2009-03-14,0.2981639122588675
2009-03-15,0.27077179199623624
2009-03-16,0.2647957868288796
2009-03-17,0.28611255656852247
2009-03-18,0.3178717008926269
2009-03-19,0.4504669863355871
2009-03-20,0.3260349436924259
2009-03-21,0.36078508895430367
2009-03-22,0.37153419506221363
2009-03-23,0.3577199278981027
2009-03-24,0.3469951409296076
2009-03-25,0.29084746239796094
2009-03-26,0.4229476314477372
2009-03-27,0.44059451900855967
2009-03-28,0.2659795636079132
2009-03-29,0.2988332951586974
2009-03-30,0.33601087192072115
2009-03-31,0.3017856114562797
2009-04-01,0.3753663355696896
2009-04-02,0.31375443254191426
2009-04-03,0.4585652292605213
2009-04-04,0.41002859445405426
2009-04-05,0.36136290486650613
2009-04-06,0.4023607857758745
2009-04-07,0.40662791161884704
2009-04-08,0.3235009870622366
2009-04-09,0.31129691527832715
2009-04-10,0.3564681703514851
2009-04-11,0.3961397524780738
2009-04-12,0.3605514373378154
2009-04-13,0.2753324463960908
2009-04-14,0.3146681103488482
2009-04-15,0.3517807745356588
2009-04-16,0.35240904723561417
2009-04-17,0.45557495934492354
2009-04-18,0.28844636587822414
2009-04-19,0.38386529058323055
2009-04-20,0.4339234534720995
2009-04-21,0.4739638976154428
2009-04-22,0.341136520511838
2009-04-23,0.38693392872710075
2009-04-24,0.3918973233457994
2009-04-25,0.3742707162289616
2009-04-26,0.3606818463277983
2009-04-27,0.3885901710805784
2009-04-28,0.24138586514298574
2009-04-29,0.4033475266967328
2009-04-30,0.37683757597561135
2009-05-01,0.36072792969861267
2009-05-02,0.47555575118301857
2009-05-03,0.34086447714767676
2009-05-04,0.35589307073816157
2009-05-05,0.47709695739334906
2009-05-06,0.33742494280936547
2009-05-07,0.35306680628578035
2009-05-08,0.3748012505666503
2009-05-09,0.4258041179014216
2009-05-10,0.3958068334490834
2009-05-11,0.322468708512585
2009-05-12,0.3622082702163508
2009-05-13,0.3601986452264163
2009-05-14,0.38848741068745374
2009-05-15,0.4154546414154139
2009-05-16,0.41691810376135147
2009-05-17,0.3090834008760272
2009-05-18,0.4529874697460129
2009-05-19,0.4143549887184689
2009-05-20,0.47291839539421077
2009-05-21,0.42789549417515793
2009-05-22,0.4627734578922888
2009-05-23,0.43308365608876737
2009-05-24,0.47914349996626615
2009-05-25,0.4400466916152403
2009-05-26,0.41116584831632785
2009-05-27,0.5318356702412455
2009-05-28,0.46484234888970405
2009-05-29,0.45127786239784257
2009-05-30,0.36099850715621706
2009-05-31,0.36264371306052023
2009-06-01,0.4439618479560122
2009-06-02,0.4388900558621428
2009-06-03,0.4032160540970099
2009-06-04,0.44329908398517026
2009-06-05,0.5180279525798364
2009-06-06,0.4757315822290441
2009-06-07,0.386293379731768
2009-06-08,0.44016749903338775
2009-06-09,0.40790982905676143
2009-06-10,0.4312037318458923
2009-06-11,0.4323531605781442
2009-06-12,0.43161079797877494
2009-06-13,0.39520863012144697
2009-06-14,0.454067442014889
2009-06-15,0.4349162910854942
2009-06-16,0.31898171496529526
2009-06-17,0.5706204639091126
2009-06-18,0.5249375492417964
2009-06-19,0.4542199758949156
2009-06-20,0.47651990054625254
2009-06-21,0.4195474030961413
2009-06-22,0.5654739172726562
2009-06-23,0.5781155836704008
2009-06-24,0.49365417393974614
2009-06-25,0.5395685603242469
2009-06-26,0.4997323473418269
2009-06-27,0.426710393105524
2009-06-28,0.4755360655177467
2009-06-29,0.5053053488052934
2009-06-30,0.4785636635961304
2009-07-01,0.49294010216231793
2009-07-02,0.501883357075224
2009-07-03,0.5049880667115966
2009-07-04,0.5142208964098927
2009-07-05,0.4611502591527493
2009-07-06,0.4808980436118573
2009-07-07,0.455083013332889
2009-07-08,0.570760657022291
2009-07-09,0.4191387048487605
2009-07-10,0.5846445050246802
2009-07-11,0.5988184033321786
2009-07-12,0.5169191079668378
2009-07-13,0.40438899614322676
2009-07-14,0.5189877989737762
2009-07-15,0.5363406158447589
2009-07-16,0.4915046902834359
2009-07-17,0.5187460032006109
2009-07-18,0.6234758160835415
2009-07-19,0.582657630448767
2009-07-20,0.5056136411817039
2009-07-21,0.4743771011296929
2009-07-22,0.540305328900106
2009-07-23,0.5483657025309483
2009-07-24,0.5862133531905095
2009-07-25,0.5369842153670501
2009-07-26,0.5916527964206668
2009-07-27,0.6651437060292802
2009-07-28,0.6114489772732921
2009-07-29,0.5705364806997646
2009-07-30,0.5660287484642017
2009-07-31,0.559575701943384
2009-08-01,0.6386415528468963
2009-08-02,0.550420393483532
2009-08-03,0.5861995248115255
2009-08-04,0.5886257352797032
2009-08-05,0.563078578203295
2009-08-06,0.5216203320895325
2009-08-07,0.6084414151753821
2009-08-08,0.5912642235966059
2009-08-09,0.6213202304573133
2009-08-10,0.5715934382594043
2009-08-11,0.6612506445726818
2009-08-12,0.5582773223609598
2009-08-13,0.6895941982339405
2009-08-14,0.5184557160246632
2009-08-15,0.6293900402792387
2009-08-16,0.6332051672393045
2009-08-17,0.5714054482302444
2009-08-18,0.6341197210228513
2009-08-19,0.6785592254065891
2009-08-20,0.5053916642373529
2009-08-21,0.6429847186363481
2009-08-22,0.4947638885508877
2009-08-23,0.5726887517719809
2009-08-24,0.7039390259619345
2009-08-25,0.5948640281389839
2009-08-26,0.5666948236923467
2009-08-27,0.6168904721537253
2009-08-28,0.7315436423706514
2009-08-29,0.5378872068471853
2009-08-30,0.5781904522244307
2009-08-31,0.7068734147550115
2009-09-01,0.7260937155713106
2009-09-02,0.6292043323957214
2009-09-03,0.5735507352223701
2009-09-04,0.7413828696045901
2009-09-05,0.7173596634963688
2009-09-06,0.6725909577170757
2009-09-07,0.5989884722088261
2009-09-08,0.6380807349024126
2009-09-09,0.6333961674563214
2009-09-10,0.6587968022326046
2009-09-11,0.7156022214011337
2009-09-12,0.6877785246049645
2009-09-13,0.5906517784353842
2009-09-14,0.7140154899545864
2009-09-15,0.6614743364950167
2009-09-16,0.680754872387801
2009-09-17,0.7202690967107536
2009-09-18,0.5918599703213199
2009-09-19,0.6461009435592512
2009-09-20,0.6217289109668902
2009-09-21,0.5702741383307454
2009-09-22,0.6663240262703581
2009-09-23,0.7748436242443258
2009-09-24,0.5574949480378378
2009-09-25,0.6480735435773352
2009-09-26,0.6818591040914936
2009-09-27,0.6560858521859126
2009-09-28,0.6443310961724237
2009-09-29,0.5850377927881374
2009-09-30,0.6616046124439918
2009-10-01,0.6120493028351562
2009-10-02,0.540269227924407
2009-10-03,0.7093283569919099
2009-10-04,0.697307140414179
2009-10-05,0.6517157348766469
2009-10-06,0.660287065822975
2009-10-07,0.702205774898881
2009-10-08,0.6593193991980022
2009-10-09,0.6928719502508794
2009-10-10,0.6323218604970487
2009-10-11,0.7122764381545461
2009-10-12,0.6621543545724974
2009-10-13,0.6552121854580197
2009-10-14,0.5813579362126265
2009-10-15,0.6585172602959306
2009-10-16,0.6018374781140635
2009-10-17,0.6107443411178485
2009-10-18,0.6010706766982656
2009-10-19,0.5876666620963232
2009-10-20,0.7463141544742868
2009-10-21,0.7056982056362995
2009-10-22,0.7341640682647088
2009-10-23,0.5759744472500222
2009-10-24,0.6396147594159403
2009-10-25,0.5702692491876317
2009-10-26,0.5990124581090789
2009-10-27,0.5867037773206764
2009-10-28,0.6933629560937149
2009-10-29,0.6103069693043517
2009-10-30,0.6822335604260711
2009-10-31,0.6576786082085553
2009-11-01,0.7412746984504112
2009-11-02,0.5507033827978853
2009-11-03,0.6861831449847021
2009-11-04,0.6790529023711409
2009-11-05,0.5715352213248499
2009-11-06,0.6689985153371745
2009-11-07,0.6338516258119287
2009-11-08,0.604038411034921
2009-11-09,0.5725490969231848
2009-11-10,0.576090340582024
2009-11-11,0.712803158233894
2009-11-12,0.6085807466922605
2009-11-13,0.6458549934188398
2009-11-14,0.5653737799743698
2009-11-15,0.5640652677724681
2009-11-16,0.6552657832874387
2009-11-17,0.5317663821587653
2009-11-18,0.5765337457599843
2009-11-19,0.5970162156871385
2009-11-20,0.5988756423581335
2009-11-21,0.5823168662664615
2009-11-22,0.6089999920989108
2009-11-23,0.6217628288089604
2009-11-24,0.6217371407166351
2009-11-25,0.5335751065417523
2009-11-26,0.5664930208343054
2009-11-27,0.6382504841986794
2009-11-28,0.6210330009565088
2009-11-29,0.5054233599499445
2009-11-30,0.5893840710349789
2009-12-01,0.4706212781666874
2009-12-02,0.5695811463640799
2009-12-03,0.659804689719864
2009-12-04,0.5151844045283982
2009-12-05,0.5185070461063174
2009-12-06,0.5960510000151841
2009-12-07,0.47831860567311935
2009-12-08,0.521413666832204
2009-12-09,0.5804504918182045
2009-12-10,0.5164761568693859
2009-12-11,0.5339396843378958
2009-12-12,0.5804816504478437
2009-12-13,0.5618710278069441
2009-12-14,0.5516439140821979
2009-12-15,0.5188448009373898
2009-12-16,0.5517912827140735
2009-12-17,0.5245790409753055
2009-12-18,0.5511242869727759
2009-12-19,0.5008473703713234
2009-12-20,0.5140178743806654
2009-12-21,0.47109392618938983
2009-12-22,0.5162808262345914
2009-12-23,0.4749152114356739
2009-12-24,0.4571923973025178
2009-12-25,0.5232534214131174
2009-12-26,0.5183799388763707
2009-12-27,0.5443069284908417
2009-12-28,0.48102572494462104
2009-12-29,0.5204026423418381
2009-12-30,0.5249578751903079
2009-12-31,0.5170754486481673
2010-01-01,0.450974365776406
2010-01-02,0.49714781009321213
2010-01-03,0.5053122949921163
2010-01-04,0.48489366872828166
2010-01-05,0.37764491034654324
2010-01-06,0.4874326653816842
2010-01-07,0.5874802288702206
2010-01-08,0.45630406493493036
2010-01-09,0.435362138630748
2010-01-10,0.48790175300527727
2010-01-11,0.4823306835727036
2010-01-12,0.5238358433699296
2010-01-13,0.39880359793712855
2010-01-14,0.4957752889986344
2010-01-15,0.48624873813048197
2010-01-16,0.447154489454529
2010-01-17,0.4687439166422291
2010-01-18,0.5008444391408018
2010-01-19,0.4905643506749672
2010-01-20,0.38739035296271257
2010-01-21,0.4831583984012337
2010-01-22,0.4365423713674783
2010-01-23,0.44106466450892895
2010-01-24,0.4387435106675204
2010-01-25,0.42525344929902625
2010-01-26,0.49005283421992607
2010-01-27,0.4240040259901712
2010-01-28,0.3699563610568446
2010-01-29,0.404022865623699
2010-01-30,0.43042239473569194
2010-01-31,0.4807599634841079
2010-02-01,0.4472894372722987
2010-02-02,0.3724679726189797
2010-02-03,0.5371394548158753
2010-02-04,0.424029762504785
2010-02-05,0.47249800638268197
2010-02-06,0.39910726605500824
2010-02-07,0.4313531171017462
2010-02-08,0.44467899107067294
2010-02-09,0.46166454285137143
2010-02-10,0.4517018724439703
2010-02-11,0.44055193492009936
2010-02-12,0.3793269143825477
2010-02-13,0.3646642045599306
2010-02-14,0.40808376977182403
2010-02-15,0.43634385017245636
2010-02-16,0.3768181518066867
2010-02-17,0.43951272701393507
2010-02-18,0.4572186132417181
2010-02-19,0.3371395763857122
2010-02-20,0.33951211629667
2010-02-21,0.372777083828532
2010-02-22,0.3936497745583557
2010-02-23,0.35055016631628566
2010-02-24,0.44293453998848614
2010-02-25,0.39511058223075124
2010-02-26,0.374499788682908
2010-02-27,0.29938993006520365
2010-02-28,0.3040907559691854
2010-03-01,0.3826667067424539
2010-03-02,0.26076009220075347
2010-03-03,0.41683466851327183
2010-03-04,0.35714767733354785
2010-03-05,0.5261025765593415
2010-03-06,0.47827661430300544
2010-03-07,0.3527818533801288
2010-03-08,0.3555518973365552
2010-03-09,0.40970349137666295
2010-03-10,0.44418022180461764
2010-03-11,0.27625908901412766
2010-03-12,0.2680227492879924
2010-03-13,0.3254630357334948
2010-03-14,0.3849674115778483
2010-03-15,0.37998268887715164
2010-03-16,0.40797898447146635
2010-03-17,0.29390005530587127
2010-03-18,0.23751555562570786
2010-03-19,0.395704739224366
2010-03-20,0.3109191138389244
2010-03-21,0.25097319042147004
2010-03-22,0.3587633130348663
2010-03-23,0.3908254529982441
2010-03-24,0.3447644573598434
2010-03-25,0.32771973126879883
2010-03-26,0.34243314242648143
2010-03-27,0.3317055487066263
2010-03-28,0.28271014271703915
2010-03-29,0.31430069085349477
2010-03-30,0.37606538429026215
2010-03-31,0.3660964282706143
2010-04-01,0.3584710481952374
2010-04-02,0.30041061856957596
2010-04-03,0.34123726776340785
2010-04-04,0.2416479124147318
2010-04-05,0.3596580365291647
2010-04-06,0.42245435800056613
2010-04-07,0.27762628379887644
2010-04-08,0.3224019777992612
2010-04-09,0.36856311644093204
2010-04-10,0.41520314892437665
2010-04-11,0.33064671543816887
2010-04-12,0.3189859009418499
2010-04-13,0.2557361133848367
2010-04-14,0.3599812390117959
2010-04-15,0.4575832197225652
2010-04-16,0.37006025055013925
2010-04-17,0.3558339015462475
2010-04-18,0.3738498785365237
2010-04-19,0.3580312282940071
2010-04-20,0.31881707944267845
2010-04-21,0.4015554061281882
2010-04-22,0.3726444678266238
2010-04-23,0.36324311868777315
2010-04-24,0.3146410041219546
2010-04-25,0.429672026248035
2010-04-26,0.39885924365641906
2010-04-27,0.33914535973721
2010-04-28,0.4180894120880658
2010-04-29,0.34436551027434087
2010-04-30,0.3314285061669612
2010-05-01,0.3338665186635115
2010-05-02,0.28465921374263503
2010-05-03,0.39818829710811404
2010-05-04,0.2844896262744956
2010-05-05,0.31609710071982416
2010-05-06,0.2752486075979317
2010-05-07,0.3762690857930633
2010-05-08,0.3746364987245985
2010-05-09,0.3674325831356252
2010-05-10,0.3332878233478896
2010-05-11,0.32848828819836684
2010-05-12,0.41203519155003976
2010-05-13,0.36303877030160175
2010-05-14,0.4081663790254125
2010-05-15,0.34990002417771204
2010-05-16,0.40506095310550766
2010-05-17,0.46304789044425126
2010-05-18,0.42909871038761005
2010-05-19,0.38110585550781284
2010-05-20,0.4165517415323118
2010-05-21,0.39365231908411447
2010-05-22,0.40810131924023796
2010-05-23,0.3934758379088358
2010-05-24,0.4036154518618592
2010-05-25,0.4245388274680601
2010-05-26,0.3663936756593746
2010-05-27,0.36741999286940247
2010-05-28,0.3509633650841488
2010-05-29,0.34257708612243637
2010-05-30,0.363949593372108
2010-05-31,0.4350322192739016
2010-06-01,0.3846866980743253
2010-06-02,0.45729471918528547
2010-06-03,0.4356578697850537
2010-06-04,0.3378247383326626
2010-06-05,0.47134538538874005
2010-06-06,0.48150139078111465
2010-06-07,0.3936506714776622
2010-06-08,0.46675251753528446
2010-06-09,0.4053332412289305
2010-06-10,0.45547224650373613
2010-06-11,0.389809023511877
2010-06-12,0.3658377544822473
2010-06-13,0.4388245392394693
2010-06-14,0.45426372877705773
2010-06-15,0.4430626882471284
2010-06-16,0.40625262155427955
2010-06-17,0.44797690957747355
2010-06-18,0.48396380416000057
2010-06-19,0.47079036063503954
2010-06-20,0.4847039995891843
2010-06-21,0.44462436043930664
2010-06-22,0.5392736691179209
2010-06-23,0.4244424821040072
2010-06-24,0.5101975023817569
2010-06-25,0.5474865827629778
2010-06-26,0.5150134130325754
2010-06-27,0.483420453696079
2010-06-28,0.4697123816327795
2010-06-29,0.5505133330190084
2010-06-30,0.43014230327021896
2010-07-01,0.45536655301508755
2010-07-02,0.4865754466760916
2010-07-03,0.5709146794804674
2010-07-04,0.5305963536870633
2010-07-05,0.4657782245470671
2010-07-06,0.5012334657990088
2010-07-07,0.4885960694130706
2010-07-08,0.48638042992630315
2010-07-09,0.5733655298686156
2010-07-10,0.4583778313956587
2010-07-11,0.6099399762557551
2010-07-12,0.573439621825201
2010-07-13,0.5890889340647756
2010-07-14,0.5139063514708767
2010-07-15,0.5320527879552454
2010-07-16,0.47037701055364695
2010-07-17,0.518273802537684
2010-07-18,0.5716487985225325
2010-07-19,0.6142144254227487
2010-07-20,0.4964840060604873
2010-07-21,0.535981762760202
2010-07-22,0.5490912337689693
2010-07-23,0.4892490813888468
2010-07-24,0.5909708559102628
2010-07-25,0.5275505344083026
2010-07-26,0.5563083000937233
2010-07-27,0.5457885354306757
2010-07-28,0.5312070008650951
2010-07-29,0.5725886567922754
2010-07-30,0.5644057930884653
2010-07-31,0.5588164645384432
2010-08-01,0.5431864261402719
2010-08-02,0.5977622993202448
2010-08-03,0.6666192527861405
2010-08-04,0.5930602018276034
2010-08-05,0.6379736985894262
2010-08-06,0.5207325132260644
2010-08-07,0.6001807619591871
2010-08-08,0.5394460062408218
2010-08-09,0.5224619606088897
2010-08-10,0.56130488320841
2010-08-11,0.659804546352708
2010-08-12,0.6496168028550344
2010-08-13,0.6161424201357667
2010-08-14,0.5292025135215805
2010-08-15,0.5978375044819967
2010-08-16,0.6245186335580594
2010-08-17,0.6199601131062191
2010-08-18,0.5207103449557641
2010-08-19,0.5700673995175882
2010-08-20,0.6130287179976209
2010-08-21,0.6446620237376662
2010-08-22,0.5096210385123949
2010-08-23,0.612865793174149
2010-08-24,0.6296331462108354
2010-08-25,0.6664337292343977
2010-08-26,0.660031701124667
2010-08-27,0.6559159245433996
2010-08-28,0.5881513001273775
2010-08-29,0.5340712123513207
2010-08-30,0.6111033099533278
2010-08-31,0.6820834218564582
2010-09-01,0.7028813247706456
2010-09-02,0.6699033487251249
2010-09-03,0.6569704114887889
2010-09-04,0.6555726769334305
2010-09-05,0.60983160657087
2010-09-06,0.6321405936512823
2010-09-07,0.723062065947013
2010-09-08,0.5934043016547206
2010-09-09,0.7221531110440556
2010-09-10,0.6261528292772228
2010-09-11,0.7093237549493209
2010-09-12,0.5734669220732173
2010-09-13,0.6738157923428545
2010-09-14,0.6083521606562284
2010-09-15,0.5750543698981498
2010-09-16,0.6573282847154026
2010-09-17,0.6974156431766216
2010-09-18,0.6051919108673224
2010-09-19,0.5729414244716544
2010-09-20,0.6437094003181034
2010-09-21,0.6442953431601592
2010-09-22,0.6764045087678372
2010-09-23,0.696745525233329
2010-09-24,0.6465280761995008
2010-09-25,0.7424627398695219
2010-09-26,0.6610436945645197
2010-09-27,0.6326106168027587
2010-09-28,0.5694091308430693
2010-09-29,0.6368656349446201
2010-09-30,0.6331459280264268
2010-10-01,0.6979027415000261
2010-10-02,0.6728894943766774
2010-10-03,0.5906302898845925
2010-10-04,0.6580005687426287
2010-10-05,0.6827092446205456
2010-10-06,0.7252348993820816
2010-10-07,0.6928650726338061
2010-10-08,0.6861447490746719
2010-10-09,0.6506753722435724
2010-10-10,0.6666115708119142
2010-10-11,0.7091524962611566
2010-10-12,0.5794761984018807
2010-10-13,0.6280376219168783
2010-10-14,0.606232553210416
2010-10-15,0.6631271235171516
2010-10-16,0.7049463327713255
2010-10-17,0.6128097631082194
2010-10-18,0.5223242397405995
2010-10-19,0.6203673714400607
2010-10-20,0.6857492709243095
2010-10-21,0.6660127476843737
2010-10-22,0.659555005548024
2010-10-23,0.623119533134076
2010-10-24,0.5721005351094058
2010-10-25,0.6607093465290593
2010-10-26,0.5920831114672013
2010-10-27,0.7418149631605274
2010-10-28,0.6599091161893621
2010-10-29,0.6010860380817415
2010-10-30,0.5982453313719385
2010-10-31,0.62282535339845
2010-11-01,0.6141176647440842
2010-11-02,0.6805172827313687
2010-11-03,0.6325422914825651
2010-11-04,0.5851492719056781
2010-11-05,0.7147261974839908
2010-11-06,0.6211072650895277
2010-11-07,0.6554863614590621
2010-11-08,0.5850008986603534
2010-11-09,0.631901652659011
2010-11-10,0.6276013127116431
2010-11-11,0.5158300888397914
2010-11-12,0.7093103612674199
2010-11-13,0.6712807163883943
2010-11-14,0.585058983250448
2010-11-15,0.5479444280607574
2010-11-16,0.6185446235151192
2010-11-17,0.6035800777070626
2010-11-18,0.6150778815834094
2010-11-19,0.6048937149432314
2010-11-20,0.6186190617314263
2010-11-21,0.6636368154868588
2010-11-22,0.6176141633005476
2010-11-23,0.5346372660725737
2010-11-24,0.6531334060792905
2010-11-25,0.6648960251495571
2010-11-26,0.7383036124563487
2010-11-27,0.5223376394428517
2010-11-28,0.5884447422353298
2010-11-29,0.4699613973645474
2010-11-30,0.5994675338363284
2010-12-01,0.5421225257270883
2010-12-02,0.6634066910023082
2010-12-03,0.526185590381636
2010-12-04,0.4781198884934844
2010-12-05,0.5366600113457696
2010-12-06,0.4590751223756854
2010-12-07,0.5930136541589672
2010-12-08,0.44979726601363995
2010-12-09,0.5520513139982748
2010-12-10,0.44429985826104623
2010-12-11,0.5297232934716123
2010-12-12,0.6254412727223186
2010-12-13,0.5588261182019058
2010-12-14,0.49512831401918317
2010-12-15,0.5342407404539397
2010-12-16,0.534189070552848
2010-12-17,0.5543971922724636
2010-12-18,0.45989108831244535
2010-12-19,0.5553223353195877
2010-12-20,0.3879267415195047
2010-12-21,0.4890975881988
2010-12-22,0.4936175146123261
2010-12-23,0.5471315959206771
2010-12-24,0.5140262624444598
2010-12-25,0.44004221132753474
2010-12-26,0.45849329379263803
2010-12-27,0.5150972422207825
2010-12-28,0.4986286363301472
2010-12-29,0.471043794518212
2010-12-30,0.4733763071010247
2010-12-31,0.5296451581145531
2011-01-01,0.4663724212730513
2011-01-02,0.485275073778198
2011-01-03,0.5956021095934094
2011-01-04,0.4133506135386895
2011-01-05,0.38937665668636456
2011-01-06,0.5185876674229406
2011-01-07,0.4429215238356522
2011-01-08,0.4583941519856486
2011-01-09,0.43270817461695843
2011-01-10,0.4562443179813318
2011-01-11,0.5466386786541941
2011-01-12,0.504305508030015
2011-01-13,0.5048081813269218
2011-01-14,0.38839492358025246
2011-01-15,0.39916994824026536
2011-01-16,0.3123078833272871
2011-01-17,0.41134050969200897
2011-01-18,0.4972067243801668
2011-01-19,0.4727959074609633
2011-01-20,0.43346565541879284
2011-01-21,0.4410354748775559
2011-01-22,0.4053325244903349
2011-01-23,0.4476589037282424
2011-01-24,0.47337757509146644
2011-01-25,0.35197125936841467
2011-01-26,0.44544984375643926
2011-01-27,0.4748116675303661
2011-01-28,0.40517865302783557
2011-01-29,0.45873438902821373
2011-01-30,0.5622203811187949
2011-01-31,0.41408208461990986
2011-02-01,0.4368000555251223
2011-02-02,0.37809188237326324
2011-02-03,0.4219425171120325
2011-02-04,0.4338045782050004
2011-02-05,0.41847058649623736
2011-02-06,0.35570822174842776
2011-02-07,0.41500324343274625
2011-02-08,0.47581536278063463
2011-02-09,0.42318659548938425
2011-02-10,0.44693281662865114
2011-02-11,0.38509148641581914
2011-02-12,0.4325762629134387
2011-02-13,0.40721489856856147
2011-02-14,0.3439078577712526
2011-02-15,0.4056134967953466
2011-02-16,0.3383693536735016
2011-02-17,0.35461011498397615
2011-02-18,0.39405419133202924
2011-02-19,0.3978178360083907
2011-02-20,0.32189652823262754
2011-02-21,0.4324951253329426
2011-02-22,0.4068694550639195
2011-02-23,0.3415420952240934
2011-02-24,0.29844516622267075
2011-02-25,0.3666620102007571
2011-02-26,0.35023025057781304
2011-02-27,0.37684242911128063
2011-02-28,0.35172571373278183
2011-03-01,0.2682434011911137
2011-03-02,0.34797252659343786
2011-03-03,0.3509218424776522
2011-03-04,0.3967384207908663
2011-03-05,0.3290379443490518
2011-03-06,0.44681453544082783
2011-03-07,0.26627227930991715
2011-03-08,0.42642712235325175
2011-03-09,0.34870846713265585
2011-03-10,0.4020008349258932
2011-03-11,0.3621506160888656
2011-03-12,0.41431929935700057
2011-03-13,0.3371966777835736
2011-03-14,0.30089951116026414
2011-03-15,0.42616422371532525
2011-03-16,0.34881637942816707
2011-03-17,0.3649628554053475
2011-03-18,0.4150603444763916
2011-03-19,0.30120626735453715
2011-03-20,0.3821034723691492
2011-03-21,0.3224028458177576
2011-03-22,0.34490165795467853
2011-03-23,0.35478061685652484
2011-03-24,0.27585622089356054
2011-03-25,0.31167029843690147
2011-03-26,0.4179548986544337
2011-03-27,0.3945442462559051
2011-03-28,0.3469805194476857
2011-03-29,0.3621908976286611
2011-03-30,0.3352892637577486
2011-03-31,0.4178416704931884
2011-04-01,0.34005042900718824
2011-04-02,0.3617601472689874
2011-04-03,0.4076139330772944
2011-04-04,0.3116325904945791
2011-04-05,0.42867366255974004
2011-04-06,0.274488402122719
2011-04-07,0.43281499695662184
2011-04-08,0.33306458226755037
2011-04-09,0.33997284011416123
2011-04-10,0.2580605086438555
2011-04-11,0.3303182103842919
2011-04-12,0.30160809085380075
2011-04-13,0.323799953236967
2011-04-14,0.3479437842569463
2011-04-15,0.403368998439023
2011-04-16,0.36657249502193695
2011-04-17,0.3723316831754885
2011-04-18,0.3029697935558959
2011-04-19,0.31454812401130033
2011-04-20,0.44940404897325026
2011-04-21,0.32363135860614023
2011-04-22,0.44416680427390043
2011-04-23,0.35020939614704744
2011-04-24,0.36352370229304265
2011-04-25,0.4180148876627931
2011-04-26,0.4292187274866959
2011-04-27,0.3612507735916213
2011-04-28,0.3485860167278925
2011-04-29,0.366448029767491
2011-04-30,0.38742655720411945
2011-05-01,0.4164168588810131
2011-05-02,0.3734241343467477
2011-05-03,0.40555549298836197
2011-05-04,0.4579648568049607
2011-05-05,0.3965847728963522
2011-05-06,0.39461065085209657
2011-05-07,0.3046270291781039
2011-05-08,0.2506160148967395
2011-05-09,0.4031861802564525
2011-05-10,0.3806754965173754
2011-05-11,0.3613608421244624
2011-05-12,0.40099320858202747
2011-05-13,0.3875461804271814
2011-05-14,0.4487374754803009
2011-05-15,0.39846800189687287
2011-05-16,0.3586616517134444
2011-05-17,0.44739230052641177
2011-05-18,0.3889338666206599
2011-05-19,0.4280533806022514
2011-05-20,0.37982125770487457
2011-05-21,0.3731942335357525
2011-05-22,0.41191572151478545
2011-05-23,0.4103978226934443
2011-05-24,0.4358235639244695
2011-05-25,0.4005018721488633
2011-05-26,0.32424362144995317
2011-05-27,0.3965752400394828
2011-05-28,0.4600814161328992
2011-05-29,0.4077218373854656
2011-05-30,0.41249455785740546
2011-05-31,0.476377919228993
2011-06-01,0.39372741248597426
2011-06-02,0.35447383506158664
2011-06-03,0.42589062637114994
2011-06-04,0.41204125144212933
2011-06-05,0.3902842901899938
2011-06-06,0.4321925357065956
2011-06-07,0.467919087581745
2011-06-08,0.44527851231214305
2011-06-09,0.46350720673370127
2011-06-10,0.5412591125920915
2011-06-11,0.43589000078174805
2011-06-12,0.4694105088412106
2011-06-13,0.432504730590162
2011-06-14,0.41813219009644975
2011-06-15,0.43370129025697113
2011-06-16,0.4415162208893241
2011-06-17,0.48594565256138766
2011-06-18,0.5879528558660007
2011-06-19,0.4372328403273733
2011-06-20,0.45474768277844946
2011-06-21,0.4749739698064548
2011-06-22,0.500477715817599
2011-06-23,0.4964286895294844
2011-06-24,0.5500242772248257
2011-06-25,0.3670724245882182
2011-06-26,0.37162151488534595
2011-06-27,0.468752756448812
2011-06-28,0.5509922433431149
2011-06-29,0.4204265488864168
2011-06-30,0.3509094325486136
2011-07-01,0.532431736345029
2011-07-02,0.5186361961358144
2011-07-03,0.45452157126489706
2011-07-04,0.46233099184897297
2011-07-05,0.4656933264908466
2011-07-06,0.52227561694195
2011-07-07,0.487996462808736
2011-07-08,0.5465730754867569
2011-07-09,0.38168971879555813
2011-07-10,0.484122394602445
2011-07-11,0.4731982354234828
2011-07-12,0.5192111033973441
2011-07-13,0.5076434626100848
2011-07-14,0.5769455160669289
2011-07-15,0.44658298532619894
2011-07-16,0.5443091750964212
2011-07-17,0.5724237440516083
2011-07-18,0.6397984279684718
2011-07-19,0.5253229737790062
2011-07-20,0.5680647771182367
2011-07-21,0.4640639199813461
2011-07-22,0.43705838456494317
2011-07-23,0.6012772602875551
2011-07-24,0.5611253791399382
2011-07-25,0.6226756854853532
2011-07-26,0.49740767320408613
2011-07-27,0.5943811110027062
2011-07-28,0.6641148181782706
2011-07-29,0.5939261864841655
2011-07-30,0.5890153472964179
2011-07-31,0.5778371626935949
2011-08-01,0.5010654343679943
2011-08-02,0.6495647125666135
2011-08-03,0.5533955073712722
2011-08-04,0.6112900030047989
2011-08-05,0.5100160725153079
2011-08-06,0.5312706262583494
2011-08-07,0.6640470599556113
2011-08-08,0.5769493077414821
2011-08-09,0.6689719807876111
2011-08-10,0.5943619206284366
2011-08-11,0.5081146909841373
2011-08-12,0.6467193914081389
2011-08-13,0.5744975681452655
2011-08-14,0.6407719821919284
2011-08-15,0.6089120804283983
2011-08-16,0.5322777217158298
2011-08-17,0.6193980398958183
2011-08-18,0.722711181237442
2011-08-19,0.639232614844304
2011-08-20,0.6133567185547829
2011-08-21,0.6716146483596523
2011-08-22,0.6299608528275471
2011-08-23,0.6314487034612809
2011-08-24,0.5678994491089321
2011-08-25,0.6356455310980664
2011-08-26,0.6771609927336419
2011-08-27,0.5849842509979576
2011-08-28,0.699373116524821
2011-08-29,0.6248860180002302
2011-08-30,0.5863674722294703
2011-08-31,0.6818834344420419
2011-09-01,0.61886888660751
2011-09-02,0.6723516379845415
2011-09-03,0.6209154387357758
2011-09-04,0.6335993873376365
2011-09-05,0.6623155541256232
2011-09-06,0.653188461208464
2011-09-07,0.5398320006331099
2011-09-08,0.5844700149395952
2011-09-09,0.6878846707481041
2011-09-10,0.635647407556748
2011-09-11,0.6168655843559956
2011-09-12,0.5758789717852206
2011-09-13,0.59053376622083
2011-09-14,0.5441007354555124
2011-09-15,0.6407536935592824
2011-09-16,0.6164797035658028
2011-09-17,0.5986126591975577
2011-09-18,0.6440328115385997
2011-09-19,0.6660907540372116
2011-09-20,0.7529615351453485
2011-09-21,0.5730729386208575
2011-09-22,0.7069575795551383
2011-09-23,0.6979208747158583
2011-09-24,0.6105441982942904
2011-09-25,0.6598493718591103
2011-09-26,0.6269502948708743
2011-09-27,0.6592163711240405
2011-09-28,0.7254440494684381
2011-09-29,0.6802789225919942
2011-09-30,0.6753956939586557
2011-10-01,0.6283720356882204
2011-10-02,0.575562479927118
2011-10-03,0.639175335439203
2011-10-04,0.7097182571652727
2011-10-05,0.5727742932046104
2011-10-06,0.596078863003855
2011-10-07,0.6548032610748067
2011-10-08,0.598869677116735
2011-10-09,0.6080449001570534
2011-10-10,0.6260160414543327
2011-10-11,0.578396381016341
2011-10-12,0.5974089759650445
2011-10-13,0.6806809841170918
2011-10-14,0.5794925015366802
2011-10-15,0.5642758608561033
2011-10-16,0.611933975012091
2011-10-17,0.6792562525697652
2011-10-18,0.6319933677142272
2011-10-19,0.6177493547855036
2011-10-20,0.6422935241992191
2011-10-21,0.5518458808938969
2011-10-22,0.6628809758462465
2011-10-23,0.6562909497979817
2011-10-24,0.6155866482156095
2011-10-25,0.6852408560376574
2011-10-26,0.5774223970212802
2011-10-27,0.6890055761541836
2011-10-28,0.6391084390513995
2011-10-29,0.613290823715531
2011-10-30,0.6278209119729548
2011-10-31,0.6221093254385829
2011-11-01,0.6871069056660581
2011-11-02,0.5708416375813209
2011-11-03,0.5850955210380324
2011-11-04,0.6735460034547293
2011-11-05,0.5904274164670094
2011-11-06,0.6636685023800968
2011-11-07,0.7020161768110522
2011-11-08,0.5953224726855091
2011-11-09,0.6478139876005508
2011-11-10,0.5543611990874913
2011-11-11,0.6480492183479889
2011-11-12,0.6185178050437254
2011-11-13,0.6304004074502769
2011-11-14,0.572640145455977
2011-11-15,0.5200037443051923
2011-11-16,0.6263291460624175
2011-11-17,0.49607503511236917
2011-11-18,0.5814269095431204
2011-11-19,0.6423739384545246
2011-11-20,0.6029018990597828
2011-11-21,0.6886886627567601
2011-11-22,0.6404644606732033
2011-11-23,0.5544251216017911
2011-11-24,0.586370932436239
2011-11-25,0.5804967618479201
2011-11-26,0.5015919375634389
2011-11-27,0.5314923952806149
2011-11-28,0.5482625962288222
2011-11-29,0.4722553073812008
2011-11-30,0.5741847494299511
2011-12-01,0.5570789484027758
2011-12-02,0.4835897061954828
2011-12-03,0.5851269821464327
2011-12-04,0.5983726776263965
2011-12-05,0.571574922324141
2011-12-06,0.5416461021760928
2011-12-07,0.5850307890211954
2011-12-08,0.5870624363502916
2011-12-09,0.5659986134251024
2011-12-10,0.5069598367321171
2011-12-11,0.5595682219740025
2011-12-12,0.6030463974733649
2011-12-13,0.5109622706995305
2011-12-14,0.6431999612240504
2011-12-15,0.5095193682016237
2011-12-16,0.5349085776176316
2011-12-17,0.4971413951799756
2011-12-18,0.5393975482725009
2011-12-19,0.43858288699545855
2011-12-20,0.4958442331588063
2011-12-21,0.4659857557995612
2011-12-22,0.5247981241295168
2011-12-23,0.5651876233925595
2011-12-24,0.5451950291663451
2011-12-25,0.3917373959774035
2011-12-26,0.6098464327298817
2011-12-27,0.5199272387744545
2011-12-28,0.4637570463987261
2011-12-29,0.5078563959495475
2011-12-30,0.5062274877017594
2011-12-31,0.4614943224090095
2012-01-01,0.502152883283617
2012-01-02,0.4593060215986374
2012-01-03,0.46688718055488215
2012-01-04,0.45022078859513254
2012-01-05,0.41033522877811596
2012-01-06,0.4867000076937805
2012-01-07,0.5061186487261754
2012-01-08,0.5000502081765972
2012-01-09,0.5127622561552769
2012-01-10,0.48545133552045194
2012-01-11,0.4400754981385309
2012-01-12,0.5061822783206674
2012-01-13,0.39382112874047526
2012-01-14,0.41417270724425975
2012-01-15,0.40851763149674764
2012-01-16,0.508264619258523
2012-01-17,0.4989489764531495
2012-01-18,0.4737368269131327
2012-01-19,0.5005450749341337
2012-01-20,0.40057717944580074
2012-01-21,0.4595802450565086
2012-01-22,0.43351808019994603
2012-01-23,0.479765064802398
2012-01-24,0.42932244948982484
2012-01-25,0.4135184543184333
2012-01-26,0.45751288529262235
2012-01-27,0.4719983823421935
2012-01-28,0.39251640773366303
2012-01-29,0.42064557485456483
2012-01-30,0.36856562721308556
2012-01-31,0.29439617339460844
2012-02-01,0.42715768459554343
2012-02-02,0.44544000436906356
2012-02-03,0.4259832994362671
2012-02-04,0.3133129110681677
2012-02-05,0.39118599797890763
2012-02-06,0.29577559973131734
2012-02-07,0.4731702102491838
2012-02-08,0.3484028367388493
2012-02-09,0.46352498773665357
2012-02-10,0.4461269393592656
2012-02-11,0.3519125672896482
2012-02-12,0.33844200337886665
2012-02-13,0.4107700174770514
2012-02-14,0.34923719239645995
2012-02-15,0.39481167866331257
2012-02-16,0.3638128073051705
2012-02-17,0.2971962080049348
2012-02-18,0.27306437501118686
2012-02-19,0.3942898347641138
2012-02-20,0.35328026416995206
2012-02-21,0.3521413459280916
2012-02-22,0.4130623331035858
2012-02-23,0.4354506308362605
2012-02-24,0.3616971699770385
2012-02-25,0.3568773038093351
2012-02-26,0.39753458792656465
2012-02-27,0.30333862777365017
2012-02-28,0.38103919952794557
2012-02-29,0.39621054281947127
2012-03-01,0.40140138392937674
2012-03-02,0.26936516290594414
2012-03-03,0.32698760606171684
2012-03-04,0.3200347654384314
2012-03-05,0.3678751494926606
2012-03-06,0.38589153583090385
2012-03-07,0.43570426783542
2012-03-08,0.3351761416581579
2012-03-09,0.33414296639325514
2012-03-10,0.4156441428298666
2012-03-11,0.3721703694822427
2012-03-12,0.4199473515706132
2012-03-13,0.3702669325696469
2012-03-14,0.29728317841610824
2012-03-15,0.28783399398338405
2012-03-16,0.2763093192711908
2012-03-17,0.3864253405120754
2012-03-18,0.4122338706136091
2012-03-19,0.4447970345565052
2012-03-20,0.39405285025706394
2012-03-21,0.4096520546136465
2012-03-22,0.32216585195462605
2012-03-23,0.29304652312871443
2012-03-24,0.39311611719880085
2012-03-25,0.3712852916457467
2012-03-26,0.35560690554371005
2012-03-27,0.369481072345697
2012-03-28,0.3661939988259267
2012-03-29,0.41419223203224953
2012-03-30,0.4147617804426371
2012-03-31,0.37727907551391376
2012-04-01,0.39245818629039136
2012-04-02,0.37601555349142995
2012-04-03,0.3274426781351436
2012-04-04,0.3885624370805525
2012-04-05,0.28128671916692466
2012-04-06,0.40402746801577594
2012-04-07,0.29197221447684724
2012-04-08,0.36639794184516217
2012-04-09,0.3103033192816945
2012-04-10,0.38072739540689765
2012-04-11,0.3519021561087493
2012-04-12,0.27444447259747373
2012-04-13,0.37584431409731395
2012-04-14,0.32658337887374184
2012-04-15,0.40024966349257385
2012-04-16,0.35701413494215345
2012-04-17,0.37751681226757566
2012-04-18,0.31070738074067583
2012-04-19,0.33000118648431687
2012-04-20,0.3374594785392487
2012-04-21,0.4041915156831638
2012-04-22,0.44623131048136555
2012-04-23,0.3231507178987232
2012-04-24,0.41833903688418106
2012-04-25,0.2571402355034784
2012-04-26,0.30708193155096164
2012-04-27,0.3200592465946312
2012-04-28,0.30161861772156506
2012-04-29,0.291349261303134
2012-04-30,0.39250162014441575
2012-05-01,0.36250925651064764
2012-05-02,0.3935814479674603
2012-05-03,0.4105705044974899
2012-05-04,0.390800141941739
2012-05-05,0.41191616685937693
2012-05-06,0.3770959561204944
2012-05-07,0.3228028523229061
2012-05-08,0.4366581028359832
2012-05-09,0.35596110144236204
2012-05-10,0.3403201609320775
2012-05-11,0.3799208045824896
2012-05-12,0.3449258209222004
2012-05-13,0.3714769438491336
2012-05-14,0.4113651545620965
2012-05-15,0.4134249029292584
2012-05-16,0.352992485257165
2012-05-17,0.37540515172053196
2012-05-18,0.455443196657149
2012-05-19,0.4285117989012124
2012-05-20,0.5094388297780506
2012-05-21,0.46671371869257616
2012-05-22,0.46697104394425787
2012-05-23,0.34243878463333854
2012-05-24,0.45212717739602243
2012-05-25,0.4134062705536284
2012-05-26,0.3906648440419888
2012-05-27,0.42879125980233573
2012-05-28,0.46985121807819596
2012-05-29,0.44985530753334435
2012-05-30,0.383135403866594
2012-05-31,0.4664490195285505
2012-06-01,0.39973461886993245
2012-06-02,0.4447563382956399
2012-06-03,0.42108244563071046
2012-06-04,0.42765329359087617
2012-06-05,0.47927360725355656
2012-06-06,0.3913341192286099
2012-06-07,0.5430026941043815
2012-06-08,0.35710384963466557
2012-06-09,0.42070534350357847
2012-06-10,0.4715445383567123
2012-06-11,0.4847087854307416
2012-06-12,0.4529416126915324
2012-06-13,0.45758064094072026
2012-06-14,0.48347417719423935
2012-06-15,0.45390067559252345
2012-06-16,0.5376309255807756
2012-06-17,0.5124665222425417
2012-06-18,0.516676229691446
2012-06-19,0.4272711118907006
2012-06-20,0.4741606992417331
2012-06-21,0.46566447594607757
2012-06-22,0.43297108014727076
2012-06-23,0.5038276967247071
2012-06-24,0.46150974022598884
2012-06-25,0.5237381998876425
2012-06-26,0.44003708690460386
2012-06-27,0.5820792646080215
2012-06-28,0.4538923175370924
2012-06-29,0.5122561663933243
2012-06-30,0.543465731553473
2012-07-01,0.477921313440674
2012-07-02,0.5516554237765171
2012-07-03,0.4501487919949976
2012-07-04,0.5867863974317072
2012-07-05,0.5174563143165419
2012-07-06,0.48949165621944335
2012-07-07,0.5069107909166102
2012-07-08,0.5648670154104147
2012-07-09,0.4977422232663119
2012-07-10,0.4920330489978975
2012-07-11,0.5209513074367829
2012-07-12,0.4756977448960943
2012-07-13,0.6280805224692304
2012-07-14,0.5112300943484646
2012-07-15,0.5836154405889027
2012-07-16,0.5549804270734107
2012-07-17,0.49773935361627447
2012-07-18,0.5491135368730423
2012-07-19,0.5910419858661472
2012-07-20,0.5448439928551481
2012-07-21,0.6163118420731447
2012-07-22,0.6101143111375623
2012-07-23,0.6073491365552592
2012-07-24,0.5407672123817832
2012-07-25,0.5120856952634982
2012-07-26,0.5377066237581278
2012-07-27,0.5804859731844149
2012-07-28,0.6002302417429208
2012-07-29,0.466607701778844
2012-07-30,0.5770036985717908
2012-07-31,0.5875139684904481
2012-08-01,0.5679088529653195
2012-08-02,0.6485020813123201
2012-08-03,0.6071548438981924
2012-08-04,0.6536773832479164
2012-08-05,0.579445583466226
2012-08-06,0.6391665646198449
2012-08-07,0.676067741915751
2012-08-08,0.6618928794491179
2012-08-09,0.5436663739099267
2012-08-10,0.5875257757549118
2012-08-11,0.5848577761490622
2012-08-12,0.6284549107868629
2012-08-13,0.6401552192668036
2012-08-14,0.5657069033501081
2012-08-15,0.6128255588088195
2012-08-16,0.5101869350194822
2012-08-17,0.6849972744198958
2012-08-18,0.5889645798847456
2012-08-19,0.6190258031972802
2012-08-20,0.6023649925624037
2012-08-21,0.6767288083180629
2012-08-22,0.4790966698782716
2012-08-23,0.6216501906005911
2012-08-24,0.618662191933701
2012-08-25,0.6027070025332111
2012-08-26,0.713098685884741
2012-08-27,0.5837818525196845
2012-08-28,0.6680611280692691
2012-08-29,0.6485685872417021
2012-08-30,0.6950777932228059
2012-08-31,0.5998491441555487
2012-09-01,0.5977274486540487
2012-09-02,0.6903068657225722
2012-09-03,0.6578567599306377
2012-09-04,0.560390676575071
2012-09-05,0.6116783576058006
2012-09-06,0.6589277223481002
2012-09-07,0.6824204130216438
2012-09-08,0.6074526388489151
2012-09-09,0.4965414375109787
2012-09-10,0.6692133087814186
2012-09-11,0.5827916380508958
2012-09-12,0.543653642378502
2012-09-13,0.5035743712044025
2012-09-14,0.6865167725042463
2012-09-15,0.6528324551151037
2012-09-16,0.6356592347112107
2012-09-17,0.7168902009451352
2012-09-18,0.6797584566457281
2012-09-19,0.7291166406709468
2012-09-20,0.5790303359906681
2012-09-21,0.6472609961924138
2012-09-22,0.5684301279177038
2012-09-23,0.6380297186703521
2012-09-24,0.6372567814414748
2012-09-25,0.6811626392009086
2012-09-26,0.6522101361601985
2012-09-27,0.6811578557122064
2012-09-28,0.6851706176173733
2012-09-29,0.7577117091661407
2012-09-30,0.6341226689216464
2012-10-01,0.6027141781400158
2012-10-02,0.6619029267320438
2012-10-03,0.6092738480650997
2012-10-04,0.7232307244559195
2012-10-05,0.6346724294654283
2012-10-06,0.6202110558694036
2012-10-07,0.6245366303015422
2012-10-08,0.6835919436863959
2012-10-09,0.639308621379167
2012-10-10,0.6145939102193296
2012-10-11,0.7293826641570398
2012-10-12,0.6027010962446386
2012-10-13,0.6466392943498778
2012-10-14,0.6767847751613565
2012-10-15,0.5618684684679318
2012-10-16,0.6666715025145694
2012-10-17,0.589084074340049
2012-10-18,0.6821175477329843
2012-10-19,0.5919430337274905
2012-10-20,0.6737697041293228
2012-10-21,0.693437346472231
2012-10-22,0.6801910245094402
2012-10-23,0.6486179043323012
2012-10-24,0.623379583301352
2012-10-25,0.6049762231521905
2012-10-26,0.7061618610323598
2012-10-27,0.5964089947632552
2012-10-28,0.5782651495309404
2012-10-29,0.6620830404930125
2012-10-30,0.5876657235698046
2012-10-31,0.5785895859718654
2012-11-01,0.5524953808463839
2012-11-02,0.599075991022337
2012-11-03,0.61759510765628
2012-11-04,0.6323587496092367
2012-11-05,0.6662071607284907
2012-11-06,0.6433892738439058
2012-11-07,0.6058686130549324
2012-11-08,0.6038360874527988
2012-11-09,0.6375536866002427
2012-11-10,0.6739410615910262
2012-11-11,0.6148623157185464
2012-11-12,0.5832919506317464
2012-11-13,0.5552754490034701
2012-11-14,0.5307976518629388
2012-11-15,0.6344800264271176
2012-11-16,0.628144118918319
2012-11-17,0.6261626104105794
2012-11-18,0.5888818728159242
2012-11-19,0.6636537495607177
2012-11-20,0.5670656057880277
2012-11-21,0.6369724649044758
2012-11-22,0.5851828962685937
2012-11-23,0.554587725209701
2012-11-24,0.612491812341031
2012-11-25,0.601182581664946
2012-11-26,0.5963609790681799
2012-11-27,0.5803645626806262
2012-11-28,0.5721716784381552
2012-11-29,0.6912286756608919
2012-11-30,0.6287453728952376
2012-12-01,0.6033757460103382
2012-12-02,0.5705062967927345
2012-12-03,0.612936900421681
2012-12-04,0.5861229372004702
2012-12-05,0.559159748575244
2012-12-06,0.540280465170306
2012-12-07,0.5490055514433216
2012-12-08,0.3921071481452142
2012-12-09,0.5587204912187362
2012-12-10,0.5213143796929265
2012-12-11,0.6229058648462362
2012-12-12,0.5417609271707039
2012-12-13,0.4788548232906798
2012-12-14,0.533306907194486
2012-12-15,0.4809821726975006
2012-12-16,0.5544360457659168
2012-12-17,0.542781374693461
2012-12-18,0.5735859531826347
2012-12-19,0.4836022335149131
2012-12-20,0.5222922206283959
2012-12-21,0.44978011696357156
2012-12-22,0.5505399937133509
2012-12-23,0.5388382788326226
2012-12-24,0.5351106150717277
2012-12-25,0.5078239016513358
2012-12-26,0.5259018862828517
2012-12-27,0.582798958838805
2012-12-28,0.4857452871479009
2012-12-29,0.5043502557621301
2012-12-30,0.4405304432975183
2012-12-31,0.4488440018365955
2013-01-01,0.4945703006343192
2013-01-02,0.5423019575244797
2013-01-03,0.4717207041703071
2013-01-04,0.47017296679949144
2013-01-05,0.4590639219577916
2013-01-06,0.45011584335814336
2013-01-07,0.4890546011582207
2013-01-08,0.39690311126458194
2013-01-09,0.5332813038530438
2013-01-10,0.4334406581429021
2013-01-11,0.500294259371014
2013-01-12,0.3981970758628792
2013-01-13,0.49264828289719576
2013-01-14,0.4903248654586338
2013-01-15,0.4734719199018513
2013-01-16,0.40208812465615507
2013-01-17,0.4618489745407878
2013-01-18,0.38779577243682534
2013-01-19,0.43190315581158983
2013-01-20,0.49362114411122493
2013-01-21,0.4796118979726404
2013-01-22,0.43818010673517493
2013-01-23,0.3863433323212936
2013-01-24,0.46504498434764807
2013-01-25,0.43143652124947324
2013-01-26,0.3121741440711116
2013-01-27,0.46506515879182997
2013-01-28,0.4224877167287
2013-01-29,0.48161022129432274
2013-01-30,0.36453569832711613
2013-01-31,0.2582995123650579
2013-02-01,0.42894892947359214
2013-02-02,0.4274581428160287
2013-02-03,0.3262574155755644
2013-02-04,0.35980349218940183
2013-02-05,0.5444538749198657
2013-02-06,0.38940462415878363
2013-02-07,0.4392535146635636
2013-02-08,0.36822181589524033
2013-02-09,0.2943183122324013
2013-02-10,0.38842917257665527
2013-02-11,0.38180102292794793
2013-02-12,0.37325759472431513
2013-02-13,0.38572135248029316
2013-02-14,0.4029008601376848
2013-02-15,0.38044833928282684
2013-02-16,0.32305382033084756
2013-02-17,0.4088970155455061
2013-02-18,0.2854870345732621
2013-02-19,0.278840278622274
2013-02-20,0.41675486150887725
2013-02-21,0.4036201547556637
2013-02-22,0.3739087487509359
2013-02-23,0.3055519808073747
2013-02-24,0.338511692121125
2013-02-25,0.35939009888654583
2013-02-26,0.2913907078299238
2013-02-27,0.3329301138893986
2013-02-28,0.40123276113719814
2013-03-01,0.43875514172295665
2013-03-02,0.34523106039814033
2013-03-03,0.40287978726796925
2013-03-04,0.26824492455023186
2013-03-05,0.39585336382788094
2013-03-06,0.321656886106131
2013-03-07,0.3762360282985191
2013-03-08,0.3475367947645764
2013-03-09,0.42504229179790787
2013-03-10,0.314438759468933
2013-03-11,0.3887218374338187
2013-03-12,0.3425894028463875
2013-03-13,0.34791525851867217
2013-03-14,0.34594631469381165
2013-03-15,0.31220675649756846
2013-03-16,0.3531799834288034
2013-03-17,0.3501903376680604
2013-03-18,0.3648660418795949
2013-03-19,0.3565541847718295
2013-03-20,0.391797311121514
2013-03-21,0.3976855565392655
2013-03-22,0.2986355024959201
2013-03-23,0.3943059389954457
2013-03-24,0.2912953292224305
2013-03-25,0.3797940484406635
2013-03-26,0.3812216260618088
2013-03-27,0.2545466537309222
2013-03-28,0.3546836870294868
2013-03-29,0.32657658337155565
2013-03-30,0.3120742383050205
2013-03-31,0.41761067443184674
2013-04-01,0.31748408563037406
2013-04-02,0.30999357941428857
2013-04-03,0.3542859117371291
2013-04-04,0.38501369064981616
2013-04-05,0.3439290433093813
2013-04-06,0.4096514176844442
2013-04-07,0.3782471445633533
2013-04-08,0.24319721151885382
2013-04-09,0.32608766902765224
2013-04-10,0.32496584128559114
2013-04-11,0.37756646507661556
2013-04-12,0.222941417686935
2013-04-13,0.48225981798227635
2013-04-14,0.38203072246008823
2013-04-15,0.36363616764778967
2013-04-16,0.4160262363263901
2013-04-17,0.4749284656388053
2013-04-18,0.40212316072085696
2013-04-19,0.4069084528792663
2013-04-20,0.36692591156752247
2013-04-21,0.3542801040026882
2013-04-22,0.3385726838908456
2013-04-23,0.32210370590014037
2013-04-24,0.3301459246663226
2013-04-25,0.29809630817261484
2013-04-26,0.3629978290713244
2013-04-27,0.28376479054265
2013-04-28,0.3787898784007872
2013-04-29,0.3687121503903964
2013-04-30,0.37919843945686077
2013-05-01,0.34710606289604046
2013-05-02,0.5284541965962294
2013-05-03,0.44405266520042924
2013-05-04,0.3152921672788767
2013-05-05,0.3906714124232025
2013-05-06,0.350172263285741
2013-05-07,0.331428535402822
2013-05-08,0.3167637902387459
2013-05-09,0.40702754261938034
2013-05-10,0.35303096411671936
2013-05-11,0.4372079995739705
2013-05-12,0.4402554776135487
2013-05-13,0.4610441822091769
2013-05-14,0.35154312018021716
2013-05-15,0.41977609650155323
2013-05-16,0.42950669941056224
2013-05-17,0.3760815116127717
2013-05-18,0.36313794854899384
2013-05-19,0.4841678263033132
2013-05-20,0.41706037159722686
2013-05-21,0.4395056975410875
2013-05-22,0.3686525899248654
2013-05-23,0.35086798883001985
2013-05-24,0.3854616710897449
2013-05-25,0.4098605412689731
2013-05-26,0.36500293387803473
2013-05-27,0.41989825234319106
2013-05-28,0.3381653819441977
2013-05-29,0.36881135685964106
2013-05-30,0.4606046563475398
2013-05-31,0.45951559986281504
2013-06-01,0.4120201577043882
2013-06-02,0.3830339668935789
2013-06-03,0.38487977142826557
2013-06-04,0.41993319388059075
2013-06-05,0.47318738308379465
2013-06-06,0.48975608978662
2013-06-07,0.42091635361643537
2013-06-08,0.39048353180015016
2013-06-09,0.4639809095596369
2013-06-10,0.4118571953283317
2013-06-11,0.42958044516591487
2013-06-12,0.5242292032419684
2013-06-13,0.5018059475190868
2013-06-14,0.4708453885404321
2013-06-15,0.4018581994097703
2013-06-16,0.47854169105756217
2013-06-17,0.523631931070339
2013-06-18,0.45425332885288844
2013-06-19,0.5431346525585582
2013-06-20,0.5427673849379296
2013-06-21,0.5638744149892854
2013-06-22,0.49851330525831267
2013-06-23,0.5151890725177204
2013-06-24,0.5591013925315351
2013-06-25,0.5133377052485805
2013-06-26,0.4684849596598087
2013-06-27,0.4737000921395364
2013-06-28,0.5106366981553835
2013-06-29,0.43676297843599254
2013-06-30,0.49670982026586097
2013-07-01,0.5612806908621935
2013-07-02,0.3994692990466044
2013-07-03,0.5883320769747451
2013-07-04,0.5702992234077382
2013-07-05,0.4937606202767312
2013-07-06,0.5464817680114769
2013-07-07,0.5220272658832972
2013-07-08,0.5859205703627117
2013-07-09,0.5760991449973298
2013-07-10,0.4594973973098848
2013-07-11,0.5613912579891776
2013-07-12,0.5242644578524291
2013-07-13,0.5411949555980435
2013-07-14,0.5031412288607089
2013-07-15,0.6294414547359233
2013-07-16,0.5965100138861518
2013-07-17,0.5099774979417255
2013-07-18,0.4826807419881662
2013-07-19,0.5325582153517163
2013-07-20,0.5759821919140296
2013-07-21,0.5686664869779056
2013-07-22,0.6216951827368822
2013-07-23,0.6008993799313862
2013-07-24,0.6122285022830773
2013-07-25,0.5824205876830955
2013-07-26,0.49892106751571896
2013-07-27,0.5608889995937346
2013-07-28,0.6259453930617372
2013-07-29,0.5726101255906332
2013-07-30,0.6025638770835647
2013-07-31,0.5636720914619832
2013-08-01,0.5302954733540055
2013-08-02,0.5777711861592215
2013-08-03,0.6015182123372823
2013-08-04,0.5553834018707984
2013-08-05,0.5784580472409049
2013-08-06,0.5453195278952003
2013-08-07,0.6502766680675806
2013-08-08,0.5815854191060822
2013-08-09,0.6709112308376717
2013-08-10,0.6766469721590755
2013-08-11,0.598063713185464
2013-08-12,0.5535697474056783
2013-08-13,0.5015426476294093
2013-08-14,0.5340496834000547
2013-08-15,0.5407418918680388
2013-08-16,0.6801067830003636
2013-08-17,0.618691253491148
2013-08-18,0.6340635181231804
2013-08-19,0.5052115557582997
2013-08-20,0.557949156800943
2013-08-21,0.6637814183897058
2013-08-22,0.6353106975672704
2013-08-23,0.6151204437826072
2013-08-24,0.6521952477385925
2013-08-25,0.7071787122195865
2013-08-26,0.6157352354261063
2013-08-27,0.6316168155953772
2013-08-28,0.6391011651440518
2013-08-29,0.750361429570098
2013-08-30,0.5270340173750794
2013-08-31,0.6673697491338638
2013-09-01,0.6286357811722829
2013-09-02,0.6638419566579115
2013-09-03,0.6037220668143963
2013-09-04,0.6351892923659869
2013-09-05,0.6742141373022391
2013-09-06,0.7952540997078887
2013-09-07,0.6809340114144182
2013-09-08,0.5990108916070378
2013-09-09,0.6210662529006902
2013-09-10,0.6203814440753739
2013-09-11,0.5540255139165936
2013-09-12,0.6280160726995504
2013-09-13,0.6818321215446964
2013-09-14,0.5821061235405192
2013-09-15,0.6988257151473847
2013-09-16,0.6713307948010404
2013-09-17,0.610727316698445
2013-09-18,0.640815740627682
2013-09-19,0.7282177289169025
2013-09-20,0.6853445002743114
2013-09-21,0.6494277101350195
2013-09-22,0.6373816308170552
2013-09-23,0.6533292887857084
2013-09-24,0.6240993962326935
2013-09-25,0.5445944820518043
2013-09-26,0.7520408376298401
2013-09-27,0.6577537487581808
2013-09-28,0.6699059742165554
2013-09-29,0.6470698878031382
2013-09-30,0.6131316616497231
2013-10-01,0.6404690891258961
2013-10-02,0.5696290078565077
2013-10-03,0.7632421743247422
2013-10-04,0.5874070861129731
2013-10-05,0.5972350172203309
2013-10-06,0.6264769140437829
2013-10-07,0.7125062026017167
2013-10-08,0.6483965224759464
2013-10-09,0.5853891807392184
2013-10-10,0.7093941692637155
2013-10-11,0.682665099615137
2013-10-12,0.672431336138549
2013-10-13,0.6806477027067704
2013-10-14,0.7638875626099677
2013-10-15,0.7526899687405915
2013-10-16,0.6083227102941088
2013-10-17,0.7230337077546294
2013-10-18,0.6601368181792295
2013-10-19,0.6650303751303264
2013-10-20,0.5545177109547137
2013-10-21,0.6296264048880859
2013-10-22,0.5964780187109723
2013-10-23,0.677455012665061
2013-10-24,0.6884986554679768
2013-10-25,0.5300728844181175
2013-10-26,0.6315083832912917
2013-10-27,0.6874768310113495
2013-10-28,0.6207845050937675
2013-10-29,0.6652677759914886
2013-10-30,0.6450308371104831
2013-10-31,0.6431757724428037
2013-11-01,0.6111098450514567
2013-11-02,0.5623924427885768
2013-11-03,0.5656543514798527
2013-11-04,0.6556717889489669
2013-11-05,0.6196147612894614
2013-11-06,0.6101187654302554
2013-11-07,0.5942177219164732
2013-11-08,0.5984864289977465
2013-11-09,0.6643914028788898
2013-11-10,0.5935503493511957
2013-11-11,0.5414933700793086
2013-11-12,0.6439310821192749
2013-11-13,0.5946749158645109
2013-11-14,0.6046277083601899
2013-11-15,0.681545458144918
2013-11-16,0.5982171648688167
2013-11-17,0.6117536178111833
2013-11-18,0.5363686705686116
2013-11-19,0.5823235396485831
2013-11-20,0.6217478327776995
2013-11-21,0.5114403163520524
2013-11-22,0.5971622956738571
2013-11-23,0.5900448170759092
2013-11-24,0.5849296697545158
2013-11-25,0.6325587206636576
2013-11-26,0.5952342668472587
2013-11-27,0.6502042364956393
2013-11-28,0.524386856744296
2013-11-29,0.5786063043782864
2013-11-30,0.5737558799549254
2013-12-01,0.5137716765733075
2013-12-02,0.6127310889871315
2013-12-03,0.6788127056844895
2013-12-04,0.559372894656705
2013-12-05,0.5831005653502297
2013-12-06,0.5596846052243671
2013-12-07,0.5173721848310963
2013-12-08,0.45959042104901715
2013-12-09,0.512901775099087
2013-12-10,0.47614026465085696
2013-12-11,0.628477468835047
2013-12-12,0.5350382389339532
2013-12-13,0.5210070278150684
2013-12-14,0.5802586061402832
2013-12-15,0.47720067180783043
2013-12-16,0.49242247308006487
2013-12-17,0.5316376199389189
2013-12-18,0.5771324211983965
2013-12-19,0.5482305753580818
2013-12-20,0.5330080729427836
2013-12-21,0.5219370934967053
2013-12-22,0.5354770473934551
2013-12-23,0.5229773650670804
2013-12-24,0.4588217502815014
2013-12-25,0.5100469111651474
2013-12-26,0.45147880879752567
2013-12-27,0.5066361305684174
2013-12-28,0.4759676029255885
2013-12-29,0.6243870777157678
2013-12-30,0.4928420390690043
2013-12-31,0.42204507160343374
2014-01-01,0.48297062544580666
2014-01-02,0.5130732174712779
2014-01-03,0.5682029426905109
2014-01-04,0.45249617326816066
2014-01-05,0.40028678548182944
2014-01-06,0.5176955274719076
2014-01-07,0.40527609307779605
2014-01-08,0.4499582214481389
2014-01-09,0.45635330074415675
2014-01-10,0.46323010038437074
2014-01-11,0.4986573079528248
2014-01-12,0.4275152916182527
2014-01-13,0.4455198137615458
2014-01-14,0.4560141174204385
2014-01-15,0.4617417141774969
2014-01-16,0.4567009094815419
2014-01-17,0.471171853822012
2014-01-18,0.4891405571556307
2014-01-19,0.4641730243489486
2014-01-20,0.4648297652389206
2014-01-21,0.3606656432817804
2014-01-22,0.4399323445664383
2014-01-23,0.4590590385175171
2014-01-24,0.4692126584674619
2014-01-25,0.3958499206528832
2014-01-26,0.3952379602381996
2014-01-27,0.3972286337118251
2014-01-28,0.4505200534167527
2014-01-29,0.4731817116413787
2014-01-30,0.3989262189046754
2014-01-31,0.46253281870620955
2014-02-01,0.4211687270145635
2014-02-02,0.4066656701238091
2014-02-03,0.4002217854649877
2014-02-04,0.4460590377128393
2014-02-05,0.4229718785732233
2014-02-06,0.5184764262488548
2014-02-07,0.3600943336948874
2014-02-08,0.42665989236515756
2014-02-09,0.3723734066844827
2014-02-10,0.35347773556701756
2014-02-11,0.3945378940905038
2014-02-12,0.4001191306280863
2014-02-13,0.5373620720086182
2014-02-14,0.3804801557712421
2014-02-15,0.3314452503712823
2014-02-16,0.39990466460293433
2014-02-17,0.2808557740900915
2014-02-18,0.3783577832091707
2014-02-19,0.38215941560124145
2014-02-20,0.41952585592105884
2014-02-21,0.4269502536202889
2014-02-22,0.3516000360592524
2014-02-23,0.3677937053136323
2014-02-24,0.33560119762429585
2014-02-25,0.3161243085304869
2014-02-26,0.38668014522766186
2014-02-27,0.3062022693607308
2014-02-28,0.3478848991997705
2014-03-01,0.3176311755135345
2014-03-02,0.39368695734558135
2014-03-03,0.4551268745154883
2014-03-04,0.29886852893943827
2014-03-05,0.2702298776273215
2014-03-06,0.3556099625750021
2014-03-07,0.3616536372610089
2014-03-08,0.3708573810144264
2014-03-09,0.33670556554699854
2014-03-10,0.34812857694465704
2014-03-11,0.37571704308275694
2014-03-12,0.40858632064345646
2014-03-13,0.25807809390324093
2014-03-14,0.33669203740019865
2014-03-15,0.3651808514193271
2014-03-16,0.30798612649359997
2014-03-17,0.4398812303625167
2014-03-18,0.32103353544782187
2014-03-19,0.35026429313682206
2014-03-20,0.37969868848301647
2014-03-21,0.3219458862968022
2014-03-22,0.2588380161970894
2014-03-23,0.3294345876200806
2014-03-24,0.4020841783742752
2014-03-25,0.3335564976945197
2014-03-26,0.30791297175371646
2014-03-27,0.3963961087891836
2014-03-28,0.33349597990186375
2014-03-29,0.32449334835706056
2014-03-30,0.35748530568495474
2014-03-31,0.3886055683778358
2014-04-01,0.46925371924887227
2014-04-02,0.39167423125306233
2014-04-03,0.4084931630562915
2014-04-04,0.3254358933855025
2014-04-05,0.2997180673114139
2014-04-06,0.3544494578819378
2014-04-07,0.35705685722812874
2014-04-08,0.29818214043719526
2014-04-09,0.34379629070780177
2014-04-10,0.3730238263391329
2014-04-11,0.3716180871560487
2014-04-12,0.37939666317485443
2014-04-13,0.3693575690532621
2014-04-14,0.33012898475187513
2014-04-15,0.33049729611946316
2014-04-16,0.29700028060573996
2014-04-17,0.4469845149574291
2014-04-18,0.35925834672240103
2014-04-19,0.34822514526594306
2014-04-20,0.31395180627167996
2014-04-21,0.5081392867874248
2014-04-22,0.3086960544799463
2014-04-23,0.3419669092055634
2014-04-24,0.3852884714656
2014-04-25,0.3956347546769774
2014-04-26,0.4146880043663603
2014-04-27,0.45837859479243304
2014-04-28,0.39455193496663676
2014-04-29,0.3177271407941795
2014-04-30,0.35900441828143675
2014-05-01,0.3886042600227349
2014-05-02,0.4780224801624949
2014-05-03,0.3061565962701981
2014-05-04,0.43764811754437366
2014-05-05,0.3880237265291778
2014-05-06,0.42246409719408184
2014-05-07,0.3770527859063954
2014-05-08,0.34164576228862836
2014-05-09,0.4229603470514849
2014-05-10,0.4198215272254784
2014-05-11,0.437419546659697
2014-05-12,0.3899011351180943
2014-05-13,0.3623573617826142
2014-05-14,0.31622310873273096
2014-05-15,0.4369764793739222
2014-05-16,0.4190784627006473
2014-05-17,0.35150128872477115
2014-05-18,0.37479786275380716
2014-05-19,0.38035385241694325
2014-05-20,0.33153635621150246
2014-05-21,0.36682319017524473
2014-05-22,0.3530648726759431
2014-05-23,0.3912082615617318
2014-05-24,0.3769992848978731
2014-05-25,0.33471136459513456
2014-05-26,0.5193434457473771
2014-05-27,0.4830175293271708
2014-05-28,0.3836396702716225
2014-05-29,0.4384347978158142
2014-05-30,0.44793234842476165
2014-05-31,0.48888036658759326
2014-06-01,0.3906837446407266
2014-06-02,0.48852752154654683
2014-06-03,0.4088546837942184
2014-06-04,0.37180348596922674
2014-06-05,0.4771682864672539
2014-06-06,0.5078817264255242
2014-06-07,0.5751383890670689
2014-06-08,0.3881718898448776
2014-06-09,0.48553471192036063
2014-06-10,0.4325438816699485
2014-06-11,0.4946610126351756
2014-06-12,0.384440921158555
2014-06-13,0.3973116873058691
2014-06-14,0.42415293176953633
2014-06-15,0.4694023517488116
2014-06-16,0.4359177993571104
2014-06-17,0.5034517837266347
2014-06-18,0.5243797430540599
2014-06-19,0.5055578251214913
2014-06-20,0.5590695024450616
2014-06-21,0.501479104854882
2014-06-22,0.4224063134147377
2014-06-23,0.5539883132043357
2014-06-24,0.4581342163346819
2014-06-25,0.5364889333794091
2014-06-26,0.5722333758770757
2014-06-27,0.5189616345024504
2014-06-28,0.42390100980846296
2014-06-29,0.4553804412078128
2014-06-30,0.5700099893783263
2014-07-01,0.49799720066853886
2014-07-02,0.5130106683519756
2014-07-03,0.5495491926931988
2014-07-04,0.5489966555765954
2014-07-05,0.5306888416875271
2014-07-06,0.508878808056864
2014-07-07,0.5062364572513618
2014-07-08,0.5673159932053436
2014-07-09,0.5546434644122233
2014-07-10,0.5166359334381447
2014-07-11,0.5861337529656268
2014-07-12,0.5280941447781012
2014-07-13,0.4944702183554218
2014-07-14,0.5016012889640334
2014-07-15,0.49309755946439204
2014-07-16,0.5308864220608396
2014-07-17,0.6086522700571825
2014-07-18,0.5091565132821554
2014-07-19,0.5612656349515148
2014-07-20,0.5214225923280926
2014-07-21,0.5436407427170233
2014-07-22,0.48353648089920637
2014-07-23,0.5503764823645177
2014-07-24,0.5540647820051848
2014-07-25,0.5930922148543574
2014-07-26,0.579550049689038
2014-07-27,0.5107543199034764
2014-07-28,0.6271508182684802
2014-07-29,0.5857014240279661
2014-07-30,0.5873290345112507
2014-07-31,0.5791503895550337
2014-08-01,0.5558981934199859
2014-08-02,0.5948285063489624
2014-08-03,0.6098452619820779
2014-08-04,0.5008230032765936
2014-08-05,0.5633055676164327
2014-08-06,0.5795453414743191
2014-08-07,0.607122952474089
2014-08-08,0.6559737572818394
2014-08-09,0.5596864128515242
2014-08-10,0.5753114872911371
2014-08-11,0.576489305889223
2014-08-12,0.5639158045278194
2014-08-13,0.5884782167604623
2014-08-14,0.6461916480507934
2014-08-15,0.5567418583447552
2014-08-16,0.6325740213849328
2014-08-17,0.5278049126288845
2014-08-18,0.58651639209647
2014-08-19,0.5997581411941574
2014-08-20,0.7015904619075098
2014-08-21,0.6056873143297564
2014-08-22,0.5109098182755959
2014-08-23,0.5225362623738241
2014-08-24,0.625654609125921
2014-08-25,0.6560773647022906
2014-08-26,0.6455601514843232
2014-08-27,0.6365268307525237
2014-08-28,0.6875842990827693
2014-08-29,0.6037763867695423
2014-08-30,0.6767473583973713
2014-08-31,0.5516078541431031
2014-09-01,0.5891285019633332
2014-09-02,0.5451513006021113
2014-09-03,0.6228484294806425
2014-09-04,0.6353244830455917
2014-09-05,0.64434868294029
2014-09-06,0.6427027573000531
2014-09-07,0.5941545354037279
2014-09-08,0.631902129287902
2014-09-09,0.5673819035715382
2014-09-10,0.7112135982511795
2014-09-11,0.628626368903194
2014-09-12,0.6200762763324374
2014-09-13,0.7246376838758135
2014-09-14,0.5837054028168972
2014-09-15,0.5901222268932568
2014-09-16,0.592131037503395
2014-09-17,0.6440454137120234
2014-09-18,0.6694738039764543
2014-09-19,0.6852854119407424
2014-09-20,0.7772668754737667
2014-09-21,0.5365169046800738
2014-09-22,0.6797025761213256
2014-09-23,0.6216423066345139
2014-09-24,0.6203668166853701
2014-09-25,0.6188433509250613
2014-09-26,0.6044934585627049
2014-09-27,0.7342137405283833
2014-09-28,0.6921134773111237
2014-09-29,0.6511250742248524
2014-09-30,0.7174382893103024
2014-10-01,0.574138864908391
2014-10-02,0.583063489399677
2014-10-03,0.5404894628123424
2014-10-04,0.6141619590279286
2014-10-05,0.6569182577479276
2014-10-06,0.6536328031597198
2014-10-07,0.6555695119120921
2014-10-08,0.5771182309595098
2014-10-09,0.6873537076714424
2014-10-10,0.6586586271377987
2014-10-11,0.6827677823491631
2014-10-12,0.5508714793982235
2014-10-13,0.6604355335881182
2014-10-14,0.5847812055849686
2014-10-15,0.623569061361218
2014-10-16,0.669376722376093
2014-10-17,0.6463941384268671
2014-10-18,0.5984014097023189
2014-10-19,0.6403892421326594
2014-10-20,0.5625544867746977
2014-10-21,0.695659062952411
2014-10-22,0.6268549972529875
2014-10-23,0.6919795691331625
2014-10-24,0.6086180460930339
2014-10-25,0.6076184025486034
2014-10-26,0.5944007871596133
2014-10-27,0.6751924523562902
2014-10-28,0.5946468953430165
2014-10-29,0.6610443653621286
2014-10-30,0.608349943845665
2014-10-31,0.5272945958505908
2014-11-01,0.5961598905655477
2014-11-02,0.5642660722772206
2014-11-03,0.6234259950352203
2014-11-04,0.5606837764424772
2014-11-05,0.6649406035492474
2014-11-06,0.6124905846429647
2014-11-07,0.6065324242946545
2014-11-08,0.6465404781611641
2014-11-09,0.6602411598582766
2014-11-10,0.6093076158561151
2014-11-11,0.5699865907669234
2014-11-12,0.5180500125366605
2014-11-13,0.5706162612059885
2014-11-14,0.5721973027511537
2014-11-15,0.6065194154745565
2014-11-16,0.5819878486794414
2014-11-17,0.6316910827578194
2014-11-18,0.5646656815699926
2014-11-19,0.5904549539234847
2014-11-20,0.6504709026771132
2014-11-21,0.6063002637418639
2014-11-22,0.5841181639336408
2014-11-23,0.5549080413469092
2014-11-24,0.5512037271393958
2014-11-25,0.5381701130831471
2014-11-26,0.5514619978156885
2014-11-27,0.6140839335150302
2014-11-28,0.5629719189593834
2014-11-29,0.5043214225483085
2014-11-30,0.6579410052884163
2014-12-01,0.5832326608183207
2014-12-02,0.49456916885690483
2014-12-03,0.5404865940298065
2014-12-04,0.5657675175223185
2014-12-05,0.6430791156014092
2014-12-06,0.5000530585206583
2014-12-07,0.6018534542942535
2014-12-08,0.6206027562877341
2014-12-09,0.5167577340001278
2014-12-10,0.5318625027554328
2014-12-11,0.4914569025634036
2014-12-12,0.5306206665761009
2014-12-13,0.5364734955502813
2014-12-14,0.5687834148050105
2014-12-15,0.5877974005016483
2014-12-16,0.4933608717492111
2014-12-17,0.42986775326518717
2014-12-18,0.5246317326634115
2014-12-19,0.5378231995980736
2014-12-20,0.5330627002012427
2014-12-21,0.5016975443594534
2014-12-22,0.521702859600312
2014-12-23,0.5886669602282311
2014-12-24,0.5294070724684726
2014-12-25,0.4890745288333347
2014-12-26,0.48015335088861466
2014-12-27,0.49408938553948856
2014-12-28,0.5818369980915337
2014-12-29,0.48825296110031396
2014-12-30,0.49384704103055344
2014-12-31,0.46814137136969913
2015-01-01,0.54462880385175
2015-01-02,0.5850971429266183
2015-01-03,0.507065397854453
2015-01-04,0.48610743845436893
2015-01-05,0.48124732584172214
2015-01-06,0.3576383374610702
2015-01-07,0.5115635715870206
2015-01-08,0.47847431432330434
2015-01-09,0.4906514275527438
2015-01-10,0.4311386633451899
2015-01-11,0.4449762411502524
2015-01-12,0.4411457589074145
2015-01-13,0.5102874255735369
2015-01-14,0.4377896432377543
2015-01-15,0.5583948324070463
2015-01-16,0.4733526716968987
2015-01-17,0.38558743206109747
2015-01-18,0.440521267010947
2015-01-19,0.4119575624585804
2015-01-20,0.33243136557245745
2015-01-21,0.5197503486247949
2015-01-22,0.4725780867191536
2015-01-23,0.4617440270124014
2015-01-24,0.4410357817539256
2015-01-25,0.36136658092995017
2015-01-26,0.40400906700486106
2015-01-27,0.4680227062152029
2015-01-28,0.3711383569330595
2015-01-29,0.2948991930826285
2015-01-30,0.4079439238802083
2015-01-31,0.4100468253234811
2015-02-01,0.42177290737706663
2015-02-02,0.4493058911576569
2015-02-03,0.4426712875674475
2015-02-04,0.42166695974492663
2015-02-05,0.46646955713820615
2015-02-06,0.3287366658258064
2015-02-07,0.4279346565686224
2015-02-08,0.4320817254305067
2015-02-09,0.33685534287104557
2015-02-10,0.32179855448233113
2015-02-11,0.3577841446184732
2015-02-12,0.3601744345319692
2015-02-13,0.42912436743073584
2015-02-14,0.3589605073708482
2015-02-15,0.345136760931457
2015-02-16,0.3556724418934879
2015-02-17,0.4405193926751212
2015-02-18,0.3836077910582309
2015-02-19,0.37239560021863854
2015-02-20,0.37429556183874635
2015-02-21,0.4428721578652221
2015-02-22,0.33931993067447686
2015-02-23,0.4410998205921336
2015-02-24,0.384432054100904
2015-02-25,0.36450646717210483
2015-02-26,0.4962304311553437
2015-02-27,0.3170995723006315
2015-02-28,0.35093195625001283
2015-03-01,0.3057683115502958
2015-03-02,0.4138258965578773
2015-03-03,0.4495148162347474
2015-03-04,0.44744406714983725
2015-03-05,0.42407823942949974
2015-03-06,0.3519732834527068
2015-03-07,0.342606698588629
2015-03-08,0.27636592705185786
2015-03-09,0.4608152680678058
2015-03-10,0.38160944579335165
2015-03-11,0.332743677312253
2015-03-12,0.4229676204605626
2015-03-13,0.30719230658115476
2015-03-14,0.37547011106290584
2015-03-15,0.3458589550077324
2015-03-16,0.3858187887181521
2015-03-17,0.3501440718148454
2015-03-18,0.28025763490369726
2015-03-19,0.35610774612068824
2015-03-20,0.4043407907346703
2015-03-21,0.3500493054441978
2015-03-22,0.38992242466676447
2015-03-23,0.2985908396822047
2015-03-24,0.34929911091443067
2015-03-25,0.3191757312793479
2015-03-26,0.38758372883190095
2015-03-27,0.35168707642714725
2015-03-28,0.38453840851984705
2015-03-29,0.4043869103474648
2015-03-30,0.3845934299578587
2015-03-31,0.36372397961157854
2015-04-01,0.30025742973667474
2015-04-02,0.350173120336846
2015-04-03,0.3238466446360829
2015-04-04,0.333531005499684
2015-04-05,0.3322847650723751
2015-04-06,0.3023366116618697
2015-04-07,0.25383143200844926
2015-04-08,0.3187006250890373
2015-04-09,0.3622299897992106
2015-04-10,0.2856490939818016
2015-04-11,0.35438252922872615
2015-04-12,0.4491956917211888
2015-04-13,0.4059621603090028
2015-04-14,0.43765649317140415
2015-04-15,0.37574872129854137
2015-04-16,0.4153233416547557
2015-04-17,0.3215475264747846
2015-04-18,0.32636881514033755
2015-04-19,0.22251078774881164
2015-04-20,0.41969868404641747
2015-04-21,0.4383725906620299
2015-04-22,0.33470359382372716
2015-04-23,0.3507117201660057
2015-04-24,0.3268035239667484
2015-04-25,0.38475678396363855
2015-04-26,0.4230380288707376
2015-04-27,0.2808595707099173
2015-04-28,0.3897159787257143
2015-04-29,0.3566950922065551
2015-04-30,0.3775213941358608
2015-05-01,0.3961623414807546
2015-05-02,0.36520105614856196
2015-05-03,0.37086752752112456
2015-05-04,0.36682553390537964
2015-05-05,0.4275438181412729
2015-05-06,0.40151056843898203
2015-05-07,0.39318169862505936
2015-05-08,0.3202198077403298
2015-05-09,0.3664877209207599
2015-05-10,0.4320334338871581
2015-05-11,0.39070152702890637
2015-05-12,0.4235429403664822
2015-05-13,0.48067405296498755
2015-05-14,0.4460927619443631
2015-05-15,0.40066573285194135
2015-05-16,0.37233453006866085
2015-05-17,0.272112940565175
2015-05-18,0.3933073002949949
2015-05-19,0.38739116822367203
2015-05-20,0.42520388753039295
2015-05-21,0.40001204865676615
2015-05-22,0.39373713754442197
2015-05-23,0.32286226563076836
2015-05-24,0.366935768356847
2015-05-25,0.4398941626785008
2015-05-26,0.5040093157755369
2015-05-27,0.415514223588429
2015-05-28,0.438981195026327
2015-05-29,0.47243763583077303
2015-05-30,0.38651439712368346
2015-05-31,0.44766677601319055
2015-06-01,0.3945894906571235
2015-06-02,0.4771634042719751
2015-06-03,0.4438201014021508
2015-06-04,0.45351919687672837
2015-06-05,0.40183152863059857
2015-06-06,0.47869542319994496
2015-06-07,0.5499785864520845
2015-06-08,0.39776256832798096
2015-06-09,0.43360077728394397
2015-06-10,0.46461431756802873
2015-06-11,0.4948133877087678
2015-06-12,0.42998808445564307
2015-06-13,0.3187986615836633
2015-06-14,0.5309061476360607
2015-06-15,0.5034794554446135
2015-06-16,0.38082448615969805
2015-06-17,0.4401206269419848
2015-06-18,0.5514441336175315
2015-06-19,0.5479687689821157
2015-06-20,0.5250621215959643
2015-06-21,0.47188215168412057
2015-06-22,0.4874005198723705
2015-06-23,0.4792731972711134
2015-06-24,0.5448040172784225
2015-06-25,0.44717588807037606
2015-06-26,0.453256682305109
2015-06-27,0.5466409633077302
2015-06-28,0.49649087769111844
2015-06-29,0.5702144173059916
2015-06-30,0.4702971556850433
2015-07-01,0.5037144169337373
2015-07-02,0.46291134236266857
2015-07-03,0.5119761059561976
2015-07-04,0.44025316562263817
2015-07-05,0.49236718002050683
2015-07-06,0.44749953337148035
2015-07-07,0.5565660411975415
2015-07-08,0.5602505189287601
2015-07-09,0.44045185133461534
2015-07-10,0.5961952207440661
2015-07-11,0.6568988936369613
2015-07-12,0.5368461698714065
2015-07-13,0.5049976140609083
2015-07-14,0.6807663534593519
2015-07-15,0.4760861763647579
2015-07-16,0.5455122462344778
2015-07-17,0.555947169771972
2015-07-18,0.6166686533563004
2015-07-19,0.5698287956569481
2015-07-20,0.5293253648200437
2015-07-21,0.5090969762611964
2015-07-22,0.5419474504861632
2015-07-23,0.5110570257750864
2015-07-24,0.5661413169846661
2015-07-25,0.5378680086595492
2015-07-26,0.49368411436178095
2015-07-27,0.6334312155698247
2015-07-28,0.5480572798948501
2015-07-29,0.5117794317680997
2015-07-30,0.5689964019280003
2015-07-31,0.5830280855226728
2015-08-01,0.49446272950214615
2015-08-02,0.6005207727178135
2015-08-03,0.5337079617511347
2015-08-04,0.6737192283034099
2015-08-05,0.6164416350875733
2015-08-06,0.5722976904890336
2015-08-07,0.5570560336735066
2015-08-08,0.5910598216073043
2015-08-09,0.6289129906605269
2015-08-10,0.5989348732027685
2015-08-11,0.59125807106471
2015-08-12,0.6069106985739405
2015-08-13,0.5756445949542299
2015-08-14,0.5904912407092422
2015-08-15,0.5051440111677215
2015-08-16,0.6598696131699081
2015-08-17,0.6278399131458886
2015-08-18,0.5759104997169108
2015-08-19,0.711169355272818
2015-08-20,0.6221983022814253
2015-08-21,0.567620250968633
2015-08-22,0.6638088630216641
2015-08-23,0.6423831185423503
2015-08-24,0.6436821290827974
2015-08-25,0.6041010416802151
2015-08-26,0.6493121447918617
2015-08-27,0.6150604109514188
2015-08-28,0.6572683917897787
2015-08-29,0.5355087251058663
2015-08-30,0.6103081574470712
2015-08-31,0.7193163532848332
2015-09-01,0.5960225208402209
2015-09-02,0.6053114554740432
2015-09-03,0.6141926275916328
2015-09-04,0.576897237114477
2015-09-05,0.528229569517551
2015-09-06,0.6280792697295152
2015-09-07,0.6473251731483975
2015-09-08,0.6387889180816299
2015-09-09,0.6350103089044316
2015-09-10,0.645204193037086
2015-09-11,0.6949497461256319
2015-09-12,0.6349982729881615
2015-09-13,0.6164865385992457
2015-09-14,0.6317614552499551
2015-09-15,0.6753689205826938
2015-09-16,0.7175433976739855
2015-09-17,0.6160317958385384
2015-09-18,0.6528389118460184
2015-09-19,0.6652195106316492
2015-09-20,0.5990382092625769
2015-09-21,0.6500093857507581
2015-09-22,0.5759821037979999
2015-09-23,0.5610463200761555
2015-09-24,0.6680248945244218
2015-09-25,0.6306382202712159
2015-09-26,0.6600459624841645
2015-09-27,0.6490927499477932
2015-09-28,0.6011786085272387
2015-09-29,0.6477025601987668
2015-09-30,0.5882324364352098
2015-10-01,0.7193139310734047
2015-10-02,0.5818002287232252
2015-10-03,0.6395985858736479
2015-10-04,0.5970191066317305
2015-10-05,0.6773543900807296
2015-10-06,0.6319183056990277
2015-10-07,0.6221690803780376
2015-10-08,0.6903311497653917
2015-10-09,0.6486675001246192
2015-10-10,0.6725094735226473
2015-10-11,0.5970487714499897
2015-10-12,0.5752687410813511
2015-10-13,0.6502213887502346
2015-10-14,0.6282271498061087
2015-10-15,0.6747569576114836
2015-10-16,0.6386630548111454
2015-10-17,0.6520932250758033
2015-10-18,0.5598092821942217
2015-10-19,0.7344974313041518
2015-10-20,0.6309191532852786
2015-10-21,0.6730250416744549
2015-10-22,0.5953146147168191
2015-10-23,0.6514525670312619
2015-10-24,0.5698023922715993
2015-10-25,0.6564005938819166
2015-10-26,0.6148114222722125
2015-10-27,0.6328432809684152
2015-10-28,0.6650171547159446
2015-10-29,0.5671875781803565
2015-10-30,0.5932479771984902
2015-10-31,0.6489589748995107
2015-11-01,0.7295866676822089
2015-11-02,0.6163173662622882
2015-11-03,0.6512876647473007
2015-11-04,0.6148555897332771
2015-11-05,0.7157541282513322
2015-11-06,0.529683294312354
2015-11-07,0.6201432762660587
2015-11-08,0.5324686695936826
2015-11-09,0.48671723462764693
2015-11-10,0.6251856561004894
2015-11-11,0.6155214955517616
2015-11-12,0.5925066464551562
2015-11-13,0.5996090445557607
2015-11-14,0.7579728867871123
2015-11-15,0.5882577859233707
2015-11-16,0.6247514107988474
2015-11-17,0.5648261931745532
2015-11-18,0.610076473885558
2015-11-19,0.5813953285133485
2015-11-20,0.5707456063807831
2015-11-21,0.6801539296541326
2015-11-22,0.645979289177287
2015-11-23,0.5918425958136304
2015-11-24,0.46765470017794364
2015-11-25,0.562650314568117
2015-11-26,0.7136637193250868
2015-11-27,0.5647675582458299
2015-11-28,0.6292272111266807
2015-11-29,0.6439071961149972
2015-11-30,0.5804807364282267
2015-12-01,0.525143319667654
2015-12-02,0.4431507222934199
2015-12-03,0.5967872008222964
2015-12-04,0.5194853982397193
2015-12-05,0.5666570335309259
2015-12-06,0.49296766445413265
2015-12-07,0.5397895413029471
2015-12-08,0.5523143876841707
2015-12-09,0.5616201283060702
2015-12-10,0.4899970743308249
2015-12-11,0.6031179123701587
2015-12-12,0.5109489843935187
2015-12-13,0.45457952124476675
2015-12-14,0.5303497439027198
2015-12-15,0.5350069924019499
2015-12-16,0.5387951466388805
2015-12-17,0.5963406266607418
2015-12-18,0.5138715297904275
2015-12-19,0.517165341881204
2015-12-20,0.4654325967553371
2015-12-21,0.5590588818792973
2015-12-22,0.5246807078210215
2015-12-23,0.4918933334459074
2015-12-24,0.415086629347075
2015-12-25,0.5799635598362444
2015-12-26,0.4437792435206083
2015-12-27,0.47301810295489094
2015-12-28,0.5179172255537986
2015-12-29,0.4375901001457906
2015-12-30,0.4201612693439328
2015-12-31,0.3860596707814779
2016-01-01,0.5257294836249347
2016-01-02,0.45984596795306737
2016-01-03,0.6308982500065513
2016-01-04,0.43225103998355513
2016-01-05,0.4333356330115654
2016-01-06,0.4485840283860885
2016-01-07,0.48646276112970316
2016-01-08,0.4482558265842477
2016-01-09,0.49985093571983213
2016-01-10,0.41778235354994353
2016-01-11,0.39511949917592903
2016-01-12,0.37178626876211673
2016-01-13,0.34802756797302614
2016-01-14,0.4308241840941551
2016-01-15,0.43921280068189644
2016-01-16,0.4202376993719886
2016-01-17,0.5115418549202412
2016-01-18,0.5083500921539527
2016-01-19,0.4278011691941731
2016-01-20,0.35245443340386157
2016-01-21,0.41144154621635376
2016-01-22,0.40742988991229934
2016-01-23,0.4022269130035339
2016-01-24,0.3978796535440253
2016-01-25,0.39779431457833264
2016-01-26,0.40886284318774585
2016-01-27,0.39415661253522544
2016-01-28,0.4341154838534652
2016-01-29,0.4395060946904095
2016-01-30,0.37376696991013103
2016-01-31,0.48068796932520885
2016-02-01,0.3659916214643014
2016-02-02,0.33198992829116414
2016-02-03,0.42982990052413883
2016-02-04,0.36785806276201444
2016-02-05,0.42275756127173925
2016-02-06,0.28450172481144653
2016-02-07,0.47232836291890706
2016-02-08,0.4343694776656789
2016-02-09,0.3238096297169083
2016-02-10,0.32300322872413556
2016-02-11,0.4786945461471304
2016-02-12,0.3563825114828366
2016-02-13,0.3497441518189824
2016-02-14,0.27638484184793954
2016-02-15,0.3704152765654388
2016-02-16,0.3748681479864289
2016-02-17,0.4203624308058842
2016-02-18,0.3130017009301602
2016-02-19,0.3053438118744543
2016-02-20,0.4023439685126221
2016-02-21,0.42860564471024987
2016-02-22,0.29822089944874297
2016-02-23,0.42940011036011605
2016-02-24,0.37578433122917043
2016-02-25,0.42711770322460285
2016-02-26,0.36767438818274933
2016-02-27,0.2437676509161622
2016-02-28,0.3610178751125618
2016-02-29,0.4203970644420599
2016-03-01,0.3215154970768817
2016-03-02,0.3456571211067913
2016-03-03,0.35514125290205506
2016-03-04,0.21790510777877584
2016-03-05,0.44542168561437934
2016-03-06,0.31579996346826145
2016-03-07,0.3852111873002015
2016-03-08,0.3546865345013054
2016-03-09,0.4210414947038966
2016-03-10,0.37764432867713155
2016-03-11,0.3448185624351658
2016-03-12,0.31115477779319106
2016-03-13,0.3950315444208788
2016-03-14,0.26081834652454355
2016-03-15,0.3861794527379314
2016-03-16,0.29837051119640806
2016-03-17,0.4154182125570907
2016-03-18,0.36039390462032095
2016-03-19,0.3841037720334078
2016-03-20,0.3556095664281329
2016-03-21,0.26354781383026044
2016-03-22,0.3078308557961406
2016-03-23,0.38423161745849227
2016-03-24,0.358734044901769
2016-03-25,0.40928418209194894
2016-03-26,0.3702762264659061
2016-03-27,0.3016996301678835
2016-03-28,0.3101981821535398
2016-03-29,0.35515837072795114
2016-03-30,0.23436585459689116
2016-03-31,0.4338401369433942
2016-04-01,0.37239976268906894
2016-04-02,0.4118528945893182
2016-04-03,0.2717040062944368
2016-04-04,0.41323973062765074
2016-04-05,0.4629078359523691
2016-04-06,0.28565444369628307
2016-04-07,0.3906778672506139
2016-04-08,0.3526165144373671
2016-04-09,0.2758362538407641
2016-04-10,0.3782426159977381
2016-04-11,0.3958624307475082
2016-04-12,0.3247530049129481
2016-04-13,0.41377524372813856
2016-04-14,0.27285415711244543
2016-04-15,0.2822100431829509
2016-04-16,0.3645756327776119
2016-04-17,0.35985509239005
2016-04-18,0.32363912363447966
2016-04-19,0.40087113214289716
2016-04-20,0.38790110738183264
2016-04-21,0.4052694096377919
2016-04-22,0.35725248371825363
2016-04-23,0.3946256430502131
2016-04-24,0.34334159123826374
2016-04-25,0.46948233610990486
2016-04-26,0.3273708808978706
2016-04-27,0.47450892366651676
2016-04-28,0.3722730781469844
2016-04-29,0.3030761300590886
2016-04-30,0.44161660892146953
2016-05-01,0.38090624750695273
2016-05-02,0.4186030751104248
2016-05-03,0.4387120882102431
2016-05-04,0.3959257857591094
2016-05-05,0.35096052819196577
2016-05-06,0.4309381906216558
2016-05-07,0.38380516916767304
2016-05-08,0.4197095990118406
2016-05-09,0.2794134471806256
2016-05-10,0.4111657842232021
2016-05-11,0.3586370756297759
2016-05-12,0.4750139448075316
2016-05-13,0.4253168258783778
2016-05-14,0.4080007032594183
2016-05-15,0.42219948824595743
2016-05-16,0.34986837772413315
2016-05-17,0.4828893809450394
2016-05-18,0.5032603139353604
2016-05-19,0.4253312533380341
2016-05-20,0.48722748843418323
2016-05-21,0.3812989805826341
2016-05-22,0.3719765338448795
2016-05-23,0.41598039725079733
2016-05-24,0.4378086625568669
2016-05-25,0.39851460015674695
2016-05-26,0.4472789022941334
2016-05-27,0.43791011545129055
2016-05-28,0.37489838921858093
2016-05-29,0.45299874480628105
2016-05-30,0.4725024859749972
2016-05-31,0.44018746185325003
2016-06-01,0.4915545875105082
2016-06-02,0.37537975932971945
2016-06-03,0.46199412728424794
2016-06-04,0.38244742318169217
2016-06-05,0.38763973730775025
2016-06-06,0.4141963987036432
2016-06-07,0.401055143920678
2016-06-08,0.4231889367292622
2016-06-09,0.4423264283240677
2016-06-10,0.4973508014255452
2016-06-11,0.44190744678483235
2016-06-12,0.38116889075231963
2016-06-13,0.5199500652526164
2016-06-14,0.42359964278465534
2016-06-15,0.46503584132879877
2016-06-16,0.4928258918779992
2016-06-17,0.4830155330613032
2016-06-18,0.530287925435295
2016-06-19,0.5020802776316561
2016-06-20,0.4376222943972572
2016-06-21,0.5921792576313292
2016-06-22,0.49553616069433026
2016-06-23,0.4810250167839042
2016-06-24,0.539164279547909
2016-06-25,0.5060192123458218
2016-06-26,0.5160886436128967
2016-06-27,0.6233181503967298
2016-06-28,0.48753497812054786
2016-06-29,0.4879847213331997
2016-06-30,0.5122822605513007
2016-07-01,0.5626077883839212
2016-07-02,0.4362812703754983
2016-07-03,0.415902717898756
2016-07-04,0.48739308753724647
2016-07-05,0.43761607866492075
2016-07-06,0.5006283121616999
2016-07-07,0.5495460367472409
2016-07-08,0.4824275446812225
2016-07-09,0.45815960462996913
2016-07-10,0.535494995401735
2016-07-11,0.577673024765351
2016-07-12,0.45230465514630874
2016-07-13,0.5805614438244998
2016-07-14,0.5828999114667986
2016-07-15,0.5922111779988533
2016-07-16,0.6078900668839591
2016-07-17,0.6595119685666595
2016-07-18,0.534037244469657
2016-07-19,0.5597356386133581
2016-07-20,0.535834273118192
2016-07-21,0.5591373837362595
2016-07-22,0.6380470616041582
2016-07-23,0.4964993267988994
2016-07-24,0.5230253340442937
2016-07-25,0.6372450508514974
2016-07-26,0.6216757514961831
2016-07-27,0.5547843237254472
2016-07-28,0.6179063720729022
2016-07-29,0.594470150776978
2016-07-30,0.65462323767434
2016-07-31,0.5855115454724356
2016-08-01,0.6352199950551535
2016-08-02,0.7181664357102797
2016-08-03,0.6180727455962429
2016-08-04,0.5927100177734813
2016-08-05,0.6284150392555475
2016-08-06,0.576050379279179
2016-08-07,0.7157065922617212
2016-08-08,0.6072770054661607
2016-08-09,0.5865629136207552
2016-08-10,0.5603315611705502
2016-08-11,0.6588531936133669
2016-08-12,0.6491969121574638
2016-08-13,0.5827838184806886
2016-08-14,0.638256200369095
2016-08-15,0.5357555032166461
2016-08-16,0.622148552883459
2016-08-17,0.6372211095224164
2016-08-18,0.7015990966830165
2016-08-19,0.5793065381253721
2016-08-20,0.555509798127276
2016-08-21,0.5762005939018897
2016-08-22,0.5556522827011404
2016-08-23,0.6907859976965349
2016-08-24,0.702820786663997
2016-08-25,0.6427981875004007
2016-08-26,0.6892130727467315
2016-08-27,0.6361692382364976
2016-08-28,0.6260003654213595
2016-08-29,0.6153499496433419
2016-08-30,0.6176890488255447
2016-08-31,0.5569858157947849
2016-09-01,0.648716108529069
2016-09-02,0.634573999003429
2016-09-03,0.6749055801128027
2016-09-04,0.6433197831508937
2016-09-05,0.6314734045772425
2016-09-06,0.5969725504439327
2016-09-07,0.6450218333496516
2016-09-08,0.6791660985426337
2016-09-09,0.5858851999403732
2016-09-10,0.6481813602321316
2016-09-11,0.6561727298610962
2016-09-12,0.6092874282726968
2016-09-13,0.6164249142489591
2016-09-14,0.6579321250331656
2016-09-15,0.5902710028321925
2016-09-16,0.6649351685594668
2016-09-17,0.6031245038116144
2016-09-18,0.7014443231865118
2016-09-19,0.765558496868433
2016-09-20,0.6059506873050213
2016-09-21,0.6759761897838382
2016-09-22,0.6131617400190245
2016-09-23,0.7017352828196983
2016-09-24,0.5865690368834942
2016-09-25,0.6739612800244892
2016-09-26,0.606338050453743
2016-09-27,0.6396493815055101
2016-09-28,0.5984140115396184
2016-09-29,0.6910050252307401
2016-09-30,0.6079162954513554
2016-10-01,0.677196958932815
2016-10-02,0.6321829480089602
2016-10-03,0.6434090674441497
2016-10-04,0.6562211267826962
2016-10-05,0.6103986406801607
2016-10-06,0.6586207720361428
2016-10-07,0.7241878007305345
2016-10-08,0.608291231249106
2016-10-09,0.7052677583895406
2016-10-10,0.7210199499502525
2016-10-11,0.6047018388263244
2016-10-12,0.5721082603937007
2016-10-13,0.6592675125894338
2016-10-14,0.6160648478504418
2016-10-15,0.7360886384024233
2016-10-16,0.6435798351390638
2016-10-17,0.6008684382895252
2016-10-18,0.5827176087728537
2016-10-19,0.6936265004914206
2016-10-20,0.609586494453286
2016-10-21,0.6393106382008215
2016-10-22,0.6838422091760193
2016-10-23,0.6107317128512955
2016-10-24,0.6315007605319246
2016-10-25,0.6317817060003788
2016-10-26,0.665549981347441
2016-10-27,0.6596556699849566
2016-10-28,0.6178089071786296
2016-10-29,0.6306550168039554
2016-10-30,0.6075038102689986
2016-10-31,0.5507949736088988
2016-11-01,0.6361015258652695
2016-11-02,0.7163404468927581
2016-11-03,0.5760182061916487
2016-11-04,0.5799903630333827
2016-11-05,0.5735079890784289
2016-11-06,0.6516418129687477
2016-11-07,0.6361701439816057
2016-11-08,0.6041189285336608
2016-11-09,0.5644116003626509
2016-11-10,0.6131654453263828
2016-11-11,0.5285173869754768
2016-11-12,0.6120900774006208
2016-11-13,0.6466341343879469
2016-11-14,0.5386065859932594
2016-11-15,0.522619278894858
2016-11-16,0.6762663287399909
2016-11-17,0.5647268631582962
2016-11-18,0.6501044045633213
2016-11-19,0.5835716472573788
2016-11-20,0.5811112621970476
2016-11-21,0.6090406759929032
2016-11-22,0.5408053206063459
2016-11-23,0.5894901541499252
2016-11-24,0.5616263049895418
2016-11-25,0.5124876689345821
2016-11-26,0.5931747453141363
2016-11-27,0.560900942180101
2016-11-28,0.5639588345951329
2016-11-29,0.5090244934647192
2016-11-30,0.6468044196492029
2016-12-01,0.6087520482018711
2016-12-02,0.6107868346004466
2016-12-03,0.5449509632588136
2016-12-04,0.47139036646136945
2016-12-05,0.6531045505580775
2016-12-06,0.5499965429261648
2016-12-07,0.5131884451381143
2016-12-08,0.569030527978012
2016-12-09,0.6040942230986075
2016-12-10,0.5421198371278189
2016-12-11,0.604722482027087
2016-12-12,0.5924529911932714
2016-12-13,0.4819818555307912
2016-12-14,0.4995987216676501
2016-12-15,0.5786425331442819
2016-12-16,0.3926033782859671
2016-12-17,0.518221186968972
2016-12-18,0.4516047630184101
2016-12-19,0.4967641257453124
2016-12-20,0.5030902022834434
2016-12-21,0.4975530357217399
2016-12-22,0.48528165720498617
2016-12-23,0.4554631815389086
2016-12-24,0.6223385134244211
2016-12-25,0.5985363419514799
2016-12-26,0.4444787124105611
2016-12-27,0.5791058375651779
2016-12-28,0.4774447220529834
2016-12-29,0.5012961319231745
2016-12-30,0.4890933519216665
2016-12-31,0.45669220391695364
2017-01-01,0.5362978973696919
2017-01-02,0.49082907191171876
2017-01-03,0.45814122210413566
2017-01-04,0.414178711992989
2017-01-05,0.43217392621440154
2017-01-06,0.39223702259267496
2017-01-07,0.4723771709442728
2017-01-08,0.40940104540548783
2017-01-09,0.4534337474234503
2017-01-10,0.5327041777796256
2017-01-11,0.5216619843786525
2017-01-12,0.45759243166475205
2017-01-13,0.45237339876075155
2017-01-14,0.548255543772609
2017-01-15,0.47784735676408036
2017-01-16,0.43298124206705796
2017-01-17,0.37564767581752034
2017-01-18,0.46423497947463643
2017-01-19,0.48361667769260386
2017-01-20,0.4081942253934212
2017-01-21,0.45198109736505504
2017-01-22,0.41690499637168243
2017-01-23,0.4235639787789884
2017-01-24,0.3060763564864574
2017-01-25,0.41710085379682427
2017-01-26,0.4744021325964069
2017-01-27,0.3921292306438568
2017-01-28,0.4241139773059333
2017-01-29,0.38150168893466047
2017-01-30,0.4351567868394967
2017-01-31,0.4041685766795243
2017-02-01,0.3659178819478298
2017-02-02,0.4774185703391418
2017-02-03,0.4551750701593414
2017-02-04,0.376447649537462
2017-02-05,0.42957457033736274
2017-02-06,0.429576165985772
2017-02-07,0.4328698690142184
2017-02-08,0.3141206623753037
2017-02-09,0.4472724119680821
2017-02-10,0.3665963027959683
2017-02-11,0.3753601099856705
2017-02-12,0.5233474818686243
2017-02-13,0.4047811155914522
2017-02-14,0.3686380630731585
2017-02-15,0.275989410090422
2017-02-16,0.45407598266472704
2017-02-17,0.31569513879895456
2017-02-18,0.33118620631150764
2017-02-19,0.36322822181940645
2017-02-20,0.44908973073391184
2017-02-21,0.4154405163379257
2017-02-22,0.36743253055311664
2017-02-23,0.38932184233676875
2017-02-24,0.34250815162731585
2017-02-25,0.37816809073689717
2017-02-26,0.3735483840294671
2017-02-27,0.41705473901243184
2017-02-28,0.4157487796304434
2017-03-01,0.39090166714135016
2017-03-02,0.3469379916748584
2017-03-03,0.40103904279911073
2017-03-04,0.35828237846204813
2017-03-05,0.30775858840684844
2017-03-06,0.34070435786757364
2017-03-07,0.3641507648657774
2017-03-08,0.4045323804919535
2017-03-09,0.34898413327807126
2017-03-10,0.29688158699374684
2017-03-11,0.3594018601760558
2017-03-12,0.3615033344219824
2017-03-13,0.36443089079690977
2017-03-14,0.4004839875199962
2017-03-15,0.40483109372863196
2017-03-16,0.3236122051550686
2017-03-17,0.3219968565568113
2017-03-18,0.3003189919394127
2017-03-19,0.38683836715492564
2017-03-20,0.4239511311537829
2017-03-21,0.3354125721918642
2017-03-22,0.3387957857296575
2017-03-23,0.42395127842287206
2017-03-24,0.3756791466945269
2017-03-25,0.37204647206671815
2017-03-26,0.2905666730153612
2017-03-27,0.3839711281669873
2017-03-28,0.3035445720140835
2017-03-29,0.2933114919050414
2017-03-30,0.3327294790585608
2017-03-31,0.32087840648981036
2017-04-01,0.33923244115093926
2017-04-02,0.2784520830106285
2017-04-03,0.398675018658279
2017-04-04,0.4073957873357093
2017-04-05,0.2539657666939409
2017-04-06,0.4006212517484763
2017-04-07,0.311581346014344
2017-04-08,0.3954097940521419
2017-04-09,0.34963562161985534
2017-04-10,0.3550371956091948
2017-04-11,0.3449273880345796
2017-04-12,0.41541579275806456
2017-04-13,0.2935000170891262
2017-04-14,0.3865843443886554
2017-04-15,0.4120143587499109
2017-04-16,0.3935627670251945
2017-04-17,0.47482077420760693
2017-04-18,0.33302045991945034
2017-04-19,0.408256651473979
2017-04-20,0.3560518599039653
2017-04-21,0.42403275990872413
2017-04-22,0.36302485569979803
2017-04-23,0.34510284055817386
2017-04-24,0.4309277165833444
2017-04-25,0.34221330465463
2017-04-26,0.29736188145894155
2017-04-27,0.34340170803490916
2017-04-28,0.40148032812194007
2017-04-29,0.4414536121168798
2017-04-30,0.37876911016186676
2017-05-01,0.4405210314489054
2017-05-02,0.30813812411753383
2017-05-03,0.35535611904221764
2017-05-04,0.3645992521941525
2017-05-05,0.37484459905898115
2017-05-06,0.3863572411507024
2017-05-07,0.4183129416645536
2017-05-08,0.3631763661728944
2017-05-09,0.3940514102178542
2017-05-10,0.38656055385650756
2017-05-11,0.3442718716924692
2017-05-12,0.38666512849453405
2017-05-13,0.3869794819890664
2017-05-14,0.3877537877168003
2017-05-15,0.3994719614075196
2017-05-16,0.4035740973986376
2017-05-17,0.38011178746327096
2017-05-18,0.46732752971307767
2017-05-19,0.3472115463504716
2017-05-20,0.3716588045820057
2017-05-21,0.5487545717274377
2017-05-22,0.35993264440666783
2017-05-23,0.3462464260788623
2017-05-24,0.45278544788853553
2017-05-25,0.31435794153020835
2017-05-26,0.40862679727708634
2017-05-27,0.529881887601447
2017-05-28,0.34756693187546267
2017-05-29,0.32796086964676213
2017-05-30,0.3543670137510353
2017-05-31,0.4765319743910788
2017-06-01,0.49016101834671705
2017-06-02,0.4106205091556406
2017-06-03,0.4727572263777097
2017-06-04,0.5104742248771293
2017-06-05,0.532711125940895
2017-06-06,0.43342617633154323
2017-06-07,0.33308456721588986
2017-06-08,0.40954478154583573
2017-06-09,0.4316937341128632
2017-06-10,0.4425461372800554
2017-06-11,0.44857242866968045
2017-06-12,0.5163949059873316
2017-06-13,0.5266680942622385
2017-06-14,0.4568704667691671
2017-06-15,0.5228961064866222
2017-06-16,0.48838213486251697
2017-06-17,0.4762603107842937
2017-06-18,0.5209061559147206
2017-06-19,0.4817427228739128
2017-06-20,0.5835783322370018
2017-06-21,0.41133059059201693
2017-06-22,0.46006094257281666
2017-06-23,0.482066083267283
2017-06-24,0.5129406429180289
2017-06-25,0.5569446894044757
2017-06-26,0.49490730560412144
2017-06-27,0.42759746799138393
2017-06-28,0.5434167443560536
2017-06-29,0.5416207043411666
2017-06-30,0.40936040198171025
2017-07-01,0.5088417849213284
2017-07-02,0.43210088035100225
2017-07-03,0.480947957597477
2017-07-04,0.4716084047201128
2017-07-05,0.5597754615299875
2017-07-06,0.5277113882465899
2017-07-07,0.4601415019029761
2017-07-08,0.5709682860067018
2017-07-09,0.4578106422726144
2017-07-10,0.5485338268395157
2017-07-11,0.49384531707001367
2017-07-12,0.5187694729456144
2017-07-13,0.5647633613111187
2017-07-14,0.5681070712328578
2017-07-15,0.6113553765688209
2017-07-16,0.5428533711568011
2017-07-17,0.5647338154818468
2017-07-18,0.5299549807803923
2017-07-19,0.563356553740604
2017-07-20,0.5786304971810198
2017-07-21,0.5541230491257491
2017-07-22,0.47121586961771866
2017-07-23,0.5803235958119766
2017-07-24,0.5843058915203443
2017-07-25,0.5343773302088708
2017-07-26,0.506454574347452
2017-07-27,0.6467348635915021
2017-07-28,0.5997585475615853
2017-07-29,0.5659553071062936
2017-07-30,0.5227578630669154
2017-07-31,0.5406953243600287
2017-08-01,0.6490679092008386
2017-08-02,0.5929489372290501
2017-08-03,0.5606384344938368
2017-08-04,0.6157280710449711
2017-08-05,0.5515727806221815
2017-08-06,0.6693565737033946
2017-08-07,0.6639482337303201
2017-08-08,0.5749447500212236
2017-08-09,0.5687760672804869
2017-08-10,0.4712093514869371
2017-08-11,0.5299131454554789
2017-08-12,0.5388640527681883
2017-08-13,0.6144110541007632
2017-08-14,0.5931219478909052
2017-08-15,0.5439165272565262
2017-08-16,0.5988418220065727
2017-08-17,0.6398501493009484
2017-08-18,0.6426245737008353
2017-08-19,0.5228639642188619
2017-08-20,0.6130142555432012
2017-08-21,0.5518049530995606
2017-08-22,0.6675671425738995
2017-08-23,0.6631604506262613
2017-08-24,0.5804874605965716
2017-08-25,0.5884850984829398
2017-08-26,0.6050849729375583
2017-08-27,0.5168316494709184
2017-08-28,0.6475543564784272
2017-08-29,0.6183596032790231
2017-08-30,0.6817173525228173
2017-08-31,0.5794554327121083
2017-09-01,0.604547222936205
2017-09-02,0.5612644316121768
2017-09-03,0.5874230157341958
2017-09-04,0.5795445085255534
2017-09-05,0.689407273598019
2017-09-06,0.6056191095067444
2017-09-07,0.6476229557457939
2017-09-08,0.6232160668087351
2017-09-09,0.5795788861939265
2017-09-10,0.6353926513895122
2017-09-11,0.674475748877802
2017-09-12,0.5848026978264421
2017-09-13,0.6862733690309278
2017-09-14,0.6039155365209702
2017-09-15,0.6227928574431814
2017-09-16,0.6739731389474997
2017-09-17,0.6147204146335998
2017-09-18,0.6501803815016441
2017-09-19,0.6329325681596134
2017-09-20,0.6554569277253031
2017-09-21,0.5302288413889298
2017-09-22,0.5580147445027213
2017-09-23,0.6804859244321506
2017-09-24,0.7016910276202075
2017-09-25,0.6044076069265275
2017-09-26,0.637786081189654
2017-09-27,0.6647345736055437
2017-09-28,0.6846261553799189
2017-09-29,0.5485036381024101
2017-09-30,0.6054633008244159
2017-10-01,0.6329697769737295
2017-10-02,0.6845448592838794
2017-10-03,0.7740542102201674
2017-10-04,0.6374330450722041
2017-10-05,0.5781410011579038
2017-10-06,0.6682158202191627
2017-10-07,0.7137208619898496
2017-10-08,0.6525966765897161
2017-10-09,0.6013448239681338
2017-10-10,0.6940147653498645
2017-10-11,0.6786868692026476
2017-10-12,0.5935569484384472
2017-10-13,0.6632407484575623
2017-10-14,0.6932985023717295
2017-10-15,0.7017529795722183
2017-10-16,0.638517009348599
2017-10-17,0.6230744363823187
2017-10-18,0.7014392754275021
2017-10-19,0.5786232273878352
2017-10-20,0.6600746577035461
2017-10-21,0.568617866859579
2017-10-22,0.6893208855333759
2017-10-23,0.6220423546672785
2017-10-24,0.6972263637513065
2017-10-25,0.6571807643092806
2017-10-26,0.5702227442685404
2017-10-27,0.701349839813303
2017-10-28,0.706376857062757
2017-10-29,0.6715868883590909
2017-10-30,0.5880133675933603
2017-10-31,0.6093748962370013
2017-11-01,0.6304928438656516
2017-11-02,0.5865453388845324
2017-11-03,0.7048214918493627
2017-11-04,0.6258581720998179
2017-11-05,0.481876975305249
2017-11-06,0.6323800146704033
2017-11-07,0.5963380014309186
2017-11-08,0.6082994853485618
2017-11-09,0.5918815851553121
2017-11-10,0.6488989265747216
2017-11-11,0.6627328822699369
2017-11-12,0.6190714071706795
2017-11-13,0.5860923557266432
2017-11-14,0.5990996825844824
2017-11-15,0.6002251735652235
2017-11-16,0.5571729321620054
2017-11-17,0.624261277562088
2017-11-18,0.6163091284591544
2017-11-19,0.6682935925061032
2017-11-20,0.6519764920585386
2017-11-21,0.5528362951385635
2017-11-22,0.6260201821691173
2017-11-23,0.5353176278204204
2017-11-24,0.615497380777788
2017-11-25,0.5526816311668291
2017-11-26,0.5251379804090363
2017-11-27,0.588068599658868
2017-11-28,0.438081719609662
2017-11-29,0.48198376191516673
2017-11-30,0.5583598070723494
2017-12-01,0.5690384272143064
2017-12-02,0.5441131018839392
2017-12-03,0.4812513834450188
2017-12-04,0.5169549188296162
2017-12-05,0.5750191477954726
2017-12-06,0.5821405068578734
2017-12-07,0.549817279059321
2017-12-08,0.6060321383057028
2017-12-09,0.5656080348714053
2017-12-10,0.5058995822341825
2017-12-11,0.5267686209595344
2017-12-12,0.46815968640703637
2017-12-13,0.5303939653813201
2017-12-14,0.5888932579116919
2017-12-15,0.5650301792158431
2017-12-16,0.598334472772442
2017-12-17,0.5105497094372728
2017-12-18,0.5904513128253555
2017-12-19,0.5109266044945913
2017-12-20,0.5916104608633992
2017-12-21,0.5143724172450103
2017-12-22,0.5482562885008315
2017-12-23,0.5840759822358411
2017-12-24,0.49807156865442764
2017-12-25,0.5160826911206221
2017-12-26,0.5670251746836914
2017-12-27,0.4933498418034975
2017-12-28,0.43137338245131696
2017-12-29,0.6019871109858355
2017-12-30,0.4687688266996544
2017-12-31,0.4976174385265302
2018-01-01,0.544905613661942
2018-01-02,0.4541100501963247
2018-01-03,0.43157539760399233
2018-01-04,0.4920950490217511
2018-01-05,0.3871998570047392
2018-01-06,0.45991072452938486
2018-01-07,0.4840179267392836
2018-01-08,0.45573673017845046
2018-01-09,0.3895392258900869
2018-01-10,0.5439079829093088
2018-01-11,0.46687391343003304
2018-01-12,0.530763882257971
2018-01-13,0.4437258225588879
2018-01-14,0.4102612172170174
2018-01-15,0.46526859675890386
2018-01-16,0.4385822087444742
2018-01-17,0.388060508773976
2018-01-18,0.518030531505775
2018-01-19,0.41103697791875804
2018-01-20,0.3477634823793261
2018-01-21,0.5038292623060191
2018-01-22,0.40986876032680375
2018-01-23,0.4023744041081583
2018-01-24,0.3421980800130744
2018-01-25,0.5152369983124816
2018-01-26,0.36145963811551896
2018-01-27,0.42662183245746815
2018-01-28,0.4671186750221904
2018-01-29,0.4403850709194104
2018-01-30,0.41415198742524945
2018-01-31,0.32991144364196134
2018-02-01,0.37239371719356684
2018-02-02,0.4201810138580124
2018-02-03,0.36936976598338167
2018-02-04,0.41686096073380996
2018-02-05,0.4387723253072302
2018-02-06,0.45083071013475884
2018-02-07,0.3394458393730263
2018-02-08,0.5086657599240062
2018-02-09,0.43531605214415797
2018-02-10,0.3949955432587994
2018-02-11,0.4477283358115667
2018-02-12,0.5097237828556108
2018-02-13,0.31775144150255885
2018-02-14,0.3766910547209503
2018-02-15,0.2673325457345488
2018-02-16,0.39422035259981125
2018-02-17,0.40122533443563974
2018-02-18,0.37940004571434555
2018-02-19,0.34706915822388407
2018-02-20,0.2757934153394791
2018-02-21,0.3954552011752268
2018-02-22,0.44809613024089534
2018-02-23,0.34435631636815667
2018-02-24,0.394530432722029
2018-02-25,0.29277819058762766
2018-02-26,0.39274219997518656
2018-02-27,0.34894712934113087
2018-02-28,0.3292689759783507
2018-03-01,0.3281846159702619
2018-03-02,0.3453747904505135
2018-03-03,0.3830695938642316
2018-03-04,0.2972726417124242
2018-03-05,0.34199854026411286
2018-03-06,0.35879515856316285
2018-03-07,0.3049724544499686
2018-03-08,0.44885485139246745
2018-03-09,0.31548576788286153
2018-03-10,0.323869676874053
2018-03-11,0.30764937852008906
2018-03-12,0.44575453677606103
2018-03-13,0.38278427078174654
2018-03-14,0.30766081141009183
2018-03-15,0.4091965096671357
2018-03-16,0.3633576834885952
2018-03-17,0.3656667005148338
2018-03-18,0.33510506704956394
2018-03-19,0.3144267842930534
2018-03-20,0.3683984306896273
2018-03-21,0.32391230708753055
2018-03-22,0.4417050954446625
2018-03-23,0.28714759531576795
2018-03-24,0.4272090926765239
2018-03-25,0.34466874438677536
2018-03-26,0.3650667850151028
2018-03-27,0.3916926130344881
2018-03-28,0.31848892428934966
2018-03-29,0.3932249204367211
2018-03-30,0.21469086512783744
2018-03-31,0.31416856600114795
2018-04-01,0.3041092855031379
2018-04-02,0.2878258641182865
2018-04-03,0.3399864614309477
2018-04-04,0.37029897101897247
2018-04-05,0.38646589032594697
2018-04-06,0.363742199325169
2018-04-07,0.31882310426074817
2018-04-08,0.3710118390942608
2018-04-09,0.3592722309957184
2018-04-10,0.4004012258019455
2018-04-11,0.39302910565221616
2018-04-12,0.35633315324242193
2018-04-13,0.31061676740731453
2018-04-14,0.3235448196603019
2018-04-15,0.3294583825235314
2018-04-16,0.34198244630236085
2018-04-17,0.3719883498709247
2018-04-18,0.3952265175620878
2018-04-19,0.35783547569353474
2018-04-20,0.36216263106605956
2018-04-21,0.3695277713410904
2018-04-22,0.3376140398292508
2018-04-23,0.3182270167691491
2018-04-24,0.2778522115242289
2018-04-25,0.3320339337017324
2018-04-26,0.39165544206735814
2018-04-27,0.33409848029162376
2018-04-28,0.3586383289212159
2018-04-29,0.3951732389081416
2018-04-30,0.399247116218174
2018-05-01,0.32063453547890164
2018-05-02,0.425899838014095
2018-05-03,0.4338867967508864
2018-05-04,0.3225355151909301
2018-05-05,0.3393807269505488
2018-05-06,0.44170705589550285
2018-05-07,0.37642471773217817
2018-05-08,0.27442781070882566
2018-05-09,0.3171159006335644
2018-05-10,0.37634821711408534
2018-05-11,0.33241423437279727
2018-05-12,0.37167727441678294
2018-05-13,0.39578226916810044
2018-05-14,0.4691205461686898
2018-05-15,0.3833612927670569
2018-05-16,0.4534175103466086
2018-05-17,0.4731645545204751
2018-05-18,0.47540727648211734
2018-05-19,0.4199233074799033
2018-05-20,0.30954285261355086
2018-05-21,0.4327976337864557
2018-05-22,0.46425220654680555
2018-05-23,0.40988080454257847
2018-05-24,0.5032908041422361
2018-05-25,0.461205612292274
2018-05-26,0.44880416163335013
2018-05-27,0.4769096769079135
2018-05-28,0.44148222054617753
2018-05-29,0.3024185689639291
2018-05-30,0.40436912627540095
2018-05-31,0.4914723973361231
2018-06-01,0.3935426153425106
2018-06-02,0.42507632374272
2018-06-03,0.38635479048250365
2018-06-04,0.5301575882616174
2018-06-05,0.5274184280903054
2018-06-06,0.4015494956334982
2018-06-07,0.4555230531188444
2018-06-08,0.4165640252781167
2018-06-09,0.48378117581119395
2018-06-10,0.48097723097109235
2018-06-11,0.4985506773007787
2018-06-12,0.47704609847619356
2018-06-13,0.6097169832472817
2018-06-14,0.41405796121486826
2018-06-15,0.3824416949622044
2018-06-16,0.4508445564958884
2018-06-17,0.39463559886315275
2018-06-18,0.4009558345589216
2018-06-19,0.4280643877521218
2018-06-20,0.43457832811053115
2018-06-21,0.4355202438342408
2018-06-22,0.5117304350496912
2018-06-23,0.46308257506071265
2018-06-24,0.4819922796515085
2018-06-25,0.5382583037743669
2018-06-26,0.45781110772685685
2018-06-27,0.48548165553146133
2018-06-28,0.519579048837948
2018-06-29,0.40679437600305834
2018-06-30,0.38720805950315035
2018-07-01,0.5263378580447534
2018-07-02,0.5362086859133652
2018-07-03,0.6173915192151995
2018-07-04,0.5246535948615942
2018-07-05,0.5602992124807918
2018-07-06,0.5120962473586809
2018-07-07,0.5392824130200307
2018-07-08,0.6103278299463103
2018-07-09,0.4233012925627544
2018-07-10,0.5527089501945516
2018-07-11,0.6413251870384608
2018-07-12,0.5511550380326065
2018-07-13,0.6220784720708409
2018-07-14,0.5105739938034101
2018-07-15,0.5429045481828361
2018-07-16,0.5486422912598041
2018-07-17,0.4385317183657402
2018-07-18,0.4934329555080975
2018-07-19,0.4994133056402658
2018-07-20,0.5977594986822196
2018-07-21,0.6026461967826736
2018-07-22,0.5776052159576691
2018-07-23,0.6049551958382161
2018-07-24,0.5578703470164856
2018-07-25,0.6284825875032445
2018-07-26,0.5711133482826841
2018-07-27,0.5758341084376408
2018-07-28,0.5619066403537438
2018-07-29,0.6116318825341994
2018-07-30,0.5585495663936432
2018-07-31,0.630607634641002
2018-08-01,0.5273309323257258
2018-08-02,0.5311200274492389
2018-08-03,0.6225391256001964
2018-08-04,0.5858163987545867
2018-08-05,0.569598119186842
2018-08-06,0.6388173088131479
2018-08-07,0.5659451362811804
2018-08-08,0.588263390866343
2018-08-09,0.6701709771355872
2018-08-10,0.6790731287120845
2018-08-11,0.6826120945465628
2018-08-12,0.5917312526693813
2018-08-13,0.6691866823006168
2018-08-14,0.5619859917245384
2018-08-15,0.5658381578911859
2018-08-16,0.49537723149858165
2018-08-17,0.6982267020135081
2018-08-18,0.5730336137512514
2018-08-19,0.6115208492744523
2018-08-20,0.5739112124709779
2018-08-21,0.6557302543646475
2018-08-22,0.6036990246810207
2018-08-23,0.5587122852869383
2018-08-24,0.6474719501220993
2018-08-25,0.5551008573624479
2018-08-26,0.5862780391966984
2018-08-27,0.524126863476183
2018-08-28,0.5595580421965174
2018-08-29,0.640928289082055
2018-08-30,0.5349817964892777
2018-08-31,0.5603186073791497
2018-09-01,0.6353849245420625
2018-09-02,0.6094103497094795
2018-09-03,0.7372393757068743
2018-09-04,0.7303384356301827
2018-09-05,0.5962124665181385
2018-09-06,0.6683890828644892
2018-09-07,0.6788782993525354
2018-09-08,0.6123802941006055
2018-09-09,0.5682750726696567
2018-09-10,0.6431927500826912
2018-09-11,0.6358782985439165
2018-09-12,0.6234024426050785
2018-09-13,0.6679335729025834
2018-09-14,0.6088651022445749
2018-09-15,0.5893421763678666
2018-09-16,0.6528931313144887
2018-09-17,0.667190727123018
2018-09-18,0.5894693913398483
2018-09-19,0.695071640148572
2018-09-20,0.5604644705013083
2018-09-21,0.6203601237293224
2018-09-22,0.6365984084532448
2018-09-23,0.6178763884972124
2018-09-24,0.6215789336601952
2018-09-25,0.7434856662185093
2018-09-26,0.6074432943462656
2018-09-27,0.7720596970840242
2018-09-28,0.6718216142835362
2018-09-29,0.6544902585515522
2018-09-30,0.6735773308427179
2018-10-01,0.776095133428821
2018-10-02,0.5997081992255047
2018-10-03,0.5931117900872732
2018-10-04,0.6110900215840939
2018-10-05,0.6500970316113308
2018-10-06,0.5618138601184693
2018-10-07,0.6487880344787442
2018-10-08,0.7318733272114248
2018-10-09,0.6542476207570876
2018-10-10,0.6314807953270994
2018-10-11,0.6146015658435449
2018-10-12,0.6897865758758064
2018-10-13,0.6028778289189431
2018-10-14,0.7357550200187486
2018-10-15,0.7393264648299911
2018-10-16,0.6546769980471608
2018-10-17,0.6404026542874519
2018-10-18,0.6916085747355172
2018-10-19,0.6938711776482461
2018-10-20,0.5978461066045246
2018-10-21,0.6107914415709659
2018-10-22,0.5699347001862305
2018-10-23,0.6553978773645399
2018-10-24,0.6671285961417782
2018-10-25,0.565113844598441
2018-10-26,0.6086238105308296
2018-10-27,0.5627557573303719
2018-10-28,0.5838746032291792
2018-10-29,0.6550234167404435
2018-10-30,0.5894186575112579
2018-10-31,0.6096342961532574
2018-11-01,0.5418558965979959
2018-11-02,0.631080369337338
2018-11-03,0.617990497233968
2018-11-04,0.5821938860118585
2018-11-05,0.6075936627764937
2018-11-06,0.6244269680577624
2018-11-07,0.5730024638263178
2018-11-08,0.5382326859543947
2018-11-09,0.7005912750789387
2018-11-10,0.5768829705088744
2018-11-11,0.6019104881829226
2018-11-12,0.6554607358087634
2018-11-13,0.7795106744620746
2018-11-14,0.5389422203304984
2018-11-15,0.6217365534226684
2018-11-16,0.5619168198905428
2018-11-17,0.5683753299046916
2018-11-18,0.5572964112157909
2018-11-19,0.5349887821272412
2018-11-20,0.5871444349548809
2018-11-21,0.5133949066656591
2018-11-22,0.6323456417692634
2018-11-23,0.5856154437768117
2018-11-24,0.6018225243758184
2018-11-25,0.5552029105075207
2018-11-26,0.557940444867229
2018-11-27,0.5884445277823651
2018-11-28,0.5136075443970769
2018-11-29,0.5516330189147624
2018-11-30,0.524253725567138
2018-12-01,0.5203878983530146
2018-12-02,0.45708712836056764
2018-12-03,0.6271895278548958
2018-12-04,0.523522573278854
2018-12-05,0.6136274841917775
2018-12-06,0.6064910343961709
2018-12-07,0.48632844961329447
2018-12-08,0.4937698874702121
2018-12-09,0.6737633316662288
2018-12-10,0.6308186620284474
2018-12-11,0.539217797963711
2018-12-12,0.5511716495882956
2018-12-13,0.5042585947535326
2018-12-14,0.554905862660643
2018-12-15,0.49490657994417014
2018-12-16,0.42661631826156776
2018-12-17,0.459616182301669
2018-12-18,0.524200960492173
2018-12-19,0.4640384540418615
2018-12-20,0.5146673334892268
2018-12-21,0.46173220264547443
2018-12-22,0.47377702368551705
2018-12-23,0.552978629341009
2018-12-24,0.5201169774654942
2018-12-25,0.5046800206777451
2018-12-26,0.54653020207691
2018-12-27,0.524030429667367
2018-12-28,0.5697461611391945
2018-12-29,0.47184379514083413
2018-12-30,0.4707753009901369
2018-12-31,0.4246241726600868
2019-01-01,0.4656562443207616
2019-01-02,0.5327732400980082
2019-01-03,0.5469681618782024
2019-01-04,0.527423442587344
2019-01-05,0.38714408357288793
2019-01-06,0.5284632890058145
2019-01-07,0.37984006235991086
2019-01-08,0.514140191225823
2019-01-09,0.44832254672082256
2019-01-10,0.499325750795802
2019-01-11,0.3950745883378429
2019-01-12,0.5177646580051923
2019-01-13,0.38347889776266464
2019-01-14,0.42083907075889776
2019-01-15,0.4019048193576952
2019-01-16,0.36165732241975923
2019-01-17,0.4516749600529684
2019-01-18,0.5348457744582474
2019-01-19,0.5754957501794593
2019-01-20,0.4446345909734179
2019-01-21,0.4932550233615296
2019-01-22,0.44668839301386276
2019-01-23,0.45770975847734924
2019-01-24,0.4133600268082121
2019-01-25,0.43794377025376124
2019-01-26,0.4528076027063257
2019-01-27,0.39477637197837007
2019-01-28,0.4176129439005181
2019-01-29,0.41637771831938214
2019-01-30,0.45845486889138254
2019-01-31,0.361693127974949
2019-02-01,0.41030284855154936
2019-02-02,0.5063912704085203
2019-02-03,0.46693147711202926
2019-02-04,0.4741519401783044
2019-02-05,0.40590674687537565
2019-02-06,0.41875544402905573
2019-02-07,0.45086661559880437
2019-02-08,0.47684623365160583
2019-02-09,0.2993619392723048
2019-02-10,0.329309185589761
2019-02-11,0.4587237117278678
2019-02-12,0.37760892646717276
2019-02-13,0.35610140709249927
2019-02-14,0.32524613749573567
2019-02-15,0.3585032936510104
2019-02-16,0.31446931179621807
2019-02-17,0.48751033597600724
2019-02-18,0.3802363488874555
2019-02-19,0.3768983096856631
2019-02-20,0.4076729749072876
2019-02-21,0.4248957754679663
2019-02-22,0.42261881387286165
2019-02-23,0.42758833635020743
2019-02-24,0.34098515873132834
2019-02-25,0.35629206601078767
2019-02-26,0.4083331295626741
2019-02-27,0.34224679114638323
2019-02-28,0.3671345419071347
2019-03-01,0.38614098625230864
2019-03-02,0.4043146236676832
2019-03-03,0.2750638799610943
2019-03-04,0.3986180842666477
2019-03-05,0.3501681039499197
2019-03-06,0.39624163300633974
2019-03-07,0.3987710002943034
2019-03-08,0.43941734436467333
2019-03-09,0.42583322426698916
2019-03-10,0.4246701056862413
2019-03-11,0.42874829196952613
2019-03-12,0.37039948165995273
2019-03-13,0.3567482637036136
2019-03-14,0.3981312658811909
2019-03-15,0.39048897929578774
2019-03-16,0.3378694369372385
2019-03-17,0.37304519989967233
2019-03-18,0.3505741041479563
2019-03-19,0.3092009382178994
2019-03-20,0.4160331628057146
2019-03-21,0.35392663071381464
2019-03-22,0.45330272685084994
2019-03-23,0.2693375370679316
2019-03-24,0.32256231539160846
2019-03-25,0.35186662866120894
2019-03-26,0.4069815531954933
2019-03-27,0.3700081933331257
2019-03-28,0.36552502674860904
2019-03-29,0.2936493115740819
2019-03-30,0.29222098803542285
2019-03-31,0.36629327567674014
2019-04-01,0.2821071261792733
2019-04-02,0.323907277222408
2019-04-03,0.375780069789188
2019-04-04,0.3018952589960491
2019-04-05,0.4316006885190719
2019-04-06,0.4128951786770436
2019-04-07,0.2735367775885103
2019-04-08,0.3059424550439029
2019-04-09,0.23876908402842906
2019-04-10,0.31446884927773777
2019-04-11,0.392501694334261
2019-04-12,0.3341145854326473
2019-04-13,0.37851927989617545
2019-04-14,0.2800756115378184
2019-04-15,0.396846613234528
2019-04-16,0.32999030160175713
2019-04-17,0.359194312605582
2019-04-18,0.35482407298603186
2019-04-19,0.296813984299689
2019-04-20,0.3037021750840464
2019-04-21,0.4107521795412619
2019-04-22,0.3833589133609521
2019-04-23,0.4169990817289687
2019-04-24,0.3818570181648898
2019-04-25,0.3739409333460363
2019-04-26,0.281697638470631
2019-04-27,0.3557257173555431
2019-04-28,0.3691594647723262
2019-04-29,0.46950703445115394
2019-04-30,0.40756047300197384
2019-05-01,0.45141423717268053
2019-05-02,0.4059237554861487
2019-05-03,0.3419541309356388
2019-05-04,0.38488421885935004
2019-05-05,0.39238375274581744
2019-05-06,0.3351947432496584
2019-05-07,0.3645480249652965
2019-05-08,0.37512835839756026
2019-05-09,0.46738096749845387
2019-05-10,0.28477967210315974
2019-05-11,0.45085728792282875
2019-05-12,0.34550870120063515
2019-05-13,0.325558499120443
2019-05-14,0.45500492246887575
2019-05-15,0.4344788920401677
2019-05-16,0.4625163554870293
2019-05-17,0.44176164379591465
2019-05-18,0.506684043101386
2019-05-19,0.4336217696578483
2019-05-20,0.39988344119934416
2019-05-21,0.42690270938232866
2019-05-22,0.47400566857342574
2019-05-23,0.37496539355134606
2019-05-24,0.38346718151190373
2019-05-25,0.40276593348900663
2019-05-26,0.31516135283744345
2019-05-27,0.42949456176849804
2019-05-28,0.33050729278558133
2019-05-29,0.4297120595803268
2019-05-30,0.4725905616556827
2019-05-31,0.4077701729415376
2019-06-01,0.517777975856768
2019-06-02,0.36322490403364155
2019-06-03,0.49815964025924786
2019-06-04,0.47471831132187586
2019-06-05,0.35754214280386915
2019-06-06,0.5812826553425622
2019-06-07,0.4449708888241908
2019-06-08,0.40671452655853646
2019-06-09,0.38267958412042513
2019-06-10,0.44449217572599115
2019-06-11,0.4515950551006204
2019-06-12,0.46558245251778135
2019-06-13,0.4480568651166592
2019-06-14,0.4971154149711629
2019-06-15,0.44859037105086674
2019-06-16,0.373750860668941
2019-06-17,0.46556693735868293
2019-06-18,0.3572050653905563
2019-06-19,0.4958186520065885
2019-06-20,0.43172276186797964
2019-06-21,0.491419166677537
2019-06-22,0.5515232366036498
2019-06-23,0.44095459335157833
2019-06-24,0.5440308213207373
2019-06-25,0.47187718671501144
2019-06-26,0.5837869740692085
2019-06-27,0.4804513198067857
2019-06-28,0.4592664002579687
2019-06-29,0.5382346885538348
2019-06-30,0.48466384846949656
2019-07-01,0.4669595158984178
2019-07-02,0.4877159793498296
2019-07-03,0.5119501858634299
2019-07-04,0.5838578576304954
2019-07-05,0.42260783934490725
2019-07-06,0.5230239124855016
2019-07-07,0.5556662316734774
2019-07-08,0.5366374166084245
2019-07-09,0.5949941919407118
2019-07-10,0.5283108708280402
2019-07-11,0.5253182784252941
2019-07-12,0.5666698044228055
2019-07-13,0.544515514656769
2019-07-14,0.5225141643658577
2019-07-15,0.5703141248703397
2019-07-16,0.5143396414795414
2019-07-17,0.5188524147327113
2019-07-18,0.5254421458123298
2019-07-19,0.6219105176177844
2019-07-20,0.3956053769813105
2019-07-21,0.5788184832366169
2019-07-22,0.5631169845323526
2019-07-23,0.4797065280335277
2019-07-24,0.5815641566093734
2019-07-25,0.592173603617845
2019-07-26,0.6001558877189495
2019-07-27,0.4403495029140545
2019-07-28,0.6435057426095889
2019-07-29,0.5405225234181351
2019-07-30,0.6139378945619485
2019-07-31,0.618839754815212
2019-08-01,0.5401035350805605
2019-08-02,0.6190888378032253
2019-08-03,0.5688931257982525
2019-08-04,0.48667475051683035
2019-08-05,0.6506797862708865
2019-08-06,0.555562174038562
2019-08-07,0.5535835338485809
2019-08-08,0.5781201601795246
2019-08-09,0.6138214158983993
2019-08-10,0.599252490880446
2019-08-11,0.6313955302684057
2019-08-12,0.5388630731896431
2019-08-13,0.5705322185298558
2019-08-14,0.6036337794968964
2019-08-15,0.7060776662602235
2019-08-16,0.6072093972091139
2019-08-17,0.6688444051016624
2019-08-18,0.6181603646442704
2019-08-19,0.5936645463899287
2019-08-20,0.6070912083616694
2019-08-21,0.6125510063466982
2019-08-22,0.652662994664924
2019-08-23,0.6926836931874129
2019-08-24,0.6433728642971117
2019-08-25,0.6861412425400464
2019-08-26,0.5799088385809904
2019-08-27,0.6087397937667849
2019-08-28,0.5945408210960149
2019-08-29,0.6477240601397731
2019-08-30,0.6152606791354527
2019-08-31,0.6708645404619458
2019-09-01,0.5889532847670804
2019-09-02,0.6387422431801965
2019-09-03,0.6719804394595211
2019-09-04,0.535378469576933
2019-09-05,0.7456901550222068
2019-09-06,0.6263746077003208
2019-09-07,0.5401621758247546
2019-09-08,0.6501589319306645
2019-09-09,0.644724322893224
2019-09-10,0.6397129535694697
2019-09-11,0.694080137930955
2019-09-12,0.6825629160249624
2019-09-13,0.6607115390455511
2019-09-14,0.668909364292187
2019-09-15,0.641724131274919
2019-09-16,0.7362135252589994
2019-09-17,0.5739324215766863
2019-09-18,0.6552842222456458
2019-09-19,0.6519183411584574
2019-09-20,0.6896525476933418
2019-09-21,0.6070731027938594
2019-09-22,0.5623152051432988
2019-09-23,0.6575287249347184
2019-09-24,0.6638934819486854
2019-09-25,0.724411912575486
2019-09-26,0.5864693964819563
2019-09-27,0.7077332992962646
2019-09-28,0.7683359934983398
2019-09-29,0.6309992573098286
2019-09-30,0.5852182021986734
2019-10-01,0.6292500276475549
2019-10-02,0.6500880977906459
2019-10-03,0.6773220797844386
2019-10-04,0.6192635949207875
2019-10-05,0.72624980097047
2019-10-06,0.5923758006086952
2019-10-07,0.5607108149041741
2019-10-08,0.7025314917551074
2019-10-09,0.5329461996655385
2019-10-10,0.6359085798322277
2019-10-11,0.8013936447381282
2019-10-12,0.644258813000232
2019-10-13,0.5881310850460333
2019-10-14,0.6405653507994461
2019-10-15,0.6401184380132969
2019-10-16,0.649871955131727
2019-10-17,0.6740915577992657
2019-10-18,0.5881200259050527
2019-10-19,0.7235086552987192
2019-10-20,0.6504014073761267
2019-10-21,0.6734589005478899
2019-10-22,0.6046446019326136
2019-10-23,0.6992637372976143
2019-10-24,0.6209445815282789
2019-10-25,0.6464877521661818
2019-10-26,0.5847284519122805
2019-10-27,0.5802718718893335
2019-10-28,0.6632248590640157
2019-10-29,0.6052922222187598
2019-10-30,0.5834016064699536
2019-10-31,0.592516426853519
2019-11-01,0.6581691365812334
2019-11-02,0.5902789657909235
2019-11-03,0.614321416646093
2019-11-04,0.6193932360278722
2019-11-05,0.5211769333601018
2019-11-06,0.541855903763915
2019-11-07,0.6305597657341624
2019-11-08,0.5751943450968495
2019-11-09,0.6631487990086194
2019-11-10,0.6568869609569146
2019-11-11,0.6427069266600381
2019-11-12,0.6959073384233768
2019-11-13,0.598903448696392
2019-11-14,0.6336106391201345
2019-11-15,0.5700251439065406
2019-11-16,0.7199129297986852
2019-11-17,0.6944965277553273
2019-11-18,0.5939010339920208
2019-11-19,0.610600842012531
2019-11-20,0.6571738830123551
2019-11-21,0.5797630657773665
2019-11-22,0.552174059903682
2019-11-23,0.6265647845254881
2019-11-24,0.5846227380349273
2019-11-25,0.5876620635870957
2019-11-26,0.5345870744244191
2019-11-27,0.4881827251058263
2019-11-28,0.5836171965113243
2019-11-29,0.6147806427101362
2019-11-30,0.5559440638072596
2019-12-01,0.6367378148605096
2019-12-02,0.5273832241210696
2019-12-03,0.5074879756326008
2019-12-04,0.554487995576735
2019-12-05,0.5513290526660365
2019-12-06,0.5915498548932184
2019-12-07,0.5118802937359189
2019-12-08,0.6165951610946003
2019-12-09,0.6440840318238564
2019-12-10,0.541315163583674
2019-12-11,0.6032792446393332
2019-12-12,0.48547814073616613
2019-12-13,0.589561991959989
2019-12-14,0.5856520473785982
2019-12-15,0.5739375389897886
2019-12-16,0.5274558520329713
2019-12-17,0.3779815245651211
2019-12-18,0.4910599659170384
2019-12-19,0.48929601493275965
2019-12-20,0.4691184598318808
2019-12-21,0.5215774048444678
2019-12-22,0.49194654753455613
2019-12-23,0.4690897635320994
2019-12-24,0.454802942671097
2019-12-25,0.4693875924691521
2019-12-26,0.5586569640158706
2019-12-27,0.46694874726862606
2019-12-28,0.4716710612549636
2019-12-29,0.47200187750542566
2019-12-30,0.5092067256069844
2019-12-31,0.5124921104060776
2020-01-01,0.33487245322722553
2020-01-02,0.5356165060742675
2020-01-03,0.5537871949772845
2020-01-04,0.4268988573149282
2020-01-05,0.4282387646636149
2020-01-06,0.4517933589838653
2020-01-07,0.4339657925506831
2020-01-08,0.480430668717037
2020-01-09,0.36938550873143317
2020-01-10,0.40830270469727126
2020-01-11,0.5386568657413177
2020-01-12,0.41279527800248317
2020-01-13,0.5188990489730564
2020-01-14,0.47202872608106455
2020-01-15,0.36134616501673306
2020-01-16,0.48113802482169554
2020-01-17,0.44106521656390135
2020-01-18,0.4217679657539133
2020-01-19,0.45439834372206
2020-01-20,0.46350847589744415
2020-01-21,0.4728005507068854
2020-01-22,0.49399630349483514
2020-01-23,0.45317239437785745
2020-01-24,0.3616857549252569
2020-01-25,0.4045076511000726
2020-01-26,0.5730860842394363
2020-01-27,0.45992391144127026
2020-01-28,0.5399520239357434
2020-01-29,0.4890709283792131
2020-01-30,0.4292248066026447
2020-01-31,0.43006509004538984
2020-02-01,0.4110509569880871
2020-02-02,0.32390076616356134
2020-02-03,0.40963083210614104
2020-02-04,0.4672267153609798
2020-02-05,0.3747031551254146
2020-02-06,0.4233032157978427
2020-02-07,0.4433343595583188
2020-02-08,0.35334943520943474
2020-02-09,0.3743769416992667
2020-02-10,0.3441856764183962
2020-02-11,0.35214322632326434
2020-02-12,0.3270731300729606
2020-02-13,0.344665023486501
2020-02-14,0.45892697088540857
2020-02-15,0.340480277273702
2020-02-16,0.39091073692044453
2020-02-17,0.3578121846558363
2020-02-18,0.4403014483383305
2020-02-19,0.44535395160398045
2020-02-20,0.42147264025584275
2020-02-21,0.3920852446597762
2020-02-22,0.36377142920308536
2020-02-23,0.3143135039452658
2020-02-24,0.4697038803269816
2020-02-25,0.33320175537100144
2020-02-26,0.4030638641422029
2020-02-27,0.4215945228595347
2020-02-28,0.339625848663229
2020-02-29,0.4181034243968666
2020-03-01,0.40326602971910586
2020-03-02,0.45034611984869316
2020-03-03,0.33941347845086534
2020-03-04,0.297561105978519
2020-03-05,0.33559425969089546
2020-03-06,0.37036709280327745
2020-03-07,0.36193222766296873
2020-03-08,0.33848864707220183
2020-03-09,0.2618816496068647
2020-03-10,0.3800889258176699
2020-03-11,0.4544477563732651
2020-03-12,0.37835157125792207
2020-03-13,0.3849471876749496
2020-03-14,0.3825071970318919
2020-03-15,0.3731750822682717
2020-03-16,0.3993873278026635
2020-03-17,0.37209761154646953
2020-03-18,0.3362637251582382
2020-03-19,0.31171068023645954
2020-03-20,0.3387179858232765
2020-03-21,0.3665737887884406
2020-03-22,0.33480800252177473
2020-03-23,0.3661181881903482
2020-03-24,0.37219219351168636
2020-03-25,0.3917714698775566
2020-03-26,0.4141744731449654
2020-03-27,0.3539017599635143
2020-03-28,0.28462367294440627
2020-03-29,0.33281285305593683
2020-03-30,0.3523711710325748
2020-03-31,0.2585239880613367
2020-04-01,0.41993439074199845
2020-04-02,0.3578530989604187
2020-04-03,0.370079114338902
2020-04-04,0.4196092135272953
2020-04-05,0.3201912199580315
2020-04-06,0.38080987404962663
2020-04-07,0.347067811047906
2020-04-08,0.3438536029023804
2020-04-09,0.31498879801492613
2020-04-10,0.43746243118996714
2020-04-11,0.33603433054261134
2020-04-12,0.390452630060163
2020-04-13,0.2624419580783085
2020-04-14,0.4159472769899224
2020-04-15,0.41035632079602724
2020-04-16,0.36345753400630154
2020-04-17,0.3481206747487886
2020-04-18,0.38039141062498116
2020-04-19,0.4757959247150504
2020-04-20,0.2742006211459159
2020-04-21,0.4025106748645733
2020-04-22,0.3189157645436018
2020-04-23,0.36462818657477686
2020-04-24,0.35439739565164285
2020-04-25,0.34658225651408103
2020-04-26,0.36872079574096567
2020-04-27,0.31382012352862326
2020-04-28,0.42331069634392293
2020-04-29,0.28350546583711045
2020-04-30,0.40159940372862063
2020-05-01,0.3597200775646855
2020-05-02,0.3189730475927394
2020-05-03,0.3891471765817916
2020-05-04,0.3027250160972838
2020-05-05,0.3841382128241736
2020-05-06,0.3126235484043668
2020-05-07,0.4084803122973097
2020-05-08,0.3408821091886784
2020-05-09,0.36626699752124536
2020-05-10,0.405263836284184
2020-05-11,0.3537213573564947
2020-05-12,0.39126425850050783
2020-05-13,0.3203162909047091
2020-05-14,0.4294277687582556
2020-05-15,0.48803611064550756
2020-05-16,0.5413369898141362
2020-05-17,0.4082502003478371
2020-05-18,0.44509578485048584
2020-05-19,0.3186760263601267
2020-05-20,0.4848931068315401
2020-05-21,0.4506436373923354
2020-05-22,0.3897374875667894
2020-05-23,0.4779206506529259
2020-05-24,0.4054901303866358
2020-05-25,0.3974892336249813
2020-05-26,0.4463573876189979
2020-05-27,0.3716460029916176
2020-05-28,0.478140332153696
2020-05-29,0.37652658325257893
2020-05-30,0.37911125648257105
2020-05-31,0.3884376929270105
2020-06-01,0.474224950880373
2020-06-02,0.4077578381016698
2020-06-03,0.37356166928317236
2020-06-04,0.41305980522261465
2020-06-05,0.44414082185650816
2020-06-06,0.38910952891617084
2020-06-07,0.3930046722146018
2020-06-08,0.5585987605646062
2020-06-09,0.41246480691828147
2020-06-10,0.441813280281465
2020-06-11,0.44208832605083487
2020-06-12,0.44187883253933613
2020-06-13,0.49652148646386024
2020-06-14,0.5153790102076325
2020-06-15,0.45520134495438175
2020-06-16,0.4112110978115444
2020-06-17,0.5393009594516663
2020-06-18,0.4733630659021817
2020-06-19,0.5672038641249709
2020-06-20,0.3709718540534856
2020-06-21,0.49558964859158233
2020-06-22,0.5843223448087898
2020-06-23,0.47330480162322025
2020-06-24,0.48227199388258835
2020-06-25,0.5109028185454451
2020-06-26,0.47076915952244525
2020-06-27,0.4856874529306655
2020-06-28,0.48698201132449703
2020-06-29,0.47508229822936077
2020-06-30,0.5704748191148951
2020-07-01,0.534661873499842
2020-07-02,0.5267119240777441
2020-07-03,0.5571774014127575
2020-07-04,0.5060944349577138
2020-07-05,0.4831596886203344
2020-07-06,0.4942898367100505
2020-07-07,0.5270541399140639
2020-07-08,0.4765403480503889
2020-07-09,0.5070150864866357
2020-07-10,0.5087400184410187
2020-07-11,0.643281138563592
2020-07-12,0.40085907691250466
2020-07-13,0.5330536152095985
2020-07-14,0.6307916125317623
2020-07-15,0.5530582793469954
2020-07-16,0.5870821460047352
2020-07-17,0.5568331626555978
2020-07-18,0.5208903905486391
2020-07-19,0.44456039805514935
2020-07-20,0.5693113258502839
2020-07-21,0.5226230635922249
2020-07-22,0.5237332806871675
2020-07-23,0.5411284548536206
2020-07-24,0.655629074357444
2020-07-25,0.6909158032637771
2020-07-26,0.5838013029427248
2020-07-27,0.5519479108212797
2020-07-28,0.5185480377798193
2020-07-29,0.603036515301594
2020-07-30,0.6709313457843539
2020-07-31,0.5715713700102699
2020-08-01,0.46711603814798736
2020-08-02,0.6216702714346491
2020-08-03,0.6395135950562415
2020-08-04,0.5130004079752061
2020-08-05,0.6031386313725241
2020-08-06,0.6188695077922896
2020-08-07,0.5946180884809146
2020-08-08,0.560671033677763
2020-08-09,0.6529128725997296
2020-08-10,0.5838231967346108
2020-08-11,0.5315782333810801
2020-08-12,0.5051778127679092
2020-08-13,0.6724761091129364
2020-08-14,0.6420165004508449
2020-08-15,0.6172987014862582
2020-08-16,0.5925695600760413
2020-08-17,0.5897826854948988
2020-08-18,0.5640606458397246
2020-08-19,0.5978546473393979
2020-08-20,0.5149676311921317
2020-08-21,0.5856775250434594
2020-08-22,0.608406253991031
2020-08-23,0.6558828242723148
2020-08-24,0.6247910354342912
2020-08-25,0.6678944811562508
2020-08-26,0.6969280744631563
2020-08-27,0.6836644524976029
2020-08-28,0.6555273229649569
2020-08-29,0.633801732353463
2020-08-30,0.5853364931895575
2020-08-31,0.6725005729176669
2020-09-01,0.7205780636252084
2020-09-02,0.6547428458914288
2020-09-03,0.7345065657502701
2020-09-04,0.563330004252642
2020-09-05,0.5828240327053379
2020-09-06,0.684174246895976
2020-09-07,0.6554687475094875
2020-09-08,0.7087412583231572
2020-09-09,0.6430340905117571
2020-09-10,0.601121811158206
2020-09-11,0.6345110053433572
2020-09-12,0.5691835309481719
2020-09-13,0.5899720489400035
2020-09-14,0.6955642536427237
2020-09-15,0.691078353520478
2020-09-16,0.6660424367348783
2020-09-17,0.5622477624868272
2020-09-18,0.6307469308233737
2020-09-19,0.5877385329571094
2020-09-20,0.708092459354493
2020-09-21,0.6203127285849954
2020-09-22,0.5954001885907312
2020-09-23,0.6513217655938264
2020-09-24,0.617924219261373
2020-09-25,0.7241746943083961
2020-09-26,0.613258066083719
2020-09-27,0.580003862335752
2020-09-28,0.5422418258980767
2020-09-29,0.648225988052664
2020-09-30,0.6215022402733269
2020-10-01,0.5779426190964905
2020-10-02,0.7085940090968819
2020-10-03,0.6821955887841519
2020-10-04,0.6470789803162417
2020-10-05,0.716318728567641
2020-10-06,0.6807978741827445
2020-10-07,0.6060531754648193
2020-10-08,0.59471624302631
2020-10-09,0.6870141454985563
2020-10-10,0.6653279361010932
2020-10-11,0.6533483790467614
2020-10-12,0.6018445774374002
2020-10-13,0.6738326023390733
2020-10-14,0.6048835332875758
2020-10-15,0.6367401253843883
2020-10-16,0.7133256160106333
2020-10-17,0.6070338725329321
2020-10-18,0.5604817896832376
2020-10-19,0.58551833356399
2020-10-20,0.6868341395621822
2020-10-21,0.6487886287894057
2020-10-22,0.6285007615133994
2020-10-23,0.6083425117033552
2020-10-24,0.6568781218691643
2020-10-25,0.5889285132221264
2020-10-26,0.6454017316415713
2020-10-27,0.5922518653007233
2020-10-28,0.5825895944653781
2020-10-29,0.5942183891039213
2020-10-30,0.6059052216306742
2020-10-31,0.6207799911986791
2020-11-01,0.6335036486066605
2020-11-02,0.435785898654781
2020-11-03,0.5782593206261786
2020-11-04,0.5974658787928155
2020-11-05,0.6906653259630096
2020-11-06,0.5597457408526785
2020-11-07,0.6201856440594806
2020-11-08,0.6850640689313898
2020-11-09,0.5428981792470244
2020-11-10,0.6264472546354858
2020-11-11,0.5648051573610217
2020-11-12,0.5778262279690901
2020-11-13,0.561011001127276
2020-11-14,0.5626523273155487
2020-11-15,0.7333900415505712
2020-11-16,0.6375376387371104
2020-11-17,0.6483939053554425
2020-11-18,0.6158712048590935
2020-11-19,0.5088961636240178
2020-11-20,0.6068679395342346
2020-11-21,0.6386517441690356
2020-11-22,0.5401953232731893
2020-11-23,0.628967109088801
2020-11-24,0.6137291515975377
2020-11-25,0.6689026438184982
2020-11-26,0.553177181898316
2020-11-27,0.5169295269035838
2020-11-28,0.5514511351668
2020-11-29,0.6390129509192439
2020-11-30,0.47349604484046537
2020-12-01,0.4591602546202962
2020-12-02,0.5646929623274747
2020-12-03,0.5357200462978328
2020-12-04,0.5558450760923862
2020-12-05,0.6003170068882477
2020-12-06,0.5229999676331746
2020-12-07,0.45454015770732137
2020-12-08,0.64796226155844
2020-12-09,0.4934109505601535
2020-12-10,0.4878418675295095
2020-12-11,0.5934889949535579
2020-12-12,0.5165764588488183
2020-12-13,0.5301187343488836
2020-12-14,0.5549051811833096
2020-12-15,0.5824131616319848
2020-12-16,0.509020936968133
2020-12-17,0.5991439233953588
2020-12-18,0.4138018233802485
2020-12-19,0.5560205685825576
2020-12-20,0.4734888767162348
2020-12-21,0.5815082856410164
2020-12-22,0.5174225879618768
2020-12-23,0.47409768348302117
2020-12-24,0.5383052963944941
2020-12-25,0.54724142078374
2020-12-26,0.5320947061429359
2020-12-27,0.4459331845949731
2020-12-28,0.47063590207548694
2020-12-29,0.4920534080604407
2020-12-30,0.48761665334715115
2020-12-31,0.5245925539613042
2021-01-01,0.3837896837575556
2021-01-02,0.4986851459927752
2021-01-03,0.4649091164611786
2021-01-04,0.4349286460811622
2021-01-05,0.437181689484302
2021-01-06,0.46103911029761624
2021-01-07,0.28918006979673394
2021-01-08,0.4316472945097979
2021-01-09,0.42040834386679465
2021-01-10,0.48833616619870657
2021-01-11,0.4189299422443591
2021-01-12,0.4459719450593867
2021-01-13,0.5313756476846219
2021-01-14,0.5015271267369181
2021-01-15,0.49448513505805486
2021-01-16,0.4219549601530025
2021-01-17,0.471692932530884
2021-01-18,0.4304555990407792
2021-01-19,0.42997214108525866
2021-01-20,0.4579052267954791
2021-01-21,0.4052339816963894
2021-01-22,0.5074157539611007
2021-01-23,0.42246095238467535
2021-01-24,0.4591079522956163
2021-01-25,0.4987136914388674
2021-01-26,0.47528204715094363
2021-01-27,0.35104170376064314
2021-01-28,0.44154401901974905
2021-01-29,0.4596706727478906
2021-01-30,0.45958788766436875
2021-01-31,0.3572152172761987
2021-02-01,0.3779392351050176
2021-02-02,0.4584563812698118
2021-02-03,0.36860496919973856
2021-02-04,0.38970035203325665
2021-02-05,0.4814993563198515
2021-02-06,0.3983648447444171
2021-02-07,0.3624947502833656
2021-02-08,0.3530612170733055
2021-02-09,0.4117172174215113
2021-02-10,0.3265941062338735
2021-02-11,0.37908659606079065
2021-02-12,0.4063489733049028
2021-02-13,0.45291167787290076
2021-02-14,0.4196315327467144
2021-02-15,0.34888452006830045
2021-02-16,0.4418765882175708
2021-02-17,0.366382399609109
2021-02-18,0.31801068567132856
2021-02-19,0.36966707318562125
2021-02-20,0.44868697706192295
2021-02-21,0.383586408548376
2021-02-22,0.3745333323713171
2021-02-23,0.45438801850601385
2021-02-24,0.29961766390590944
2021-02-25,0.3056015910879218
2021-02-26,0.28782392068002266
2021-02-27,0.3860222828324997
2021-02-28,0.3745274543868243
2021-03-01,0.4421921879161532
2021-03-02,0.3761216819364448
2021-03-03,0.3426729437982354
2021-03-04,0.3619440504864113
2021-03-05,0.3667541183861686
2021-03-06,0.2763363520101536
2021-03-07,0.4945381735254617
2021-03-08,0.38415409279102464
2021-03-09,0.3678419379568573
2021-03-10,0.3873229752251433
2021-03-11,0.39130108144848563
2021-03-12,0.34811133507665115
2021-03-13,0.3229283549102392
2021-03-14,0.38385746604022275
2021-03-15,0.3726082908007241
2021-03-16,0.31230952450478855
2021-03-17,0.42328070805554924
2021-03-18,0.36656518545705136
2021-03-19,0.388001093850279
2021-03-20,0.42076271297130613
2021-03-21,0.35196175502414917
2021-03-22,0.36645975092712885
2021-03-23,0.3909026159590826
2021-03-24,0.31399163263666285
2021-03-25,0.3528150814563475
2021-03-26,0.35631215403557387
2021-03-27,0.30219846145540175
2021-03-28,0.4658943406354832
2021-03-29,0.2797033857222762
2021-03-30,0.2852628474778871
2021-03-31,0.41602375465537
2021-04-01,0.3861644772767017
2021-04-02,0.29943596246085646
2021-04-03,0.3813759233649723
2021-04-04,0.4247254126508473
2021-04-05,0.3501852085852995
2021-04-06,0.48204892250915476
2021-04-07,0.2663579266596008
2021-04-08,0.38774911894613207
2021-04-09,0.411924834216195
2021-04-10,0.3987494655859029
2021-04-11,0.34459154621410826
2021-04-12,0.34095734361482016
2021-04-13,0.3783995860062691
2021-04-14,0.3977355748380368
2021-04-15,0.38786943481229214
2021-04-16,0.41058872303110683
2021-04-17,0.30852430020234844
2021-04-18,0.34900286138812225
2021-04-19,0.31435559506484856
2021-04-20,0.3430568172867835
2021-04-21,0.41417035007658354
2021-04-22,0.36989582568755874
2021-04-23,0.4959670645472515
2021-04-24,0.3764617199650623
2021-04-25,0.3709827634329561
2021-04-26,0.37455319816561133
2021-04-27,0.33863824614951654
2021-04-28,0.3689598439186454
2021-04-29,0.4296020427526233
2021-04-30,0.3803097114935927
2021-05-01,0.3363738836972387
2021-05-02,0.331265061259181
2021-05-03,0.35651791346856526
2021-05-04,0.38426574215314974
2021-05-05,0.4418318485120056
2021-05-06,0.31674296172662064
2021-05-07,0.3694253941869783
2021-05-08,0.3943154768419518
2021-05-09,0.2971314099912369
2021-05-10,0.3488864527387062
2021-05-11,0.35835403596179494
2021-05-12,0.3543639397913957
2021-05-13,0.40560229321803487
2021-05-14,0.3898560081033556
2021-05-15,0.37202611523791795
2021-05-16,0.42312467774626744
2021-05-17,0.48984552889682514
2021-05-18,0.48764840364771156
2021-05-19,0.31156872140238184
2021-05-20,0.4386099997080185
2021-05-21,0.40293104765293564
2021-05-22,0.4216919269576197
2021-05-23,0.3961474589613453
2021-05-24,0.4240933657132603
2021-05-25,0.4279608625793109
2021-05-26,0.3936430534801744
2021-05-27,0.3799953505918754
2021-05-28,0.40462430980272157
2021-05-29,0.4410390370717565
2021-05-30,0.46156381305794447
2021-05-31,0.4765896312144317
2021-06-01,0.4115404478512222
2021-06-02,0.452788834542793
2021-06-03,0.4890865880991927
2021-06-04,0.5016235499766118
2021-06-05,0.44280129768395743
2021-06-06,0.4371115668524104
2021-06-07,0.4601449393581396
2021-06-08,0.39554857021475365
2021-06-09,0.44581260155720137
2021-06-10,0.49519471864377285
2021-06-11,0.49254753256298517
2021-06-12,0.4494332927096648
2021-06-13,0.4763400595197686
2021-06-14,0.4267393456694967
2021-06-15,0.5056736739422136
2021-06-16,0.4691439403343434
2021-06-17,0.4617813754744153
2021-06-18,0.4600439286573518
2021-06-19,0.4775430800371206
2021-06-20,0.4608572666851468
2021-06-21,0.5187266393275498
2021-06-22,0.46862785071417135
2021-06-23,0.5706162131965026
2021-06-24,0.5668071902233902
2021-06-25,0.45155005947320387
2021-06-26,0.5021941639381624
2021-06-27,0.4687582184664935
2021-06-28,0.4875403878746377
2021-06-29,0.6065747083329203
2021-06-30,0.49365342074907814
2021-07-01,0.5296192737388884
2021-07-02,0.541246577172994
2021-07-03,0.4667173824440906
2021-07-04,0.4765574528974279
2021-07-05,0.46156876096757465
2021-07-06,0.4801225152458863
2021-07-07,0.38446348239297534
2021-07-08,0.5567300535087164
2021-07-09,0.6347378293787698
2021-07-10,0.5419368874864176
2021-07-11,0.46623988410510775
2021-07-12,0.5074110047642
2021-07-13,0.5190907590286313
2021-07-14,0.49362768403035184
2021-07-15,0.5899751880601315
2021-07-16,0.5899242745524442
2021-07-17,0.49406925720972344
2021-07-18,0.5905111118318395
2021-07-19,0.6329968279594553
2021-07-20,0.6541664517599477
2021-07-21,0.7046639949766396
2021-07-22,0.51865041852327
2021-07-23,0.7072888389723334
2021-07-24,0.5506756846008269
2021-07-25,0.5410506533820537
2021-07-26,0.5892945248101942
2021-07-27,0.5460832053122164
2021-07-28,0.5973615656847033
2021-07-29,0.5136056478374228
2021-07-30,0.5698484356779259
2021-07-31,0.6482175010796091
2021-08-01,0.5832127756140917
2021-08-02,0.5952475771808645
2021-08-03,0.6140065397196021
2021-08-04,0.6508257714603822
2021-08-05,0.5115531865799022
2021-08-06,0.6255344095773571
2021-08-07,0.5848664966192741
2021-08-08,0.6085414743976202
2021-08-09,0.6551135199096714
2021-08-10,0.5442828514624534
2021-08-11,0.555205319443923
2021-08-12,0.5108800390657037
2021-08-13,0.5819756860247828
2021-08-14,0.6777049188462304
2021-08-15,0.6068706647061269
2021-08-16,0.5475770471358429
2021-08-17,0.5919486689763035
2021-08-18,0.5434543930872774
2021-08-19,0.5631681244808345
2021-08-20,0.6404129374613267
2021-08-21,0.5637870414015868
2021-08-22,0.6795848450687514
2021-08-23,0.62183280737128
2021-08-24,0.631067093800186
2021-08-25,0.6142296770820788
2021-08-26,0.6681137111346735
2021-08-27,0.6699139421952487
2021-08-28,0.6487545481916401
2021-08-29,0.6614480536898067
2021-08-30,0.6237714101142147
2021-08-31,0.6626135206941558
2021-09-01,0.6196968057404421
2021-09-02,0.6377491250170285
2021-09-03,0.6249114208606495
2021-09-04,0.6167476626897369
2021-09-05,0.6060766120582243
2021-09-06,0.6647986767015075
2021-09-07,0.7077845326424984
2021-09-08,0.7016072480780438
2021-09-09,0.5809794057508224
2021-09-10,0.7089807348549654
2021-09-11,0.6292827423727132
2021-09-12,0.6758543802516385
2021-09-13,0.601090815992494
2021-09-14,0.6540410494405237
2021-09-15,0.6631251419418422
2021-09-16,0.5736619828985913
2021-09-17,0.6787149968520604
2021-09-18,0.7159638599909335
2021-09-19,0.6402561301060308
2021-09-20,0.717274203206505
2021-09-21,0.6400141605905049
2021-09-22,0.6921668006821395
2021-09-23,0.5389034590401999
2021-09-24,0.7708708310687767
2021-09-25,0.7247604110603585
2021-09-26,0.6357673357477446
2021-09-27,0.5513608239647928
2021-09-28,0.6642889201012271
2021-09-29,0.5775690358196468
2021-09-30,0.6718414228440979
2021-10-01,0.6699661353802909
2021-10-02,0.6020625275839917
2021-10-03,0.704881682593409
2021-10-04,0.6887686094034116
2021-10-05,0.6968935832235265
2021-10-06,0.6481139576962585
2021-10-07,0.5764197671950562
2021-10-08,0.695570864836406
2021-10-09,0.6325964983190735
2021-10-10,0.576020581118093
2021-10-11,0.7124629589469443
2021-10-12,0.7491398436059707
2021-10-13,0.6413728175398263
2021-10-14,0.7506145351744375
2021-10-15,0.6464051945446393
2021-10-16,0.6219556134829665
2021-10-17,0.608552661614165
2021-10-18,0.7209853729365174
2021-10-19,0.5991384990881065
2021-10-20,0.67388266372655
2021-10-21,0.6080938801674344
2021-10-22,0.6119292923191185
2021-10-23,0.6853096866674097
2021-10-24,0.6136082841770366
2021-10-25,0.6111439868006223
2021-10-26,0.6867586880681792
2021-10-27,0.7086844584024518
2021-10-28,0.6597070538933396
2021-10-29,0.593354272063974
2021-10-30,0.5991451689899927
2021-10-31,0.6272172461823632
2021-11-01,0.6377773619473871
2021-11-02,0.5708108677192114
2021-11-03,0.6547937454925093
2021-11-04,0.6213200441425969
2021-11-05,0.5296268081006831
2021-11-06,0.5672995471487479
2021-11-07,0.5868393794719011
2021-11-08,0.6066696690025445
2021-11-09,0.7030105455195872
2021-11-10,0.6186570586492492
2021-11-11,0.5628801545628157
2021-11-12,0.6140894552989092
2021-11-13,0.5835621554522501
2021-11-14,0.6154831047130194
2021-11-15,0.6263228185070298
2021-11-16,0.6557763774947233
2021-11-17,0.59209268748263
2021-11-18,0.673219556897263
2021-11-19,0.6346101361709245
2021-11-20,0.5517480637774625
2021-11-21,0.695498046731094
2021-11-22,0.5992150226386489
2021-11-23,0.5389445505321356
2021-11-24,0.661157993666354
2021-11-25,0.6801895208377398
2021-11-26,0.5724150693380218
2021-11-27,0.5466275629985894
2021-11-28,0.560913792762747
2021-11-29,0.6029709876369468
2021-11-30,0.6288091716340921
2021-12-01,0.5911034069350295
2021-12-02,0.5653093588044853
2021-12-03,0.632750099451765
2021-12-04,0.539816857781025
2021-12-05,0.6045973852448028
2021-12-06,0.5362252950215524
2021-12-07,0.5697415971544002
2021-12-08,0.5400600554589232
2021-12-09,0.5404797557994507
2021-12-10,0.5219243977570069
2021-12-11,0.6055456958264618
2021-12-12,0.4991546129954665
2021-12-13,0.49627661432319176
2021-12-14,0.6368153532725482
2021-12-15,0.5771263847092046
2021-12-16,0.4064382866925688
2021-12-17,0.49488338613912264
2021-12-18,0.42999234893888927
2021-12-19,0.4704966720641399
2021-12-20,0.35853952130541455
2021-12-21,0.5060452409259186
2021-12-22,0.4532232730622828
2021-12-23,0.5107382129233121
2021-12-24,0.4239071787992852
2021-12-25,0.5067275960819785
2021-12-26,0.4792541860939823
2021-12-27,0.572515644836055
2021-12-28,0.5654046013438672
2021-12-29,0.5315243300670255
2021-12-30,0.4733489469465925
2021-12-31,0.5863742999523962
2022-01-01,0.40688298149089397
2022-01-02,0.4117908617869116
2022-01-03,0.4752190291885564
2022-01-04,0.5895555823464147
2022-01-05,0.4641890830292724
2022-01-06,0.46260373136304933
2022-01-07,0.3971388072141184
2022-01-08,0.5140082523128933
2022-01-09,0.511857897815576
2022-01-10,0.5011507658025658
2022-01-11,0.427745242727516
2022-01-12,0.42139229664926
2022-01-13,0.3896057037813072
2022-01-14,0.4560031758341927
2022-01-15,0.39535119859696016
2022-01-16,0.38807775641107967
2022-01-17,0.42335678272086663
2022-01-18,0.41769268030425105
2022-01-19,0.41287787517800684
2022-01-20,0.46074318945016757
2022-01-21,0.4390360512249529
2022-01-22,0.4183577972133838
2022-01-23,0.4396181057801492
2022-01-24,0.3786135719274005
2022-01-25,0.4311975986714892
2022-01-26,0.4312294830644193
2022-01-27,0.3463353159272945
2022-01-28,0.46908391198777566
2022-01-29,0.3730630177635076
2022-01-30,0.41951022651665576
2022-01-31,0.4711005460086964
2022-02-01,0.45707483484157985
2022-02-02,0.4104451389111751
2022-02-03,0.3885680375897666
2022-02-04,0.45206075029525317
2022-02-05,0.4364403147351865
2022-02-06,0.36983655626145245
2022-02-07,0.3590887748249756
2022-02-08,0.2933243258316501
2022-02-09,0.4027828430264336
2022-02-10,0.3891166194068133
2022-02-11,0.4482629629877409
2022-02-12,0.40764020122942224
2022-02-13,0.4546656465541512
2022-02-14,0.35138591733240815
2022-02-15,0.4414952925157897
2022-02-16,0.3565098033841514
2022-02-17,0.42023795457609847
2022-02-18,0.30685791714726374
2022-02-19,0.3900259061172061
2022-02-20,0.27754411993234174
2022-02-21,0.3619675317480414
2022-02-22,0.39592493884872515
2022-02-23,0.3464790087093159
2022-02-24,0.31866352482083193
2022-02-25,0.4121874702553565
2022-02-26,0.36344310473601765
2022-02-27,0.3429113411569629
2022-02-28,0.3682975940887814
2022-03-01,0.49688882664944345
2022-03-02,0.42162307056868126
2022-03-03,0.4210094851815921
2022-03-04,0.38363162279212215
2022-03-05,0.3691930110919776
2022-03-06,0.2401203012600408
2022-03-07,0.32507257398555855
2022-03-08,0.334131821225805
2022-03-09,0.2635969193533496
2022-03-10,0.29869398650044227
2022-03-11,0.25678870887302346
2022-03-12,0.3532228175669027
2022-03-13,0.39542871026471477
2022-03-14,0.40922365765535373
2022-03-15,0.3740619718781133
2022-03-16,0.3046342123993303
2022-03-17,0.25572566956118786
2022-03-18,0.264054148670827
2022-03-19,0.28806099687417236
2022-03-20,0.3067236836855263
2022-03-21,0.342879889066328
2022-03-22,0.29990393967157497
2022-03-23,0.36735004871718974
2022-03-24,0.33862101168669184
2022-03-25,0.3506397839010989
2022-03-26,0.4070472523365766
2022-03-27,0.29098980232955296
2022-03-28,0.3709477301164077
2022-03-29,0.3493693964730927
2022-03-30,0.3334937286137601
2022-03-31,0.3945752419134892
2022-04-01,0.3944518724647247
2022-04-02,0.3034096635354736
2022-04-03,0.3419034434169915
2022-04-04,0.36539347453018467
2022-04-05,0.3380480240640197
2022-04-06,0.381358844119815
2022-04-07,0.3666206180985158
2022-04-08,0.44468600827097693
2022-04-09,0.2770844606086548
2022-04-10,0.3480604710182709
2022-04-11,0.30938420697078034
2022-04-12,0.38568479048732895
2022-04-13,0.27533373294962804
2022-04-14,0.3742634860166767
2022-04-15,0.3262433414307572
2022-04-16,0.3218777351853856
2022-04-17,0.2871428878786512
2022-04-18,0.3371376130342525
2022-04-19,0.41558141818558136
2022-04-20,0.361103021914617
2022-04-21,0.39479332637959064
2022-04-22,0.4477287207496115
2022-04-23,0.3788118856308922
2022-04-24,0.3388514230024579
2022-04-25,0.39136078016310927
2022-04-26,0.34202924487788644
2022-04-27,0.3453075466276554
2022-04-28,0.2958570345565764
2022-04-29,0.419525515951259
2022-04-30,0.35531104930473273
2022-05-01,0.3851517824822059
2022-05-02,0.32572119585278136
2022-05-03,0.4008253895376317
2022-05-04,0.3424755085258522
2022-05-05,0.37506708565310193
2022-05-06,0.42765869535689943
2022-05-07,0.42495467369304596
2022-05-08,0.3859984722443515
2022-05-09,0.3004101467373762
2022-05-10,0.5402068953900594
2022-05-11,0.47964141146226175
2022-05-12,0.4302961997283393
2022-05-13,0.3583476268874047
2022-05-14,0.3922043804933511
2022-05-15,0.3726193988791447
2022-05-16,0.464919343373456
2022-05-17,0.4168169375571084
2022-05-18,0.36647738489263315
2022-05-19,0.38416955504926037
2022-05-20,0.4658157976447575
2022-05-21,0.4918371044971523
2022-05-22,0.4903507379886615
2022-05-23,0.45391321389117245
2022-05-24,0.4055826907787692
2022-05-25,0.2583148015092548
2022-05-26,0.43744864253803256
2022-05-27,0.4247222900409266
2022-05-28,0.43405819874976437
2022-05-29,0.43202094120057943
2022-05-30,0.3653008878762706
2022-05-31,0.4617926101899846
2022-06-01,0.4678607647061574
2022-06-02,0.4727135452806362
2022-06-03,0.4882903086801981
2022-06-04,0.4735463874654836
2022-06-05,0.4252414698135889
2022-06-06,0.4446163107035835
2022-06-07,0.45514497102898577
2022-06-08,0.4584189163149558
2022-06-09,0.5054039599075602
2022-06-10,0.4901488363712418
2022-06-11,0.5643173480692947
2022-06-12,0.5732701219220897
2022-06-13,0.4694366285961034
2022-06-14,0.27613908526105946
2022-06-15,0.5323406898373267
2022-06-16,0.4460161951918111
2022-06-17,0.43550475196767285
2022-06-18,0.4582078567125495
2022-06-19,0.45835562104137995
2022-06-20,0.5138646394370154
2022-06-21,0.4078476985711071
2022-06-22,0.4345059908254013
2022-06-23,0.508125936105001
2022-06-24,0.5246938665699833
2022-06-25,0.5282043162127308
2022-06-26,0.4593571365200302
2022-06-27,0.4523777670699923
2022-06-28,0.4785410243446733
2022-06-29,0.5184469725649135
2022-06-30,0.5833058600684967
2022-07-01,0.4092361125964805
2022-07-02,0.5031440746246627
2022-07-03,0.45011492901699346
2022-07-04,0.4367000927502104
2022-07-05,0.5702177118052224
2022-07-06,0.5516522806657432
2022-07-07,0.5494366636561987
2022-07-08,0.5755522254555857
2022-07-09,0.5080421924776647
2022-07-10,0.5129139747179159
2022-07-11,0.6463398579082679
2022-07-12,0.5272212711962238
2022-07-13,0.5787912069325867
2022-07-14,0.5448259999391915
2022-07-15,0.4545531296364538
2022-07-16,0.44717982214361507
2022-07-17,0.5228926359036162
2022-07-18,0.6070621221929645
2022-07-19,0.5960707776123972
2022-07-20,0.6047423997096724
2022-07-21,0.5120510848755266
2022-07-22,0.6445436755015503
2022-07-23,0.517833152643255
2022-07-24,0.5790272239597657
2022-07-25,0.5701563116556936
2022-07-26,0.5642472150505735
2022-07-27,0.6421158789316446
2022-07-28,0.5421538326440799
2022-07-29,0.5121292444386922
2022-07-30,0.5827858400914194
2022-07-31,0.5639470526471997
2022-08-01,0.754934986139779
2022-08-02,0.6219931616658699
2022-08-03,0.569776580722806
2022-08-04,0.5394871115351424
2022-08-05,0.5003000016609356
2022-08-06,0.5450472526986112
2022-08-07,0.6040205421693164
2022-08-08,0.6715760122117675
2022-08-09,0.6582004685409462
2022-08-10,0.6154469256153653
2022-08-11,0.589679158230951
2022-08-12,0.6210921548719993
2022-08-13,0.5835017332387434
2022-08-14,0.6971015014154812
2022-08-15,0.603440515066047
2022-08-16,0.6102663990062437
2022-08-17,0.5054414849540204
2022-08-18,0.6080757359356683
2022-08-19,0.6612516364656378
2022-08-20,0.5675858630962143
2022-08-21,0.5849446909922457
2022-08-22,0.6635886806952701
2022-08-23,0.5515559607368923
2022-08-24,0.679677408980054
2022-08-25,0.6015411309538189
2022-08-26,0.6100429081829257
2022-08-27,0.574562027550119
2022-08-28,0.6509041436174241
2022-08-29,0.7562021976458919
2022-08-30,0.673450755583268
2022-08-31,0.5922891072516752
2022-09-01,0.6933717237887067
2022-09-02,0.6218035666121964
2022-09-03,0.707367857400341
2022-09-04,0.6799424097639152
2022-09-05,0.49337512367072756
2022-09-06,0.5912101898608121
2022-09-07,0.689473498143595
2022-09-08,0.650635013101817
2022-09-09,0.5926198751627021
2022-09-10,0.6128411065099313
2022-09-11,0.5498788364491409
2022-09-12,0.6413990651180393
2022-09-13,0.7569360688956439
2022-09-14,0.6871887232834398
2022-09-15,0.7569598328564182
2022-09-16,0.6920120769840739
2022-09-17,0.6996756057024855
2022-09-18,0.7473710439862697
2022-09-19,0.6678516903572235
2022-09-20,0.6399044305897605
2022-09-21,0.7011317110942263
2022-09-22,0.722379585985903
2022-09-23,0.6258337252021446
2022-09-24,0.6138534879861021
2022-09-25,0.6569303004197546
2022-09-26,0.6915735543070116
2022-09-27,0.6898698277300617
2022-09-28,0.5786791216765725
2022-09-29,0.7453456165265007
2022-09-30,0.6175404994963808
2022-10-01,0.6361345995776481
2022-10-02,0.6039999680347018
2022-10-03,0.7837497732095444
2022-10-04,0.6605934077775019
2022-10-05,0.6055536623250198
2022-10-06,0.6908672500109366
2022-10-07,0.6856527595062429
2022-10-08,0.6372909000468546
2022-10-09,0.688145403915033
2022-10-10,0.6042449902361829
2022-10-11,0.6202150769007662
2022-10-12,0.543658634852543
2022-10-13,0.577237669777808
2022-10-14,0.7330400177278082
2022-10-15,0.7239108895001872
2022-10-16,0.6442678411237333
2022-10-17,0.723222156682932
2022-10-18,0.6311275282064648
2022-10-19,0.6259751780291009
2022-10-20,0.6399447306510779
2022-10-21,0.6298059921542178
2022-10-22,0.6241848142698291
2022-10-23,0.6909671073264104
2022-10-24,0.640116909189316
2022-10-25,0.6670078439933268
2022-10-26,0.6816874794733069
2022-10-27,0.6482238835241068
2022-10-28,0.5789589974337177
2022-10-29,0.5584494663969712
2022-10-30,0.6321146256952365
2022-10-31,0.6146586677541164
2022-11-01,0.6261004302971097
2022-11-02,0.6194014612637727
2022-11-03,0.7478205315218465
2022-11-04,0.5505330648785494
2022-11-05,0.5159149105415354
2022-11-06,0.6303647129477642
2022-11-07,0.5932246854250739
2022-11-08,0.626115946931097
2022-11-09,0.6377407568585868
2022-11-10,0.6709537281012121
2022-11-11,0.5295574580385494
2022-11-12,0.5752220201906924
2022-11-13,0.6226046057689816
2022-11-14,0.6377683725207028
2022-11-15,0.7069669116696675
2022-11-16,0.643100043689219
2022-11-17,0.5904675824718165
2022-11-18,0.546749742870134
2022-11-19,0.5609945104081631
2022-11-20,0.5574848998702157
2022-11-21,0.6177669448693545
2022-11-22,0.5957151692544347
2022-11-23,0.5145182971886341
2022-11-24,0.5567172676503103
2022-11-25,0.6201780192503876
2022-11-26,0.5916494502726981
2022-11-27,0.6002423068180068
2022-11-28,0.5886786261382924
2022-11-29,0.6485559379915038
2022-11-30,0.5767184920737839
2022-12-01,0.5432779004983112
2022-12-02,0.5144354463242179
2022-12-03,0.5703299838470282
2022-12-04,0.43342348069484593
2022-12-05,0.5438369682348209
2022-12-06,0.5403364419430521
2022-12-07,0.47996690657299046
2022-12-08,0.49932489176564504
2022-12-09,0.5837552414395065
2022-12-10,0.5523293110838646
2022-12-11,0.5433924109527966
2022-12-12,0.5511182915974934
2022-12-13,0.5379196063480723
2022-12-14,0.5929088031232117
2022-12-15,0.5344054655616696
2022-12-16,0.45278331593628623
2022-12-17,0.6046528213433664
2022-12-18,0.5391088291834333
2022-12-19,0.4885685201951525
2022-12-20,0.45279516870236464
2022-12-21,0.5326904308585212
2022-12-22,0.504461763771633
2022-12-23,0.5864502893851097
2022-12-24,0.48786787771007323
2022-12-25,0.4607129639392521
2022-12-26,0.5447898109117983
2022-12-27,0.5436820912124699
2022-12-28,0.5032693266370989
2022-12-29,0.5260749023002601
2022-12-30,0.48779527994254024
2022-12-31,0.4987985352398472
2023-01-01,0.5427842895110802
2023-01-02,0.5132347099661732
2023-01-03,0.47094446226638154
2023-01-04,0.5444718041966653
2023-01-05,0.35606325973320435
2023-01-06,0.5743696590946092
2023-01-07,0.3839363702751711
2023-01-08,0.43535713181076274
2023-01-09,0.4621532083393539
2023-01-10,0.45437297219616535
2023-01-11,0.5095268283712109
2023-01-12,0.4038358041373975
2023-01-13,0.467300157175712
2023-01-14,0.42289894583515736
2023-01-15,0.4641286140277552
2023-01-16,0.4437099686836493
2023-01-17,0.44918810120054836
2023-01-18,0.41465424744024365
2023-01-19,0.41427360411429953
2023-01-20,0.451784585309525
2023-01-21,0.48226943640523634
2023-01-22,0.40285163202904634
2023-01-23,0.3870290821359249
2023-01-24,0.4588629322662231
2023-01-25,0.4243084728231199
2023-01-26,0.4652242651214807
2023-01-27,0.37619779822661026
2023-01-28,0.3303272779980815
2023-01-29,0.39048449893353976
2023-01-30,0.37667710609308236
2023-01-31,0.4089405389779136
2023-02-01,0.37894873624236614
2023-02-02,0.445779317049555
2023-02-03,0.39228547461274343
2023-02-04,0.4122088798051691
2023-02-05,0.4105872937667987
2023-02-06,0.4105025618842676
2023-02-07,0.3976270016523107
2023-02-08,0.42247211943696494
2023-02-09,0.35529849425096305
2023-02-10,0.46322240299042966
2023-02-11,0.3796265250871863
2023-02-12,0.32410998966046906
2023-02-13,0.39735785469510754
2023-02-14,0.34369510460584174
2023-02-15,0.4178545026928545
2023-02-16,0.49343590114150504
2023-02-17,0.3420295469085918
2023-02-18,0.3964144534349996
2023-02-19,0.2904938617136647
2023-02-20,0.39947377847670645
2023-02-21,0.33103871605514645
2023-02-22,0.3426655082331048
2023-02-23,0.317463111778881
2023-02-24,0.4077929675613665
2023-02-25,0.4202467646642246
2023-02-26,0.36978550496129076
2023-02-27,0.32416853824171
2023-02-28,0.44567894983626216
2023-03-01,0.32753486316443076
2023-03-02,0.25584631308323347
2023-03-03,0.3858002522700548
2023-03-04,0.30661557316042937
2023-03-05,0.4102991871380802
2023-03-06,0.3408675308428903
2023-03-07,0.3892072533359261
2023-03-08,0.4282355592135363
2023-03-09,0.29689857932469116
2023-03-10,0.3282679194665946
2023-03-11,0.3520469787863017
2023-03-12,0.4320165753034894
2023-03-13,0.3215712758252514
2023-03-14,0.3241597469266867
2023-03-15,0.3772297775519424
2023-03-16,0.32394259317373003
2023-03-17,0.3599552216320673
2023-03-18,0.2743207125924955
2023-03-19,0.46222662286472693
2023-03-20,0.2837812070718403
2023-03-21,0.3347796787663968
2023-03-22,0.34898809878581855
2023-03-23,0.4460356607516164
2023-03-24,0.2839923977800284
2023-03-25,0.4492977050879851
2023-03-26,0.3878935657581175
2023-03-27,0.37085615526073373
2023-03-28,0.3007808168508916
2023-03-29,0.3786251199988001
2023-03-30,0.3139937115412551
2023-03-31,0.4136454885301118
2023-04-01,0.30194806328148777
2023-04-02,0.34507627861209134
2023-04-03,0.32324781820922927
2023-04-04,0.30195674227963243
2023-04-05,0.38876435231054474
2023-04-06,0.378880714875907
2023-04-07,0.41301152714805284
2023-04-08,0.2640641908427681
2023-04-09,0.4068069525221966
2023-04-10,0.4794547157734857
2023-04-11,0.33222727808754277
2023-04-12,0.45023684832082556
2023-04-13,0.3430342638489142
2023-04-14,0.28832736362736733
2023-04-15,0.3424641408778348
2023-04-16,0.4109960268752005
2023-04-17,0.3175589739391078
2023-04-18,0.3303744773939788
2023-04-19,0.391033363285695
2023-04-20,0.3625154619280183
2023-04-21,0.3926404531102044
2023-04-22,0.3763881066892132
2023-04-23,0.3896053723673406
2023-04-24,0.34517634231509836
2023-04-25,0.37958471650548786
2023-04-26,0.3228754019088048
2023-04-27,0.43495036191768166
2023-04-28,0.3401379386966583
2023-04-29,0.4296550157745094
2023-04-30,0.36293083003805965
2023-05-01,0.38614682072927947
2023-05-02,0.3527710647385764
2023-05-03,0.3282282364934547
2023-05-04,0.2933345510523419
2023-05-05,0.32938631380856814
2023-05-06,0.3675719511341477
2023-05-07,0.39601066702286164
2023-05-08,0.4376189415343596
2023-05-09,0.3665288253828676
2023-05-10,0.34646832867366634
2023-05-11,0.3202127236484701
2023-05-12,0.41816563937912726
2023-05-13,0.4651675417334212
2023-05-14,0.4612005019762614
2023-05-15,0.43528705777533
2023-05-16,0.4336537122820172
2023-05-17,0.4885729819999813
2023-05-18,0.4222896508814661
2023-05-19,0.4400137938067089
2023-05-20,0.3937171974236598
2023-05-21,0.3437300436133913
2023-05-22,0.3797417147893713
2023-05-23,0.41560365871174165
2023-05-24,0.421253202843967
2023-05-25,0.5167047855184778
2023-05-26,0.4266544997271758
2023-05-27,0.48375590018441467
2023-05-28,0.40530523185488176
2023-05-29,0.41374227956065834
2023-05-30,0.3651636141125569
2023-05-31,0.3968057817035976
2023-06-01,0.4625990185727535
2023-06-02,0.4389746151973647
2023-06-03,0.48810838949639135
2023-06-04,0.45240650263665994
2023-06-05,0.4281202538086483
2023-06-06,0.555572996288737
2023-06-07,0.44589354923066954
2023-06-08,0.5111839923448911
2023-06-09,0.43543261678174483
2023-06-10,0.4934453726892966
2023-06-11,0.5068509590483824
2023-06-12,0.47337127145664026
2023-06-13,0.347730003330578
2023-06-14,0.46888448572683455
2023-06-15,0.5320220689189632
2023-06-16,0.4994090537925514
2023-06-17,0.49787089182068234
2023-06-18,0.3920172737641429
2023-06-19,0.4446650198483584
2023-06-20,0.5038190304893188
2023-06-21,0.506338651366764
2023-06-22,0.5491253671216233
2023-06-23,0.48372467063782654
2023-06-24,0.5138378693830097
2023-06-25,0.49694594606249165
2023-06-26,0.4493618136416183
2023-06-27,0.3885014829785637
2023-06-28,0.5254232506405699
2023-06-29,0.5151506953713189
2023-06-30,0.47812323949985747
2023-07-01,0.4306493190592258
2023-07-02,0.5456674881930147
2023-07-03,0.5034528473584728
2023-07-04,0.5471559627362932
2023-07-05,0.6150723060585663
2023-07-06,0.41734950792479203
2023-07-07,0.4919849474237142
2023-07-08,0.5190321528034372
2023-07-09,0.6047694460233008
2023-07-10,0.4527256995742649
2023-07-11,0.6338463783561704
2023-07-12,0.5463426189875138
2023-07-13,0.537234568193186
2023-07-14,0.5346039347300773
2023-07-15,0.5251529045313701
2023-07-16,0.6018171102971372
2023-07-17,0.49841580919648637
2023-07-18,0.5715277686916586
2023-07-19,0.5374471114952453
2023-07-20,0.5209318690727629
2023-07-21,0.6907021526065381
2023-07-22,0.5847025877331047
2023-07-23,0.5967410948856323
2023-07-24,0.6252748430597014
2023-07-25,0.4996064288851501
2023-07-26,0.6605555015224054
2023-07-27,0.4497384130921113
2023-07-28,0.5389710381504529
2023-07-29,0.5566579235653445
2023-07-30,0.6108722340296211
2023-07-31,0.5948743026686012
2023-08-01,0.577725103150728
2023-08-02,0.5875679206124859
2023-08-03,0.5413424583076096
2023-08-04,0.5174310702702888
2023-08-05,0.6306400033061786
2023-08-06,0.6309935126122929
2023-08-07,0.6774981723392168
2023-08-08,0.5607087247912694
2023-08-09,0.6367567719366003
2023-08-10,0.5898068476148105
2023-08-11,0.66536129077575
2023-08-12,0.6587496758853024
2023-08-13,0.6199941030741959
2023-08-14,0.5942067937939917
2023-08-15,0.6609466330602147
2023-08-16,0.646928518081409
2023-08-17,0.5820105861007481
2023-08-18,0.5514575445878356
2023-08-19,0.6050007845333014
2023-08-20,0.6967426827155527
2023-08-21,0.6798050656535388
2023-08-22,0.568336756325056
2023-08-23,0.5670009511177995
2023-08-24,0.6905215510869329
2023-08-25,0.571366530224581
2023-08-26,0.6549360853895867
2023-08-27,0.5999523870395809
2023-08-28,0.7128540768221145
2023-08-29,0.5946873584375294
2023-08-30,0.6915439701205264
2023-08-31,0.6447463030517206
2023-09-01,0.6492004372258459
2023-09-02,0.5391221148413374
2023-09-03,0.5284979406686776
2023-09-04,0.6285802926423301
2023-09-05,0.6528775051151452
2023-09-06,0.5851542801216763
2023-09-07,0.5878195664780074
2023-09-08,0.671125780985873
2023-09-09,0.6719503965709502
2023-09-10,0.6376335292652259
2023-09-11,0.684200753512913
2023-09-12,0.587107614708351
2023-09-13,0.6286048367405065
2023-09-14,0.7293359340360066
2023-09-15,0.6508550892939882
2023-09-16,0.6542078482239242
2023-09-17,0.7635989678332376
2023-09-18,0.5787000013065795
2023-09-19,0.6888100457222174
2023-09-20,0.7324651106555096
2023-09-21,0.6332559389381981
2023-09-22,0.6926691134725512
2023-09-23,0.6007309824772098
2023-09-24,0.615595322324736
2023-09-25,0.6692358196005924
2023-09-26,0.689926944615958
2023-09-27,0.7060121009172958
2023-09-28,0.7283689310329272
2023-09-29,0.6463929852455756
2023-09-30,0.7092793337248527
2023-10-01,0.6322726072496195
2023-10-02,0.6942372516135061
2023-10-03,0.6592077713052991
2023-10-04,0.6707737696171994
2023-10-05,0.6692778100601998
2023-10-06,0.5674358220229234
2023-10-07,0.5909898775977025
2023-10-08,0.6518043232167248
2023-10-09,0.5617511142938051
2023-10-10,0.6870701434377138
2023-10-11,0.6884387889626357
2023-10-12,0.6605279952247343
2023-10-13,0.5873785233508898
2023-10-14,0.7116654243876981
2023-10-15,0.7436999900999891
2023-10-16,0.6483322500635833
2023-10-17,0.665602353246
2023-10-18,0.6492181852766817
2023-10-19,0.6646641526074342
2023-10-20,0.6311412603964799
2023-10-21,0.6343238599282055
2023-10-22,0.680230510472704
2023-10-23,0.7510784100637543
2023-10-24,0.5626065647714183
2023-10-25,0.6261931315514876
2023-10-26,0.5710954289478358
2023-10-27,0.7084158386701759
2023-10-28,0.5980856652631341
2023-10-29,0.5539327211558828
2023-10-30,0.6565849438973016
2023-10-31,0.7104370387325181
2023-11-01,0.6549107522791436
2023-11-02,0.6304440570902972
2023-11-03,0.6390988946523172
2023-11-04,0.687786410801896
2023-11-05,0.5717022605318836
2023-11-06,0.6081535160674701
2023-11-07,0.5894113057290092
2023-11-08,0.5519192880800131
2023-11-09,0.5921278427735488
2023-11-10,0.6621345481413888
2023-11-11,0.6332488564773848
2023-11-12,0.6352734400889628
2023-11-13,0.6084903234076086
2023-11-14,0.6254113818727733
2023-11-15,0.5572649170378421
2023-11-16,0.5798393508371668
2023-11-17,0.6029072241145668
2023-11-18,0.6051473234613642
2023-11-19,0.6052183957902103
2023-11-20,0.5802032769172514
2023-11-21,0.5661340933871526
2023-11-22,0.7407538611273572
2023-11-23,0.6260401393773656
2023-11-24,0.5991697149024658
2023-11-25,0.564640216667496
2023-11-26,0.5515053911768042
2023-11-27,0.5652700463310196
2023-11-28,0.5841739828147625
2023-11-29,0.47321262405790965
2023-11-30,0.48644685911383034
2023-12-01,0.530734920944901
2023-12-02,0.5705801702198234
2023-12-03,0.5458858535789491
2023-12-04,0.6293647427385773
2023-12-05,0.478931578976667
2023-12-06,0.5130611614589498
2023-12-07,0.6241950363034086
2023-12-08,0.5522941499322012
2023-12-09,0.5875144940721513
2023-12-10,0.6433560707935886
2023-12-11,0.5036127733723382
2023-12-12,0.5308351980112896
2023-12-13,0.5196668819040816
2023-12-14,0.4330360247561269
2023-12-15,0.5127141662886876
2023-12-16,0.569747080996256
2023-12-17,0.5501758001902528
2023-12-18,0.5515459742863905
2023-12-19,0.4992557577029256
2023-12-20,0.4826603928168325
2023-12-21,0.576357503405549
2023-12-22,0.48545450670246293
2023-12-23,0.5224470520231488
2023-12-24,0.5133299757772906
2023-12-25,0.5756678542362303
2023-12-26,0.5485706178836188
2023-12-27,0.43265506554326705
2023-12-28,0.4354590999178361
2023-12-29,0.5212025408199703
2023-12-30,0.48646275361069274
2023-12-31,0.46434669099169557
2024-01-01,0.5353161395826107
2024-01-02,0.49134176236954247
2024-01-03,0.482031053527484
2024-01-04,0.5158451089381135
2024-01-05,0.4555505786256007
2024-01-06,0.5501919427971433
2024-01-07,0.4298319438580606
2024-01-08,0.49955822636648095
2024-01-09,0.5358907270321027
2024-01-10,0.39283223126896744
2024-01-11,0.4420395175772638
2024-01-12,0.5138380047121902
2024-01-13,0.512124043688109
2024-01-14,0.44323477072673617
2024-01-15,0.41263801037704034
2024-01-16,0.4947453727900843
2024-01-17,0.5037187736954827
2024-01-18,0.38391732163784026
2024-01-19,0.3795811191707876
2024-01-20,0.4486837937073327
2024-01-21,0.46655169278888164
2024-01-22,0.41781214447743886
2024-01-23,0.46443215036369073
2024-01-24,0.39268309364076504
2024-01-25,0.3201989875223167
2024-01-26,0.40250430480555605
2024-01-27,0.42464926622082183
2024-01-28,0.405507226274433
2024-01-29,0.3592045398418849
2024-01-30,0.32421228776239147
2024-01-31,0.3871755187635363
2024-02-01,0.4556737855383719
2024-02-02,0.4715383414534158
2024-02-03,0.46607865694079453
2024-02-04,0.3638896781090456
2024-02-05,0.34502024966323575
2024-02-06,0.4255865380126522
2024-02-07,0.4305884577549549
2024-02-08,0.4169505651764765
2024-02-09,0.2943780872303645
2024-02-10,0.3499072774135614
2024-02-11,0.3899689547413134
2024-02-12,0.4140483562869238
2024-02-13,0.42631955497564245
2024-02-14,0.39346680484231733
2024-02-15,0.40112696629432193
2024-02-16,0.38719889525743806
2024-02-17,0.4156391201974078
2024-02-18,0.39543911934834275
2024-02-19,0.3815560241512599
2024-02-20,0.36336007704776946
2024-02-21,0.3793889772972521
2024-02-22,0.39813680809679214
2024-02-23,0.38590120571577263
2024-02-24,0.39022672717589185
2024-02-25,0.43701763985812025
2024-02-26,0.3818744403656922
2024-02-27,0.33493994748483763
2024-02-28,0.41038313733077697
2024-02-29,0.2967454526687172
2024-03-01,0.30987725904264063
2024-03-02,0.3796731650082027
2024-03-03,0.3876741402318337
2024-03-04,0.2986161862879214
2024-03-05,0.34078354162722335
2024-03-06,0.328717399697733
2024-03-07,0.3338267257418496
2024-03-08,0.40452141136937425
2024-03-09,0.3918900491885772
2024-03-10,0.35487442342647035
2024-03-11,0.3278409129960255
2024-03-12,0.2870079282112674
2024-03-13,0.42489417866323526
2024-03-14,0.3829284437883977
2024-03-15,0.3174705742556021
2024-03-16,0.38830890236843085
2024-03-17,0.34838640261217113
2024-03-18,0.3371546504937804
2024-03-19,0.3729272450017904
2024-03-20,0.31379240147027126
2024-03-21,0.33342432460241767
2024-03-22,0.3564743072437541
2024-03-23,0.32526212718240494
2024-03-24,0.38356675882742375
2024-03-25,0.44348804988692947
2024-03-26,0.3122864824092143
2024-03-27,0.2667562363865871
2024-03-28,0.24998104952308325
2024-03-29,0.3426446355874958
2024-03-30,0.31715419636388187
2024-03-31,0.3608941897902285
2024-04-01,0.3573640869362003
2024-04-02,0.27085063027918316
2024-04-03,0.2605886989269114
2024-04-04,0.36649502348245333
2024-04-05,0.3588792192414233
2024-04-06,0.3312701172846748
2024-04-07,0.2702007669965614
2024-04-08,0.3771679805433942
2024-04-09,0.4177772477768374
2024-04-10,0.3687084545573366
2024-04-11,0.31310572318712404
2024-04-12,0.35841993573046343
2024-04-13,0.28864214645874875
2024-04-14,0.4106437986901132
2024-04-15,0.3626780452179139
2024-04-16,0.2710599524680233
2024-04-17,0.34535769232211944
2024-04-18,0.3845214671827474
2024-04-19,0.34571007504231394
2024-04-20,0.34961451941385907
2024-04-21,0.30327651929893323
2024-04-22,0.3939511557438471
2024-04-23,0.334367941604619
2024-04-24,0.2601759005537191
2024-04-25,0.35068118366008233
2024-04-26,0.41958616657103043
2024-04-27,0.3525052022075294
2024-04-28,0.4601118906532165
2024-04-29,0.39605957551463167
2024-04-30,0.39298477830543227
2024-05-01,0.3710993789872316
2024-05-02,0.3756136976636447
2024-05-03,0.3674013886766324
2024-05-04,0.3670390521340655
2024-05-05,0.41031075189830185
2024-05-06,0.3386251465918898
2024-05-07,0.3333052844339841
2024-05-08,0.33265694582894184
2024-05-09,0.4928490942708835
2024-05-10,0.41886560803213535
2024-05-11,0.40938706856793006
2024-05-12,0.3431320824522801
2024-05-13,0.4290511036121891
2024-05-14,0.3939618530453024
2024-05-15,0.4124349934752223
2024-05-16,0.35486077722133724
2024-05-17,0.41369902068150194
2024-05-18,0.3865156330951736
2024-05-19,0.37147583266475115
2024-05-20,0.448537528946489
2024-05-21,0.3370487693878508
2024-05-22,0.4443004238541793
2024-05-23,0.452438240896549
2024-05-24,0.3764083089981469
2024-05-25,0.38157421829099625
2024-05-26,0.41366244391981327
2024-05-27,0.4411609044568058
2024-05-28,0.4216833242582059
2024-05-29,0.4532921189833242
2024-05-30,0.5220711649742933
2024-05-31,0.41086411054708105
2024-06-01,0.35283760764248406
2024-06-02,0.4822576376530594
2024-06-03,0.5275095340157809
2024-06-04,0.46538135854308865
2024-06-05,0.39377071933170654
2024-06-06,0.4443941095045588
2024-06-07,0.3971077696490452
2024-06-08,0.48763585180712304
2024-06-09,0.39040087858519346
2024-06-10,0.445443736749389
2024-06-11,0.4127297816131628
2024-06-12,0.47179538372215724
2024-06-13,0.449654778827142
2024-06-14,0.47933717169347445
2024-06-15,0.4741525398894842
2024-06-16,0.4262459966730155
2024-06-17,0.509473973638471
2024-06-18,0.47824949078995654
2024-06-19,0.43382469853844857
2024-06-20,0.5978658153377101
2024-06-21,0.5122135364508354
2024-06-22,0.483304980725167
2024-06-23,0.5643068913844111
2024-06-24,0.5882180144352583
2024-06-25,0.49144147935100296
2024-06-26,0.5186609238550401
2024-06-27,0.4544726251339242
2024-06-28,0.49909369741227866
2024-06-29,0.4990788639168777
2024-06-30,0.5208493235661028
2024-07-01,0.5308185364044293
2024-07-02,0.5447402735096586
2024-07-03,0.5311943594328848
2024-07-04,0.46133274820652537
2024-07-05,0.477497696653724
2024-07-06,0.4996446068856497
2024-07-07,0.5153889038728766
2024-07-08,0.584566851839575
2024-07-09,0.4763989011919445
2024-07-10,0.5191825746636062
2024-07-11,0.5872002988199028
2024-07-12,0.5270407275550494
2024-07-13,0.5675277053831649
2024-07-14,0.5399889539939773
2024-07-15,0.5622504351999166
2024-07-16,0.5404182197101323
2024-07-17,0.5876103332458806
2024-07-18,0.47940337441027314
2024-07-19,0.5408729410790414
2024-07-20,0.5762320276570558
2024-07-21,0.5904348133957422
2024-07-22,0.6407254487902636
2024-07-23,0.5488347706829866
2024-07-24,0.644648014244122
2024-07-25,0.5399897147333174
2024-07-26,0.6416185925940981
2024-07-27,0.6182827149872947
2024-07-28,0.5339365782426757
2024-07-29,0.5971380276436877
2024-07-30,0.5813765975849146
2024-07-31,0.6173450698693985
2024-08-01,0.5770042084222039
2024-08-02,0.5748812982006488
2024-08-03,0.6607474191326409
2024-08-04,0.5893783774665894
2024-08-05,0.6376293231950727
2024-08-06,0.5870058793291514
2024-08-07,0.6835427425934035
2024-08-08,0.5681992799547771
2024-08-09,0.5732850074706856
2024-08-10,0.6820634005718718
2024-08-11,0.5854042175066304
2024-08-12,0.6894873484211934
2024-08-13,0.6557753306070295
2024-08-14,0.6051675388017579
2024-08-15,0.5239186183177235
2024-08-16,0.6152666909914634
2024-08-17,0.622928980938479
2024-08-18,0.6777883162326106
2024-08-19,0.700394350760146
2024-08-20,0.5882313487597002
2024-08-21,0.6640122180079948
2024-08-22,0.6636589297134636
2024-08-23,0.6804579937234815
2024-08-24,0.6530828210692501
2024-08-25,0.5323464346593983
2024-08-26,0.6229848261800097
2024-08-27,0.5742164518501851
2024-08-28,0.6230783097485201
2024-08-29,0.6833761054169301
2024-08-30,0.6507609121424515
2024-08-31,0.6939952378340036
2024-09-01,0.6547252399445865
2024-09-02,0.5737273113455187
2024-09-03,0.513566239327061
2024-09-04,0.6479726400282945
2024-09-05,0.6307178481910044
2024-09-06,0.5934069500327321
2024-09-07,0.5580207870119979
2024-09-08,0.6070705118744597
2024-09-09,0.6347960080413837
2024-09-10,0.678484558638929
2024-09-11,0.6552492835727586
2024-09-12,0.7268049449534917
2024-09-13,0.5951618509445534
2024-09-14,0.6914919273998692
2024-09-15,0.6502571596510108
2024-09-16,0.68303509474078
2024-09-17,0.6268413664357411
2024-09-18,0.7025725460846414
2024-09-19,0.6640270345823664
2024-09-20,0.615526586017238
2024-09-21,0.6490863726841493
2024-09-22,0.6378541643909
2024-09-23,0.6743908596349932
2024-09-24,0.5909986613294852
2024-09-25,0.6485310258546438
2024-09-26,0.6697306379294502
2024-09-27,0.6515386670456044
2024-09-28,0.7171123753927845
2024-09-29,0.6882998846697762
2024-09-30,0.6490138095850395
2024-10-01,0.6599671409089767
2024-10-02,0.6636166089867903
2024-10-03,0.6686548544714443
2024-10-04,0.556819516575868
2024-10-05,0.6325947577243465
2024-10-06,0.5729740171310704
2024-10-07,0.7105912985988236
2024-10-08,0.6430725922757169
2024-10-09,0.6358425407937456
2024-10-10,0.68970085724989
2024-10-11,0.6652857074533394
2024-10-12,0.5870034982698265
2024-10-13,0.6391132093179048
2024-10-14,0.6250811094527531
2024-10-15,0.5537517642609816
2024-10-16,0.6055617726615792
2024-10-17,0.6299542364360559
2024-10-18,0.6323981465829034
2024-10-19,0.5630076270439356
2024-10-20,0.6936353510727692
2024-10-21,0.6298394775032653
2024-10-22,0.6356748558019599
2024-10-23,0.6526422084084966
2024-10-24,0.591979943076454
2024-10-25,0.6529362518660742
2024-10-26,0.610460861440462
2024-10-27,0.5826432866967689
2024-10-28,0.654765135512942
2024-10-29,0.6992592868949628
2024-10-30,0.6594629516696535
2024-10-31,0.6678797371081264
2024-11-01,0.5941726328980859
2024-11-02,0.538760862055094
2024-11-03,0.6915512537656097
2024-11-04,0.7181379685028283
2024-11-05,0.6908862099602693
2024-11-06,0.5952565162054949
2024-11-07,0.5525808365081558
2024-11-08,0.5552624708534069
2024-11-09,0.5225618649615633
2024-11-10,0.5995498181372455
2024-11-11,0.6833418129876716
2024-11-12,0.5940834112313298
2024-11-13,0.6143613377537537
2024-11-14,0.6660742823704571
2024-11-15,0.5751100795419073
2024-11-16,0.6950835851021085
2024-11-17,0.6908762508921416
2024-11-18,0.5826534361100917
2024-11-19,0.5582433278171087
2024-11-20,0.619867165763184
2024-11-21,0.5654890498492021
2024-11-22,0.522873014877378
2024-11-23,0.6425742737809829
2024-11-24,0.6371230109416725
2024-11-25,0.5818419127121752
2024-11-26,0.5086668383309614
2024-11-27,0.5080562280745581
2024-11-28,0.5725958656820205
2024-11-29,0.5399227871573158
2024-11-30,0.5455243937847676
2024-12-01,0.6113213561338982
2024-12-02,0.5945084768076726
2024-12-03,0.6243658154584829
2024-12-04,0.5035202571575956
2024-12-05,0.5334688565047818
2024-12-06,0.5861395340268623
2024-12-07,0.5681421007490915
2024-12-08,0.6198913840614735
2024-12-09,0.561820558925322
2024-12-10,0.630708449472706
2024-12-11,0.5628018049870515
2024-12-12,0.5863965993300614
2024-12-13,0.514589927641071
2024-12-14,0.5289483670706888
2024-12-15,0.5712411918191955
2024-12-16,0.6037952316292967
2024-12-17,0.5570536632825308
2024-12-18,0.5138726181381728
2024-12-19,0.5843320060935349
2024-12-20,0.40329578699662294
2024-12-21,0.43920863894500595
2024-12-22,0.5418246612669065
2024-12-23,0.5058686595560689
2024-12-24,0.5328576859795859
2024-12-25,0.503220376121597
2024-12-26,0.52596528130682
2024-12-27,0.45411661720692753
2024-12-28,0.5207813542204971
2024-12-29,0.5394003623900335
2024-12-30,0.5481328103859444
2024-12-31,0.5852124601153211
2025-01-01,0.4941737154402152
2025-01-02,0.4931037385253697
2025-01-03,0.4006950536916676
2025-01-04,0.4477354583158567
2025-01-05,0.46211188982318396
2025-01-06,0.5217503026335236
2025-01-07,0.4361617168448941
2025-01-08,0.504016086086551
2025-01-09,0.4616159198844024
2025-01-10,0.45034787061414716
2025-01-11,0.4691723335245701
2025-01-12,0.43470399768891477
2025-01-13,0.43035768834150984
2025-01-14,0.36413226977137664
2025-01-15,0.43455087130715075
2025-01-16,0.42054291125896126
2025-01-17,0.41635143959600507
2025-01-18,0.46062045474860774
2025-01-19,0.4703525572476772
2025-01-20,0.4466933863495525
2025-01-21,0.4825363582614106
2025-01-22,0.4592455556560906
2025-01-23,0.41343711449235104
2025-01-24,0.4027908531902836
2025-01-25,0.4393404702605273
2025-01-26,0.45017601439026456
2025-01-27,0.48919143962082984
2025-01-28,0.47669335527186313
2025-01-29,0.38792108623097654
2025-01-30,0.4077796449755673
2025-01-31,0.4443418872017758
2025-02-01,0.46212835838568284
2025-02-02,0.4536414611691106
2025-02-03,0.4014912632249084
2025-02-04,0.3400044332233273
2025-02-05,0.3508079884513803
2025-02-06,0.41246513289103176
2025-02-07,0.41405336388766817
2025-02-08,0.3401472822705358
2025-02-09,0.3954799872021976
2025-02-10,0.4230146121042037
2025-02-11,0.33212611368004746
2025-02-12,0.4432040469357382
2025-02-13,0.3673775713002262
2025-02-14,0.447468431596242
2025-02-15,0.3562830000505898
2025-02-16,0.33002687734227665
2025-02-17,0.35688898728171314
2025-02-18,0.37351173499503143
2025-02-19,0.3573545216660639
2025-02-20,0.36452433496647413
2025-02-21,0.3906054966386397
2025-02-22,0.3639684677810513
2025-02-23,0.3678797865610305
2025-02-24,0.28442022683043067
2025-02-25,0.38820114502888803
2025-02-26,0.36292970862391166
2025-02-27,0.4467174470552116
2025-02-28,0.31807711118946663
2025-03-01,0.2735331616546288
2025-03-02,0.39378422646870265
2025-03-03,0.37918065775815446
2025-03-04,0.31044709643656343
2025-03-05,0.28343696792635753
2025-03-06,0.4358914278429301
2025-03-07,0.42886606141626815
2025-03-08,0.23296868462042014
2025-03-09,0.3336536245483892
2025-03-10,0.4390401351583505
2025-03-11,0.33133588146287835
2025-03-12,0.3299598000209416
2025-03-13,0.3397469653426682
2025-03-14,0.29727790008574356
2025-03-15,0.26756524224785677
2025-03-16,0.40495629302392355
2025-03-17,0.25975073832851836
2025-03-18,0.36387369834233463
2025-03-19,0.39549564322519265
2025-03-20,0.27830599902084907
2025-03-21,0.30439873044816945
2025-03-22,0.41106021345335625
2025-03-23,0.37687927283801725
2025-03-24,0.3192482129701031
2025-03-25,0.410147174871075
2025-03-26,0.4103281752122866
2025-03-27,0.3634651358525746
2025-03-28,0.3050600465032133
2025-03-29,0.32949560748865525
2025-03-30,0.3646317630679606
2025-03-31,0.34107142327950013
2025-04-01,0.3976820622466379
2025-04-02,0.27452276860442076
2025-04-03,0.2766197139476699
2025-04-04,0.36074191703927033
2025-04-05,0.3275305568150797
2025-04-06,0.32120858646811556
2025-04-07,0.2646551102944562
2025-04-08,0.35457570964505297
2025-04-09,0.35154451510560214
2025-04-10,0.3874832816439766
2025-04-11,0.35892472437142614
2025-04-12,0.3495621235398801
2025-04-13,0.41579788234494885
2025-04-14,0.29212239782574634
2025-04-15,0.38540528943381475
2025-04-16,0.27591043981591773
2025-04-17,0.31847331634426196
2025-04-18,0.3007235350398689
2025-04-19,0.40145958286368644
2025-04-20,0.3601387938060967
2025-04-21,0.3638214674216484
2025-04-22,0.3102874570032903
2025-04-23,0.35180672680892994
2025-04-24,0.3298249042385136
2025-04-25,0.38841680293631126
2025-04-26,0.3209741240259325
2025-04-27,0.43834139279777884
2025-04-28,0.2894336189158363
2025-04-29,0.33428518646437594
2025-04-30,0.459906895689717
2025-05-01,0.35576235488501096
2025-05-02,0.3132840748316367
2025-05-03,0.3915261485594917
2025-05-04,0.35838290962746533
2025-05-05,0.3419738810140271
2025-05-06,0.3306231675414828
2025-05-07,0.525518656151495
2025-05-08,0.3762391033635046
2025-05-09,0.29428799887038265
2025-05-10,0.4670339508988809
2025-05-11,0.4247160037394521
2025-05-12,0.357684494415963
2025-05-13,0.3512280341441414
2025-05-14,0.4334640601758812
2025-05-15,0.38938063004416285
2025-05-16,0.3073929020922607
2025-05-17,0.4950475760408573
2025-05-18,0.38600778689470405
2025-05-19,0.48453497734038264
2025-05-20,0.4757539600544166
2025-05-21,0.3638836825902111
2025-05-22,0.46772110385662996
2025-05-23,0.38564180672571957
2025-05-24,0.3270554634355127
2025-05-25,0.40136073304651704
2025-05-26,0.4446956030719482
2025-05-27,0.4039222615338787
2025-05-28,0.4139736568026668
2025-05-29,0.4887922982201618
2025-05-30,0.4392468813619288
2025-05-31,0.3940850334403201
2025-06-01,0.4736981223610223
2025-06-02,0.45084523684923994
2025-06-03,0.3172635651463032
2025-06-04,0.4671605860791058
2025-06-05,0.46774958848519604
2025-06-06,0.45159478414536286
2025-06-07,0.49761897291310253
2025-06-08,0.42187339789265155
2025-06-09,0.4747903881611612
2025-06-10,0.3821022075324282
2025-06-11,0.4833011920978007
2025-06-12,0.5631071342424008
2025-06-13,0.4182290450606497
2025-06-14,0.43250895993157346
2025-06-15,0.43753423999658514
2025-06-16,0.48207885934930184
2025-06-17,0.4249783068193308
2025-06-18,0.5017501423166582
2025-06-19,0.5255931462052029
2025-06-20,0.5125368482001065
2025-06-21,0.3999712568330766
2025-06-22,0.5407263916530594
2025-06-23,0.5404150357620008
2025-06-24,0.5376353025832442
2025-06-25,0.5173510628994853
2025-06-26,0.5123005152435597
2025-06-27,0.5554922359403879
2025-06-28,0.6026290093308487
2025-06-29,0.46137996843662554
2025-06-30,0.5655142416747554
2025-07-01,0.5098696575722073
2025-07-02,0.5102651984668224
2025-07-03,0.4424856920987861
2025-07-04,0.5076304090622106
2025-07-05,0.47455780404235426
2025-07-06,0.5037722663835371
2025-07-07,0.4745916142801274
2025-07-08,0.50958271795032
2025-07-09,0.514240332683421
2025-07-10,0.541891072994078
2025-07-11,0.4588123307946347
2025-07-12,0.4697586938926148
2025-07-13,0.5626026364275509
2025-07-14,0.5070941502868684
2025-07-15,0.6031377618451739
2025-07-16,0.5631053330013627
2025-07-17,0.5845951671197843
2025-07-18,0.6271908108016406
2025-07-19,0.5435530009081411
2025-07-20,0.5326790585515275
2025-07-21,0.6073351802753741
2025-07-22,0.5915534958490575
2025-07-23,0.559019488535205
2025-07-24,0.6402468244988765
2025-07-25,0.562328690574309
2025-07-26,0.5768249538946559
2025-07-27,0.5784704911940899
2025-07-28,0.5328798124793677
2025-07-29,0.5856653352554171
2025-07-30,0.6537763982314531
2025-07-31,0.6083142559544581
2025-08-01,0.5897209591638168
2025-08-02,0.5821552454254562
2025-08-03,0.6088360414148167
2025-08-04,0.6318027536138331
2025-08-05,0.6267701485299729
2025-08-06,0.5816802104902632
2025-08-07,0.6164486593375339
2025-08-08,0.6261129984789664
2025-08-09,0.5536324346566965
2025-08-10,0.6142490685752621
2025-08-11,0.4995863427362758
2025-08-12,0.6335603186040307
2025-08-13,0.6442004543554236
2025-08-14,0.6502773304191233
2025-08-15,0.594830949310101
2025-08-16,0.6316849479562574
2025-08-17,0.689045170538864
2025-08-18,0.6901159119819529
2025-08-19,0.6195133569868129
2025-08-20,0.6294466892533637
2025-08-21,0.6794986870453078
2025-08-22,0.5503487211496856
2025-08-23,0.6106335714691062
2025-08-24,0.6949268482393112
2025-08-25,0.6782313462917235
2025-08-26,0.6492191366888933
2025-08-27,0.5567102103294984
2025-08-28,0.6307130867423641
2025-08-29,0.6048801237977391
2025-08-30,0.6520553154895622
2025-08-31,0.5961233602743884
2025-09-01,0.586351374160178
2025-09-02,0.5354003444447806
2025-09-03,0.7006988239045316
2025-09-04,0.6205436763721609
2025-09-05,0.6492714606936898
2025-09-06,0.6421423311781161
2025-09-07,0.5896804528465421
2025-09-08,0.5808544269756846
2025-09-09,0.5942548259847599
2025-09-10,0.60903224551214
2025-09-11,0.664148041845049
2025-09-12,0.6066156994188249
2025-09-13,0.7342665853265544
2025-09-14,0.6987965345916544
2025-09-15,0.68831019997786
2025-09-16,0.6423186934111933
2025-09-17,0.7243811463850426
2025-09-18,0.6380882458340559
2025-09-19,0.6477027259573921
2025-09-20,0.657997562250589
2025-09-21,0.6847787261569759
2025-09-22,0.6816773612879043
2025-09-23,0.6261756781808734
2025-09-24,0.6233378128269129
2025-09-25,0.6819937588180328
2025-09-26,0.6857271044915453
2025-09-27,0.6302199454448087
2025-09-28,0.570405909689412
2025-09-29,0.6392329411658109
2025-09-30,0.6805641393633698
2025-10-01,0.7394035283550819
2025-10-02,0.5889354332956566
2025-10-03,0.6271613116215743
2025-10-04,0.6286322382828288
2025-10-05,0.7154613394843887
2025-10-06,0.6454488955178099
2025-10-07,0.6013109232572349
2025-10-08,0.674049832421954
2025-10-09,0.625277662275679
2025-10-10,0.5836416269803303
2025-10-11,0.5995308022170378
2025-10-12,0.7301373217099176
2025-10-13,0.6618689385267461
2025-10-14,0.647227460886699
2025-10-15,0.6284837219006831
2025-10-16,0.6546830264293789
2025-10-17,0.6531430498370051
2025-10-18,0.6527541345678615
2025-10-19,0.6428614527416883
2025-10-20,0.6794919888356742
2025-10-21,0.6360998477478733
2025-10-22,0.5849002601913014
2025-10-23,0.601988981946463
2025-10-24,0.5324328210971514
2025-10-25,0.7314593090115606
2025-10-26,0.6719523233390049
2025-10-27,0.5859690389726684
2025-10-28,0.6120005183753188
2025-10-29,0.5928317702445501
2025-10-30,0.7003488435640696
2025-10-31,0.5507370006375579
2025-11-01,0.6259279661671416
2025-11-02,0.6132154563852764
2025-11-03,0.6583863091960727
2025-11-04,0.6102117626463577
2025-11-05,0.5258354274390127
2025-11-06,0.5994899214223625
2025-11-07,0.561704442547434
2025-11-08,0.6125255830722155
2025-11-09,0.6784573451682843
2025-11-10,0.5179474868461331
2025-11-11,0.563046778313556
2025-11-12,0.5735318951357663
2025-11-13,0.5801636379656818
2025-11-14,0.6343007173605113
2025-11-15,0.5866376242554572
2025-11-16,0.6140971485521536
2025-11-17,0.5599828783306793
2025-11-18,0.600705220315012
2025-11-19,0.6260099225619578
2025-11-20,0.548390285956813
2025-11-21,0.6219332029654698
2025-11-22,0.5833194141671224
2025-11-23,0.6307853531289456
2025-11-24,0.5662296465739689
2025-11-25,0.5931285652821012
2025-11-26,0.5697797644334429
2025-11-27,0.5647219275333976
2025-11-28,0.5801809226723464
2025-11-29,0.5917567123438118
2025-11-30,0.5001007947956467
2025-12-01,0.6319048788217908
2025-12-02,0.46486635890904987
2025-12-03,0.5212180759466565
2025-12-04,0.5483379647882085
2025-12-05,0.5712462333934138
2025-12-06,0.6269990756409245
2025-12-07,0.45282360928718646
2025-12-08,0.5178876585126059
2025-12-09,0.4344520492401502
2025-12-10,0.5398840929629397
2025-12-11,0.549385094125895
2025-12-12,0.6128280140591857
2025-12-13,0.5367974130249656
2025-12-14,0.5804352629486074
2025-12-15,0.5548858257041737
2025-12-16,0.5013839132493845
2025-12-17,0.4501437784773901
2025-12-18,0.5317813216494933
2025-12-19,0.4408601537598486
2025-12-20,0.5776550734441024
2025-12-21,0.5022172589185074
2025-12-22,0.5675018206590612
2025-12-23,0.48115252003679154
2025-12-24,0.5160245427434261
2025-12-25,0.5104674428667375
2025-12-26,0.4951657906760791
2025-12-27,0.47320378258676066
2025-12-28,0.5118798508400418
2025-12-29,0.4433714728054929
2025-12-30,0.42663351374143305
2025-12-31,0.5466760900492266
2026-01-01,0.5183271927097042
2026-01-02,0.48270276461312595
2026-01-03,0.560110796027548
2026-01-04,0.4609177524365389
2026-01-05,0.5379011545229626
2026-01-06,0.4780130292660001
2026-01-07,0.4154742355455592
2026-01-08,0.556601094687651
2026-01-09,0.5112325480637788
2026-01-10,0.45315522481940607
2026-01-11,0.49308619804460785
2026-01-12,0.43407664460166456
2026-01-13,0.49326700249912325
2026-01-14,0.32981763679668746
2026-01-15,0.3959585149888145
2026-01-16,0.4935043057807487
2026-01-17,0.42966771215251215
2026-01-18,0.4501539163635418
2026-01-19,0.37008167650238294
2026-01-20,0.5274770109025404
2026-01-21,0.4922920809248236
2026-01-22,0.42043319844580496
2026-01-23,0.40795513113946597
2026-01-24,0.47741388554699005
2026-01-25,0.5228228809306305
2026-01-26,0.4691756716857363
2026-01-27,0.5278893576390842
2026-01-28,0.37101713657176155
2026-01-29,0.37402539503139465
2026-01-30,0.3534329030792621
2026-01-31,0.4328790294383605
2026-02-01,0.41750864697294854
2026-02-02,0.3990954315602709
2026-02-03,0.44514808627263985
2026-02-04,0.4643219961054856
2026-02-05,0.324471686799317
2026-02-06,0.3689848557800013
2026-02-07,0.4379492646226031
2026-02-08,0.3716943167493222
2026-02-09,0.3533412028398256
2026-02-10,0.4423802656381336
2026-02-11,0.3252124430692021
2026-02-12,0.3728751964559615
2026-02-13,0.4026863300184572
2026-02-14,0.35589678027190286
2026-02-15,0.4221134051400429
2026-02-16,0.35291430272661395
2026-02-17,0.4502268114460945
2026-02-18,0.3719818262741082
2026-02-19,0.410342023839905
2026-02-20,0.41262560369427004
2026-02-21,0.34253023901762597
2026-02-22,0.2698531088380763
2026-02-23,0.3892231939918221
2026-02-24,0.3734959641468055
2026-02-25,0.3964075456071202
2026-02-26,0.3560634998893546
2026-02-27,0.34468141309103373
2026-02-28,0.4654790201012491
2026-03-01,0.290330225004067
2026-03-02,0.3995783256904121
2026-03-03,0.3331242139333361
2026-03-04,0.3440798165761008
2026-03-05,0.34406927404786336
2026-03-06,0.3188498776001538
2026-03-07,0.3867217523977407
2026-03-08,0.42687370235322547
2026-03-09,0.38006545907354833
2026-03-10,0.36099963222975995
2026-03-11,0.3058169843968101
2026-03-12,0.3803316750134966
2026-03-13,0.4617024133106023
2026-03-14,0.33428801758439763
2026-03-15,0.3340048504916655
2026-03-16,0.32427447093813677
2026-03-17,0.32742687191618103
2026-03-18,0.2142451480532781
2026-03-19,0.37141843788009626
2026-03-20,0.30858970514817663
2026-03-21,0.27009899463833337
2026-03-22,0.3880607515204041
2026-03-23,0.29613379757456865
2026-03-24,0.33317904561985956
2026-03-25,0.4233568442624454
2026-03-26,0.27954059913834584
2026-03-27,0.2733825894719012
2026-03-28,0.36353336737501324
2026-03-29,0.4076424108627634
2026-03-30,0.27159533998359303
2026-03-31,0.37088565157873316
2026-04-01,0.37978418033298
2026-04-02,0.24805344842527172
2026-04-03,0.391257957296343
2026-04-04,0.39552865545725785
2026-04-05,0.33651849884262386
2026-04-06,0.41517833531790316
2026-04-07,0.40988072496941846
2026-04-08,0.3587543136910053
2026-04-09,0.331610000989394
2026-04-10,0.306167937917242
2026-04-11,0.3536012422470683
2026-04-12,0.38468027343711414
2026-04-13,0.3407390074534016
2026-04-14,0.24787071273507266
2026-04-15,0.42202152322026626
2026-04-16,0.3689789591479302
2026-04-17,0.3414101855104611
2026-04-18,0.404214311092201
2026-04-19,0.4385943859152287
2026-04-20,0.22331372701147223
2026-04-21,0.3862098121474013
2026-04-22,0.29429164584924594
2026-04-23,0.3917469269455239
2026-04-24,0.37439452952269864
2026-04-25,0.4010303785156284
2026-04-26,0.345566300067781
2026-04-27,0.278189668946568
2026-04-28,0.35069423183420584
2026-04-29,0.3949535598441937
2026-04-30,0.4268164866251739
2026-05-01,0.3189277272594845
2026-05-02,0.4303810293955089
2026-05-03,0.3481789559502802
2026-05-04,0.40027501581791675
2026-05-05,0.3582726961516614
2026-05-06,0.3945252394670217
2026-05-07,0.4316938575987122
2026-05-08,0.3274659945082824
2026-05-09,0.3565710720496827
2026-05-10,0.4015965923157092
2026-05-11,0.5142416415354389
2026-05-12,0.35284833035861174
2026-05-13,0.499890682878292
2026-05-14,0.5000115855517258
2026-05-15,0.3968609888835568
2026-05-16,0.38878416670451826
2026-05-17,0.3710823178773901
2026-05-18,0.4042971834888659
2026-05-19,0.3394204188882809
2026-05-20,0.4080202612900984
2026-05-21,0.4887781735068919
2026-05-22,0.3855073575146376
2026-05-23,0.4061777190194484
2026-05-24,0.335333469062345
2026-05-25,0.4412937457541735
2026-05-26,0.4380378122307002
2026-05-27,0.4302442119219851
2026-05-28,0.41848472133781184
2026-05-29,0.4169761000351093
2026-05-30,0.4590171940324587
2026-05-31,0.4348091189251336
2026-06-01,0.45434519975542353
2026-06-02,0.451710599374256
2026-06-03,0.4995151695741944
2026-06-04,0.4795926452592871
2026-06-05,0.4578012452568974
2026-06-06,0.5265098291989299
2026-06-07,0.4740473703124528
2026-06-08,0.5207412115484986
2026-06-09,0.48831252913944906
2026-06-10,0.3683542221442197
2026-06-11,0.5281884110938266
2026-06-12,0.47221296153254044
2026-06-13,0.465374124138993
2026-06-14,0.4845664839054421
2026-06-15,0.45578585404331035
2026-06-16,0.4869303910786703
2026-06-17,0.44853631714486314
2026-06-18,0.5444013863188328
2026-06-19,0.4775717432506931
2026-06-20,0.4666902953913008
2026-06-21,0.4421457373290176
2026-06-22,0.5044067978525621
2026-06-23,0.5029020200555766
2026-06-24,0.5155484646498053
2026-06-25,0.4473463560914386
2026-06-26,0.4212319895927254
2026-06-27,0.5351523311593971
2026-06-28,0.5806854280445024
2026-06-29,0.4577143104853742
2026-06-30,0.5910800360631028
2026-07-01,0.5283760654094
2026-07-02,0.516395705840712
2026-07-03,0.4994347917905959
2026-07-04,0.45264397856673155
2026-07-05,0.573807477737006
2026-07-06,0.488184669786951
2026-07-07,0.49051059968215593
2026-07-08,0.5816244528103149
2026-07-09,0.4403966782010017
2026-07-10,0.4608734365387307
2026-07-11,0.5386431117337941
2026-07-12,0.5566988227301246
2026-07-13,0.5687436552894677
2026-07-14,0.5318761314705578
2026-07-15,0.6759297557657629
2026-07-16,0.5404472189623156
2026-07-17,0.5427177520043287
2026-07-18,0.5168068613398991
2026-07-19,0.5652338823245202
2026-07-20,0.5921514554246811
2026-07-21,0.6239289537221037
2026-07-22,0.4916136044305631
2026-07-23,0.5560862371084822
2026-07-24,0.5930091066915337
2026-07-25,0.6022937827960294
2026-07-26,0.5755137049070911
2026-07-27,0.604530557128983
2026-07-28,0.5391613125779985
2026-07-29,0.6596813373970126
2026-07-30,0.6335697945104973
2026-07-31,0.518819450832388
2026-08-01,0.5344126354380332
2026-08-02,0.5378975219783918
2026-08-03,0.6261911885393263
2026-08-04,0.5300780338685012
2026-08-05,0.5797569902750787
2026-08-06,0.6210086734022017
2026-08-07,0.5969012829047072
2026-08-08,0.6150603872071886
2026-08-09,0.5507020484656083
2026-08-10,0.6355802601859373
2026-08-11,0.5769909424275947
2026-08-12,0.5932026493930751
2026-08-13,0.6230698880225894
2026-08-14,0.6180539352063433
2026-08-15,0.6157822928693597
2026-08-16,0.5787012651062186
2026-08-17,0.6028700077018468
2026-08-18,0.6195366091092449
2026-08-19,0.5522177302897873
2026-08-20,0.5993540594012173
2026-08-21,0.6433371237602291
2026-08-22,0.5615169917205278
2026-08-23,0.6846164411826723
2026-08-24,0.6916289885924661
2026-08-25,0.5672137904094836
2026-08-26,0.6986369294589057
2026-08-27,0.6248227511604232
2026-08-28,0.6541343263522774
2026-08-29,0.6095433410038239
2026-08-30,0.68165561171004
2026-08-31,0.6568953954565662
2026-09-01,0.5969298810790286
2026-09-02,0.5803835083306986
2026-09-03,0.5665934678952358
2026-09-04,0.649929290765952
2026-09-05,0.6700377420975503
2026-09-06,0.6748025209407975
2026-09-07,0.6371530947641972
2026-09-08,0.5859578497648764
2026-09-09,0.6104168423834327
2026-09-10,0.7028080994017052
2026-09-11,0.621586301264355
2026-09-12,0.6535724641289287
2026-09-13,0.5931595295680783
2026-09-14,0.6642681350699489
2026-09-15,0.6250079944106202
2026-09-16,0.7006372742236392
2026-09-17,0.6873449949093586
2026-09-18,0.6242032300613667
2026-09-19,0.6429325952977214
2026-09-20,0.6219430232610939
2026-09-21,0.5787159143025583
