Date,Tuna_Price
2000-01-01,12.277534519520168
2000-01-02,11.92131330467859
2000-01-03,11.851072046835109
2000-01-04,12.052411685185609
2000-01-05,11.911863614847219
2000-01-06,11.664011240898978
2000-01-07,12.122757117871874
2000-01-08,11.468389300429024
2000-01-09,11.898288495055576
2000-01-10,11.337043400554613
2000-01-11,11.862497496050306
2000-01-12,11.859211231327386
2000-01-13,12.304250827369906
2000-01-14,11.331822170762972
2000-01-15,11.621048186039364
2000-01-16,12.04811906676775
2000-01-17,11.9019095157147
2000-01-18,11.855405854196757
2000-01-19,11.514473627907945
2000-01-20,11.624068834368078
2000-01-21,12.174826641262484
2000-01-22,11.785861580669328
2000-01-23,11.91392224763885
2000-01-24,11.766757840162564
2000-01-25,11.446388684220578
2000-01-26,12.081457466618005
2000-01-27,11.952284054155255
2000-01-28,12.493005390005663
2000-01-29,11.496639924900343
2000-01-30,12.322733624215621
2000-01-31,11.388767328895916
2000-02-01,11.499935628406618
2000-02-02,12.469176238771068
2000-02-03,11.575172006435661
2000-02-04,11.430557168461483
2000-02-05,11.668312842005273
2000-02-06,12.141937091421362
2000-02-07,12.083710363040558
2000-02-08,12.727124562069536
2000-02-09,12.372180338671248
2000-02-10,12.210986419483936
2000-02-11,13.065910539385893
2000-02-12,12.97691550411928
2000-02-13,12.20453617452218
2000-02-14,13.064015617691563
2000-02-15,12.309038596866271
2000-02-16,12.847579546796805
2000-02-17,12.70849218585728
2000-02-18,11.681001852547542
2000-02-19,12.461881607493027
2000-02-20,11.956420761558983
2000-02-21,12.526285064418408
2000-02-22,12.519314297665671
2000-02-23,12.613019517183552
2000-02-24,12.783786925050457
2000-02-25,12.08195444347301
2000-02-26,12.552110105079644
2000-02-27,12.554555381112664
2000-02-28,12.7270556162377
2000-02-29,12.519150294480918
2000-03-01,12.94988380728003
2000-03-02,13.37612281111284
2000-03-03,12.684478520241882
2000-03-04,12.868733306737536
2000-03-05,12.246705505646487
2000-03-06,13.16547898644461
2000-03-07,13.661798503698874
2000-03-08,12.503554067116644
2000-03-09,12.091725274398263
2000-03-10,12.580509300700045
2000-03-11,12.768639195331643
2000-03-12,13.010297802943619
2000-03-13,13.491157423028985
2000-03-14,12.878833506657807
2000-03-15,13.243940372876159
2000-03-16,12.25376589534248
2000-03-17,12.698170210717885
2000-03-18,13.807614788531966
2000-03-19,12.587786961233055
2000-03-20,12.90652527735291
2000-03-21,13.384624236315254
2000-03-22,12.44714431959028
2000-03-23,12.43379588973001
2000-03-24,12.76805747657522
2000-03-25,13.937686605682744
2000-03-26,13.302711053408279
2000-03-27,13.018028643096951
2000-03-28,12.78880293408591
2000-03-29,12.900229362848965
2000-03-30,13.149890237945016
2000-03-31,13.484674089274582
2000-04-01,13.635839023676132
2000-04-02,12.780319702536541
2000-04-03,12.650970935379496
2000-04-04,13.023780465525535
2000-04-05,12.713123101877128
2000-04-06,12.59216256542381
2000-04-07,13.275125738736211
2000-04-08,13.393296496837138
2000-04-09,12.608255144832365
2000-04-10,13.142769769341628
2000-04-11,13.084247340104886
2000-04-12,13.787129340055861
2000-04-13,12.491758072262805
2000-04-14,13.63788252127344
2000-04-15,13.297467927222836
2000-04-16,13.059441324705766
2000-04-17,13.608684278118453
2000-04-18,13.399745399379439
2000-04-19,13.201861512356052
2000-04-20,12.265313404725708
2000-04-21,13.353144405749156
2000-04-22,13.413409342848874
2000-04-23,13.470557449632189
2000-04-24,12.493166875629592
2000-04-25,13.440873760219862
2000-04-26,13.684773721372773
2000-04-27,12.884840372622433
2000-04-28,13.095965569145143
2000-04-29,12.771604246386987
2000-04-30,13.247228662034676
2000-05-01,13.197491569993424
2000-05-02,13.27441780965252
2000-05-03,14.266767083503456
2000-05-04,13.361528063778305
2000-05-05,13.37010067664987
2000-05-06,13.300840520365231
2000-05-07,12.947973627462833
2000-05-08,13.740114073725762
2000-05-09,13.642542446946754
2000-05-10,12.9391182801765
2000-05-11,13.687413299725215
2000-05-12,13.932509713004075
2000-05-13,13.323466487025978
2000-05-14,12.83125971981326
2000-05-15,13.151835158276892
2000-05-16,13.337820808725146
2000-05-17,12.958839597956791
2000-05-18,14.144301525836589
2000-05-19,13.33823536246642
2000-05-20,13.187138883789405
2000-05-21,12.52637409816701
2000-05-22,13.024457801189945
2000-05-23,12.92436415939573
2000-05-24,13.135248876402645
2000-05-25,13.242614886510614
2000-05-26,12.685957606215956
2000-05-27,12.24921645019453
2000-05-28,13.053688226279487
2000-05-29,13.423793774338872
2000-05-30,12.318384958114324
2000-05-31,13.33561494512817
2000-06-01,12.709182322417812
2000-06-02,12.333406238210097
2000-06-03,13.552161262142235
2000-06-04,12.99470336939267
2000-06-05,12.674103487761785
2000-06-06,13.353879310081513
2000-06-07,13.346340977136402
2000-06-08,12.920408591941888
2000-06-09,13.378714213596377
2000-06-10,12.807381860302359
2000-06-11,13.514717235766398
2000-06-12,11.876606421836572
2000-06-13,12.601165815767503
2000-06-14,12.80529075424238
2000-06-15,13.04698910766616
2000-06-16,13.915926047972215
2000-06-17,13.260045803884354
2000-06-18,12.205436116609725
2000-06-19,12.878824425112919
2000-06-20,11.977750103606526
2000-06-21,12.4501769537918
2000-06-22,12.349797638114175
2000-06-23,13.590310207418987
2000-06-24,13.477051004581634
2000-06-25,12.530952012342938
2000-06-26,12.268541225673165
2000-06-27,12.248445050182502
2000-06-28,12.556933891541663
2000-06-29,13.082615358418245
2000-06-30,12.608190148339702
2000-07-01,12.13778303200717
2000-07-02,13.028028888058323
2000-07-03,11.910086026893115
2000-07-04,11.999267317741698
2000-07-05,12.73245225836973
2000-07-06,12.416235680902698
2000-07-07,12.77276996579192
2000-07-08,12.595966825869677
2000-07-09,12.101635326421292
2000-07-10,12.57757374955334
2000-07-11,11.987316317307982
2000-07-12,12.209958030144904
2000-07-13,11.78893565226875
2000-07-14,11.283904938758742
2000-07-15,12.60499883112112
2000-07-16,12.83144325913236
2000-07-17,12.793165311243852
2000-07-18,13.016927010035609
2000-07-19,12.084028615832837
2000-07-20,12.561188855420902
2000-07-21,11.794006381005596
2000-07-22,11.519818844318142
2000-07-23,11.600802387150097
2000-07-24,11.398291874769667
2000-07-25,12.0476098073265
2000-07-26,11.141969450279499
2000-07-27,11.87452702298557
2000-07-28,12.01595313953333
2000-07-29,12.320867523963127
2000-07-30,11.685244031309995
2000-07-31,11.525608311769215
2000-08-01,11.368489104653717
2000-08-02,11.507204928147404
2000-08-03,12.366355295928878
2000-08-04,12.28270860223393
2000-08-05,12.670598707512562
2000-08-06,11.574517518738947
2000-08-07,11.84074579087096
2000-08-08,12.109324705728927
2000-08-09,11.683072118470733
2000-08-10,11.48312514473248
2000-08-11,11.73837762148536
2000-08-12,12.270492706265173
2000-08-13,11.438534921898501
2000-08-14,11.568668082431897
2000-08-15,11.941696990579647
2000-08-16,11.533955086816334
2000-08-17,11.75911129976829
2000-08-18,10.94017667691809
2000-08-19,11.463990553311683
2000-08-20,11.88250964860305
2000-08-21,11.667592293972227
2000-08-22,11.567255946631741
2000-08-23,11.579839382458655
2000-08-24,11.539403498542914
2000-08-25,9.535545640052074
2000-08-26,11.084770470090968
2000-08-27,11.22727891232012
2000-08-28,11.04733459824146
2000-08-29,10.81584546948351
2000-08-30,11.644328210374749
2000-08-31,10.845094076310932
2000-09-01,12.19319901408391
2000-09-02,11.88667276652927
2000-09-03,11.68684792555312
2000-09-04,11.670210052925436
2000-09-05,10.371625102497703
2000-09-06,12.238195805393211
2000-09-07,11.414296634925817
2000-09-08,11.948270297130279
2000-09-09,11.326028966210586
2000-09-10,10.251356536703678
2000-09-11,11.132419843272949
2000-09-12,11.846187394276043
2000-09-13,11.723111179845663
2000-09-14,11.018258123730499
2000-09-15,11.254287859294399
2000-09-16,10.430903680464619
2000-09-17,10.930006541598644
2000-09-18,11.25267034237749
2000-09-19,10.118682824472417
2000-09-20,10.989219472071717
2000-09-21,12.450340521428357
2000-09-22,10.994701099059425
2000-09-23,11.219849387425318
2000-09-24,10.58963508371159
2000-09-25,11.351213150143032
2000-09-26,10.783107579658564
2000-09-27,10.808878052331842
2000-09-28,10.753171069571597
2000-09-29,11.496976799443472
2000-09-30,11.215048429769572
2000-10-01,11.25443362011355
2000-10-02,10.65475553947366
2000-10-03,10.400852388616562
2000-10-04,10.543977305803821
2000-10-05,11.074501481561558
2000-10-06,10.192370806189878
2000-10-07,10.16433128709113
2000-10-08,10.395983802057566
2000-10-09,10.971843979117478
2000-10-10,11.199071077689581
2000-10-11,9.916935905129167
2000-10-12,11.174552813418218
2000-10-13,10.737857248166447
2000-10-14,10.794294163507901
2000-10-15,11.738735788616413
2000-10-16,10.443194583895716
2000-10-17,12.105228349234126
2000-10-18,11.147342605644472
2000-10-19,11.048014386388957
2000-10-20,11.377400795787217
2000-10-21,10.051934728814214
2000-10-22,11.2478776754801
2000-10-23,10.646956164802743
2000-10-24,11.048071561702512
2000-10-25,10.363751345814942
2000-10-26,11.651019661108275
2000-10-27,10.242160121370533
2000-10-28,10.59895614459815
2000-10-29,10.869120052746984
2000-10-30,10.72311168304102
2000-10-31,10.409338140924522
2000-11-01,11.596563166166806
2000-11-02,10.382996423946173
2000-11-03,11.041120679131842
2000-11-04,11.231587985790894
2000-11-05,10.724208006669205
2000-11-06,10.230376393184569
2000-11-07,11.019761774569389
2000-11-08,9.55088731346467
2000-11-09,11.834282388158345
2000-11-10,11.339140200439928
2000-11-11,10.464097574055813
2000-11-12,10.381808094399274
2000-11-13,10.352741053577706
2000-11-14,10.635663706397388
2000-11-15,11.015621529203536
2000-11-16,11.57421505547452
2000-11-17,10.72738360394891
2000-11-18,10.820892157495733
2000-11-19,11.03652326512641
2000-11-20,10.352160314354876
2000-11-21,11.193608925641783
2000-11-22,10.638123128869532
2000-11-23,10.028951680291085
2000-11-24,11.049979066416963
2000-11-25,10.896229990795842
2000-11-26,10.47632234326542
2000-11-27,10.873655045739048
2000-11-28,10.935179547371868
2000-11-29,10.899492674644423
2000-11-30,10.863195480249168
2000-12-01,11.018948141836951
2000-12-02,11.343016153659221
2000-12-03,10.893712919599334
2000-12-04,11.139985069465826
2000-12-05,10.51449487477468
2000-12-06,10.757724412346944
2000-12-07,10.871618722836754
2000-12-08,10.684661256904205
2000-12-09,10.85569629398645
2000-12-10,10.493977903011878
2000-12-11,11.992557812352313
2000-12-12,10.856765311169363
2000-12-13,11.40783300661054
2000-12-14,10.639559228383979
2000-12-15,10.85359005318543
2000-12-16,11.479796115499122
2000-12-17,10.510928068813431
2000-12-18,10.80731523706032
2000-12-19,11.77299886797038
2000-12-20,10.445377115860563
2000-12-21,11.05046639163515
2000-12-22,10.72578128977477
2000-12-23,10.795056659372053
2000-12-24,11.242768318471443
2000-12-25,11.38028053191223
2000-12-26,11.181411636855945
2000-12-27,11.284753225203188
2000-12-28,10.449595838500757
2000-12-29,11.77167940813769
2000-12-30,11.366903662730879
2000-12-31,11.51868974529538
2001-01-01,11.522819532649393
2001-01-02,11.52167587930626
2001-01-03,11.58070606516813
2001-01-04,11.488610954956291
2001-01-05,11.774597430882327
2001-01-06,11.408313239153705
2001-01-07,11.718959626030452
2001-01-08,10.982404167053812
2001-01-09,12.075749841463434
2001-01-10,12.207341445524497
2001-01-11,11.684811376517722
2001-01-12,11.621931521496244
2001-01-13,11.146744989129138
2001-01-14,11.146573777427486
2001-01-15,11.707338609779137
2001-01-16,11.488706851211889
2001-01-17,11.594932901383467
2001-01-18,12.346223846773604
2001-01-19,12.18586188539664
2001-01-20,11.502771985369458
2001-01-21,11.676027500760757
2001-01-22,12.292109587179864
2001-01-23,11.658486718629941
2001-01-24,10.561303902573059
2001-01-25,12.13188746150747
2001-01-26,12.253810282540321
2001-01-27,11.738284901279403
2001-01-28,11.851156372766056
2001-01-29,11.77708086075355
2001-01-30,12.567242893931255
2001-01-31,12.295861923506537
2001-02-01,12.583774811220268
2001-02-02,12.20027746384167
2001-02-03,11.726181586781449
2001-02-04,11.503620856564476
2001-02-05,11.757649375398278
2001-02-06,11.488769896611847
2001-02-07,12.965166466453063
2001-02-08,12.21244523816156
2001-02-09,11.746973290808189
2001-02-10,11.457583132988244
2001-02-11,12.83075563689957
2001-02-12,12.827970790055126
2001-02-13,12.37733671820231
2001-02-14,14.069969973911162
2001-02-15,12.193082109560514
2001-02-16,12.3642201246525
2001-02-17,12.414948489300928
2001-02-18,12.92274987278994
2001-02-19,11.442342660571203
2001-02-20,12.002878042523811
2001-02-21,13.035735151216837
2001-02-22,12.854639545207803
2001-02-23,12.222181886098827
2001-02-24,13.235658363462765
2001-02-25,11.905432215810558
2001-02-26,12.411836195541468
2001-02-27,13.167641587753463
2001-02-28,13.387759862260486
2001-03-01,12.174069596785985
2001-03-02,12.755655438632846
2001-03-03,12.314535018006545
2001-03-04,13.334364362428525
2001-03-05,12.936527792629382
2001-03-06,13.070562680713815
2001-03-07,13.166214860738767
2001-03-08,12.474216403330711
2001-03-09,12.516385133651383
2001-03-10,12.998795314961445
2001-03-11,12.75762189595343
2001-03-12,12.881968952835372
2001-03-13,12.819519298507641
2001-03-14,12.521066108143017
2001-03-15,12.729842683056436
2001-03-16,13.19250484007649
2001-03-17,12.640379599857429
2001-03-18,11.941312973833549
2001-03-19,13.565589730301497
2001-03-20,12.459205999245079
2001-03-21,13.284937992026792
2001-03-22,12.417845158418315
2001-03-23,12.316204286038698
2001-03-24,12.278656493307988
2001-03-25,12.666031464197117
2001-03-26,13.374406952684627
2001-03-27,12.42130626133322
2001-03-28,12.787658452637768
2001-03-29,12.323213246284046
2001-03-30,13.181137070650747
2001-03-31,13.06326603352767
2001-04-01,12.278251523812653
2001-04-02,13.50572848114622
2001-04-03,13.221652758607286
2001-04-04,13.45703518947749
2001-04-05,13.248640607153003
2001-04-06,13.166599557486169
2001-04-07,12.456644172583044
2001-04-08,12.63924242225035
2001-04-09,12.728364413224366
2001-04-10,14.192466774409018
2001-04-11,13.628748098052267
2001-04-12,13.026134591453618
2001-04-13,13.154427750096056
2001-04-14,13.658527948758978
2001-04-15,13.835103302520192
2001-04-16,12.80483362771256
2001-04-17,13.884631391890451
2001-04-18,13.149419166736605
2001-04-19,13.03656871679434
2001-04-20,13.39333126750649
2001-04-21,13.691779380337115
2001-04-22,13.772762861421489
2001-04-23,12.987602472110963
2001-04-24,12.82777428656782
2001-04-25,13.18556812665661
2001-04-26,13.202271036110917
2001-04-27,13.33253299002174
2001-04-28,13.386158085565386
2001-04-29,13.232938686119521
2001-04-30,13.62608922915251
2001-05-01,13.689394277433369
2001-05-02,13.855133975135146
2001-05-03,12.364687756234074
2001-05-04,13.410985706232012
2001-05-05,13.594237752625355
2001-05-06,12.978336363941397
2001-05-07,13.196852649197533
2001-05-08,13.230334081439162
2001-05-09,13.089049502891488
2001-05-10,12.766401993940564
2001-05-11,13.270614133092309
2001-05-12,13.992167149846901
2001-05-13,13.558483159339662
2001-05-14,13.85411360619557
2001-05-15,13.933523381339059
2001-05-16,12.639216693103497
2001-05-17,12.60389546313405
2001-05-18,13.278850709206688
2001-05-19,13.25758338049177
2001-05-20,13.103443657132537
2001-05-21,11.866689784399194
2001-05-22,12.973976075152788
2001-05-23,13.222252900189941
2001-05-24,13.511385306151947
2001-05-25,13.820812271638484
2001-05-26,12.965538987525091
2001-05-27,13.370977183167753
2001-05-28,13.44890775197875
2001-05-29,13.079326570261031
2001-05-30,13.16881863916092
2001-05-31,11.932734963631642
2001-06-01,12.397727757628529
2001-06-02,12.954019521488933
2001-06-03,12.430582657646372
2001-06-04,12.86750936973176
2001-06-05,12.605578569078233
2001-06-06,12.81854571295998
2001-06-07,13.05315984548771
2001-06-08,13.47848726673617
2001-06-09,13.565049008348074
2001-06-10,12.9602382591472
2001-06-11,14.00887384159185
2001-06-12,12.215433822865965
2001-06-13,12.169067017810509
2001-06-14,13.023976164116007
2001-06-15,12.611158006251454
2001-06-16,13.193035068420667
2001-06-17,12.950119691221753
2001-06-18,13.237308431573489
2001-06-19,13.14576629860198
2001-06-20,12.578382307823817
2001-06-21,12.900677571179706
2001-06-22,12.85704027734268
2001-06-23,12.529314937588532
2001-06-24,13.058726831377236
2001-06-25,13.401346117558429
2001-06-26,12.384382899772277
2001-06-27,12.674597483654328
2001-06-28,13.037034803702682
2001-06-29,13.06811340241493
2001-06-30,12.723519581947185
2001-07-01,12.575938157170667
2001-07-02,13.132205450104994
2001-07-03,12.36596253132998
2001-07-04,12.38079005265487
2001-07-05,12.304578191700617
2001-07-06,12.927045593298129
2001-07-07,13.330051305388507
2001-07-08,13.404700869108261
2001-07-09,12.163060143099669
2001-07-10,12.131619150978796
2001-07-11,13.306107302962163
2001-07-12,12.055519887488126
2001-07-13,13.06089497134034
2001-07-14,12.32272749821497
2001-07-15,12.5343288485906
2001-07-16,13.024160010665142
2001-07-17,12.078955206425006
2001-07-18,12.241987156753796
2001-07-19,12.234320037371779
2001-07-20,11.192339491322786
2001-07-21,12.210329544618153
2001-07-22,11.529782388761342
2001-07-23,12.77110213968728
2001-07-24,11.699498156746564
2001-07-25,11.78257750749065
2001-07-26,13.480458930810663
2001-07-27,12.604737382679907
2001-07-28,11.735536790742321
2001-07-29,12.133880899695303
2001-07-30,11.383717772341834
2001-07-31,12.1704781346574
2001-08-01,11.655605864985352
2001-08-02,12.19831287566267
2001-08-03,12.211849117029265
2001-08-04,11.93473405369102
2001-08-05,11.133626081937486
2001-08-06,11.901883915631577
2001-08-07,12.056830730937484
2001-08-08,12.003862087179707
2001-08-09,11.407255302495381
2001-08-10,12.005973847366894
2001-08-11,11.255114707637864
2001-08-12,10.61000025945957
2001-08-13,11.548862794531315
2001-08-14,11.50931185232958
2001-08-15,11.344701102543041
2001-08-16,11.396335633683615
2001-08-17,12.96896913008567
2001-08-18,11.775663368976309
2001-08-19,12.26648202166443
2001-08-20,11.805732895067926
2001-08-21,11.369778104329093
2001-08-22,10.900138531423519
2001-08-23,11.550608917271626
2001-08-24,11.865823773311128
2001-08-25,11.377064457097898
2001-08-26,12.285822952252202
2001-08-27,11.296373235334856
2001-08-28,11.812859241322295
2001-08-29,12.274911042651794
2001-08-30,10.64667641660214
2001-08-31,11.25772182833758
2001-09-01,11.411283697678082
2001-09-02,11.034779868488343
2001-09-03,10.034347588080625
2001-09-04,11.098334224909847
2001-09-05,11.722229621568134
2001-09-06,11.619125730122756
2001-09-07,10.838073947825478
2001-09-08,11.262417065247808
2001-09-09,11.883134758585395
2001-09-10,11.061911276764079
2001-09-11,11.589313950468593
2001-09-12,10.718650834191909
2001-09-13,10.878758110876701
2001-09-14,11.173335634086643
2001-09-15,11.247018482677202
2001-09-16,10.657564062512536
2001-09-17,11.469314326440111
2001-09-18,11.237474450807486
2001-09-19,11.278729523953647
2001-09-20,10.758725653900132
2001-09-21,11.286971999699825
2001-09-22,10.997898539941966
2001-09-23,10.514136264493255
2001-09-24,10.617994195772113
2001-09-25,10.592670367836895
2001-09-26,11.353315340172795
2001-09-27,11.473553067628606
2001-09-28,11.729090063325314
2001-09-29,10.03433418152816
2001-09-30,10.523942959836635
2001-10-01,10.957639861758626
2001-10-02,10.754606292082778
2001-10-03,11.747897170974708
2001-10-04,9.99419540785831
2001-10-05,11.103682352729557
2001-10-06,10.849911821899086
2001-10-07,10.909711178318783
2001-10-08,10.802597018722745
2001-10-09,10.783159163836382
2001-10-10,11.174170959475815
2001-10-11,10.380663873301778
2001-10-12,10.248803537066124
2001-10-13,10.293605902900117
2001-10-14,10.050602421661003
2001-10-15,11.36988296586122
2001-10-16,10.849564459576149
2001-10-17,10.748029569435543
2001-10-18,11.106513797342403
2001-10-19,10.473842494931102
2001-10-20,11.476215065311292
2001-10-21,10.274144058368654
2001-10-22,10.92511919162535
2001-10-23,10.521627290772354
2001-10-24,11.104072502394676
2001-10-25,11.94939857206196
2001-10-26,10.274278867280044
2001-10-27,10.67572697206851
2001-10-28,11.15359814051798
2001-10-29,11.291938054146577
2001-10-30,10.759654827942894
2001-10-31,10.27931382704404
2001-11-01,10.964908058845845
2001-11-02,11.636531498049562
2001-11-03,10.587912080401075
2001-11-04,10.813925794761454
2001-11-05,11.82037121639147
2001-11-06,10.97049302552888
2001-11-07,10.669588122048577
2001-11-08,10.814845015249626
2001-11-09,10.438774474851213
2001-11-10,10.079294274083432
2001-11-11,10.791373061546958
2001-11-12,11.118954204787233
2001-11-13,10.60148401491748
2001-11-14,10.693986854185079
2001-11-15,11.350234123971374
2001-11-16,10.488392616757833
2001-11-17,10.489155140930977
2001-11-18,10.723935535684841
2001-11-19,10.855153334730627
2001-11-20,11.02532393595357
2001-11-21,10.695302302009987
2001-11-22,10.874613844810732
2001-11-23,11.544263336649703
2001-11-24,11.245008952094501
2001-11-25,11.31640222072948
2001-11-26,10.494721479310185
2001-11-27,12.03714079691798
2001-11-28,10.373340426355727
2001-11-29,10.185101921643456
2001-11-30,11.918474294160031
2001-12-01,10.776243833106728
2001-12-02,10.85299531600673
2001-12-03,11.923106790785674
2001-12-04,11.907474516744143
2001-12-05,11.600585573826665
2001-12-06,10.681894180210811
2001-12-07,10.615619126222889
2001-12-08,10.166777913915306
2001-12-09,10.985015689794006
2001-12-10,11.726041000232044
2001-12-11,11.3488082451192
2001-12-12,10.863164692122204
2001-12-13,11.923526350392978
2001-12-14,10.579730725440823
2001-12-15,11.039532664927657
2001-12-16,11.038164028392176
2001-12-17,10.947146359618618
2001-12-18,10.717571298530828
2001-12-19,11.176595051104846
2001-12-20,10.578085311857098
2001-12-21,11.624070587201619
2001-12-22,10.593741398948183
2001-12-23,11.091960666279265
2001-12-24,11.817967563375657
2001-12-25,11.247271826997034
2001-12-26,12.31723556814856
2001-12-27,11.402489919241658
2001-12-28,11.696876236129023
2001-12-29,11.638964300806707
2001-12-30,11.01266581799993
2001-12-31,11.954617082842661
2002-01-01,11.90800812560572
2002-01-02,11.538564732908801
2002-01-03,11.404564912557852
2002-01-04,11.691065564970854
2002-01-05,10.54664387125681
2002-01-06,12.389169496083417
2002-01-07,10.868468642806299
2002-01-08,11.086942851711328
2002-01-09,11.70280911995726
2002-01-10,12.141904063394348
2002-01-11,11.155664163722705
2002-01-12,12.07044909118364
2002-01-13,10.784204045514983
2002-01-14,12.30309886463933
2002-01-15,11.550195350665204
2002-01-16,11.943004584091264
2002-01-17,11.229296125930833
2002-01-18,11.65268669948461
2002-01-19,12.567441425580968
2002-01-20,12.348691011076516
2002-01-21,11.389520385395977
2002-01-22,11.523962432253555
2002-01-23,12.309593561917328
2002-01-24,11.919305655110444
2002-01-25,12.26124943014246
2002-01-26,12.01665323173797
2002-01-27,12.160227454762255
2002-01-28,12.166340171339778
2002-01-29,11.925112649831943
2002-01-30,11.513965823615628
2002-01-31,13.072222533768986
2002-02-01,11.319320478465569
2002-02-02,11.368403460928954
2002-02-03,12.581868299633296
2002-02-04,11.333027965938758
2002-02-05,11.553780568249339
2002-02-06,11.800148116607167
2002-02-07,12.098712970565005
2002-02-08,12.65750773155583
2002-02-09,12.630576805764347
2002-02-10,12.362162209976324
2002-02-11,12.35039991616054
2002-02-12,12.480474084929181
2002-02-13,12.465394415877743
2002-02-14,12.441533371974037
2002-02-15,12.187372365860496
2002-02-16,12.558869520065757
2002-02-17,12.335687641398671
2002-02-18,13.267960979225537
2002-02-19,12.379646699942175
2002-02-20,12.123551021043983
2002-02-21,12.781767884358214
2002-02-22,11.416884925164632
2002-02-23,12.731085739268071
2002-02-24,12.33241255044596
2002-02-25,13.08308390562081
2002-02-26,12.305625661789684
2002-02-27,12.777180118997272
2002-02-28,13.251591944080321
2002-03-01,11.171662389816529
2002-03-02,13.070769716367053
2002-03-03,12.400135014933864
2002-03-04,12.81745517921016
2002-03-05,13.199751279575828
2002-03-06,11.450918736382151
2002-03-07,12.824429070063536
2002-03-08,11.658932013649546
2002-03-09,12.60304302634746
2002-03-10,12.669422953243531
2002-03-11,12.670917630290923
2002-03-12,12.364379638002374
2002-03-13,12.431933152984698
2002-03-14,13.584034054228152
2002-03-15,13.064256329886659
2002-03-16,12.640789847257984
2002-03-17,13.752685696087296
2002-03-18,12.50194751130685
2002-03-19,12.173603845755368
2002-03-20,13.20480592882835
2002-03-21,12.404092874370725
2002-03-22,12.952744174806758
2002-03-23,12.83421292451467
2002-03-24,12.661148421124087
2002-03-25,12.54119626239216
2002-03-26,12.729927645830518
2002-03-27,12.925529040262532
2002-03-28,13.659806927998789
2002-03-29,13.10926949288738
2002-03-30,13.058695174561876
2002-03-31,13.092472360181201
2002-04-01,13.72144811473492
2002-04-02,13.768132963129283
2002-04-03,12.744740914711606
2002-04-04,13.2118930587095
2002-04-05,13.180995179231298
2002-04-06,12.894324419406843
2002-04-07,12.844424790511285
2002-04-08,12.389514672441056
2002-04-09,13.3891195299033
2002-04-10,12.54014768177044
2002-04-11,13.464824163854106
2002-04-12,13.288522354533047
2002-04-13,13.617416499980534
2002-04-14,12.868459223392843
2002-04-15,13.294580669261947
2002-04-16,13.003279095965507
2002-04-17,13.946201624728035
2002-04-18,13.048270712264928
2002-04-19,13.411795373188328
2002-04-20,12.694353870436505
2002-04-21,13.221393105186538
2002-04-22,12.699156137719378
2002-04-23,14.171700656924623
2002-04-24,12.521371643942448
2002-04-25,12.714598579040088
2002-04-26,13.299588129508392
2002-04-27,12.910075307046283
2002-04-28,13.812465291600446
2002-04-29,12.995717529569582
2002-04-30,12.194678253345819
2002-05-01,13.734552334059874
2002-05-02,13.162644144129112
2002-05-03,12.895413017028943
2002-05-04,13.107318567339018
2002-05-05,13.767753616238636
2002-05-06,13.391714061016478
2002-05-07,13.202517088804711
2002-05-08,13.265615923814735
2002-05-09,13.643760449924537
2002-05-10,13.24660300068553
2002-05-11,13.244715056932058
2002-05-12,12.827862875492553
2002-05-13,12.934738243143268
2002-05-14,12.532934318157151
2002-05-15,13.637590648922208
2002-05-16,12.576580430369933
2002-05-17,13.550797845565294
2002-05-18,13.09535780247859
2002-05-19,12.625068845222208
2002-05-20,13.641234104352469
2002-05-21,13.5529706688351
2002-05-22,13.143116153307025
2002-05-23,12.795263157455931
2002-05-24,12.518819691714322
2002-05-25,12.036083210533642
2002-05-26,13.40058158010885
2002-05-27,13.161793301779449
2002-05-28,12.805655463865849
2002-05-29,13.013068813264258
2002-05-30,13.727086942848828
2002-05-31,12.97978029237591
2002-06-01,12.180105418866354
2002-06-02,13.433236128961981
2002-06-03,12.97099543227933
2002-06-04,13.212574323779025
2002-06-05,13.262235907665794
2002-06-06,12.987139159021895
2002-06-07,12.347082613599175
2002-06-08,13.73944962621681
2002-06-09,12.295362035711277
2002-06-10,12.440427845037455
2002-06-11,13.409042228641425
2002-06-12,13.050285095720604
2002-06-13,12.566617248392417
2002-06-14,12.946826470787652
2002-06-15,12.550473413373703
2002-06-16,11.751010789807587
2002-06-17,12.596409858616555
2002-06-18,12.662357201572572
2002-06-19,13.16910599922077
2002-06-20,13.377695007314083
2002-06-21,12.804941249017144
2002-06-22,11.845195418685881
2002-06-23,13.153843603819459
2002-06-24,12.349268554312612
2002-06-25,12.706681355621148
2002-06-26,12.125042105051895
2002-06-27,11.859842275121377
2002-06-28,12.358453867111303
2002-06-29,12.542206629397823
2002-06-30,11.674389199974442
2002-07-01,12.21475579681533
2002-07-02,12.171833353005466
2002-07-03,12.14341710419415
2002-07-04,12.500512062819594
2002-07-05,12.516482545557064
2002-07-06,12.349391767291188
2002-07-07,12.098485365585177
2002-07-08,12.436561320647769
2002-07-09,11.664978537105835
2002-07-10,12.340964242668793
2002-07-11,12.467476740889099
2002-07-12,12.252936165448949
2002-07-13,11.777824555962962
2002-07-14,12.090244037980945
2002-07-15,11.997670626474576
2002-07-16,12.47669617352172
2002-07-17,12.490415341253625
2002-07-18,12.569790172013997
2002-07-19,11.99227932346701
2002-07-20,11.693667113714676
2002-07-21,11.830369442904162
2002-07-22,12.081147730156907
2002-07-23,12.511555292808236
2002-07-24,12.167371213439665
2002-07-25,12.469473719673026
2002-07-26,10.77759754354604
2002-07-27,11.597773087723711
2002-07-28,11.869770270651571
2002-07-29,11.455050213133521
2002-07-30,11.372553772929457
2002-07-31,12.231816918823998
2002-08-01,12.285007279266479
2002-08-02,11.74500383088902
2002-08-03,11.774546008202428
2002-08-04,11.471613871067648
2002-08-05,11.796228739050385
2002-08-06,11.437435665277832
2002-08-07,12.427334127724396
2002-08-08,11.5388972843563
2002-08-09,11.933812643034239
2002-08-10,10.842573204086516
2002-08-11,11.665661821320533
2002-08-12,11.614652807392867
2002-08-13,11.081590889121166
2002-08-14,11.15840548565884
2002-08-15,11.53458307719008
2002-08-16,11.704553288526656
2002-08-17,10.576484809248207
2002-08-18,11.214145751743331
2002-08-19,12.917280832067418
2002-08-20,11.089856586269914
2002-08-21,11.623846110541315
2002-08-22,11.499717145277733
2002-08-23,11.517009373533703
2002-08-24,11.435507987639255
2002-08-25,11.449099325494336
2002-08-26,11.847364843854999
2002-08-27,11.589079636116766
2002-08-28,11.134501450721725
2002-08-29,11.383660108092053
2002-08-30,10.359655886520132
2002-08-31,11.222783503594451
2002-09-01,11.907909940047311
2002-09-02,11.70290164675767
2002-09-03,11.65958302435531
2002-09-04,10.522772957170059
2002-09-05,11.037016649165716
2002-09-06,10.946613994271354
2002-09-07,11.745056137589218
2002-09-08,10.608518395028293
2002-09-09,11.210166236999944
2002-09-10,10.87383384787949
2002-09-11,10.774993836842768
2002-09-12,11.265603672744223
2002-09-13,11.055428488288351
2002-09-14,10.863754600343496
2002-09-15,11.347714228715875
2002-09-16,11.045797385600244
2002-09-17,11.298059945639146
2002-09-18,9.894165130445607
2002-09-19,11.579716955889833
2002-09-20,10.719600844467333
2002-09-21,11.917060075598453
2002-09-22,10.683087268770603
2002-09-23,11.509720321771825
2002-09-24,11.844281457432642
2002-09-25,11.350255618326974
2002-09-26,11.856358916386608
2002-09-27,10.70352239821818
2002-09-28,10.753609874837624
2002-09-29,11.040187520830182
2002-09-30,11.816785327425
2002-10-01,11.137720015855708
2002-10-02,11.520575991921866
2002-10-03,11.060213879046175
2002-10-04,10.380759780838773
2002-10-05,10.826901452063641
2002-10-06,11.194770039901192
2002-10-07,11.54489202413942
2002-10-08,11.212055113036515
2002-10-09,10.845882971618657
2002-10-10,10.802687242350624
2002-10-11,10.117657309071793
2002-10-12,10.420964379823262
2002-10-13,10.783105265204183
2002-10-14,10.844128784385697
2002-10-15,10.882530968833992
2002-10-16,11.901385843083926
2002-10-17,10.83989856372375
2002-10-18,10.522154015129763
2002-10-19,11.072646908214029
2002-10-20,10.939140127973168
2002-10-21,10.458430889108069
2002-10-22,10.381412283717067
2002-10-23,11.188108311112103
2002-10-24,10.662002575243163
2002-10-25,10.255927392264146
2002-10-26,10.71065086393023
2002-10-27,10.578439956181327
2002-10-28,10.886318785803489
2002-10-29,10.517151539942867
2002-10-30,10.450839691927321
2002-10-31,10.595226385817666
2002-11-01,10.333851082630694
2002-11-02,10.451280208466018
2002-11-03,10.988939458611584
2002-11-04,10.344458674906539
2002-11-05,10.59237108830261
2002-11-06,9.880250168487022
2002-11-07,11.11965857676216
2002-11-08,10.184868250479784
2002-11-09,10.742007347671665
2002-11-10,11.598757898592917
2002-11-11,10.727412711792438
2002-11-12,10.944801078570105
2002-11-13,10.199356989618312
2002-11-14,10.749134507739255
2002-11-15,10.7474242487521
2002-11-16,10.784980940587236
2002-11-17,9.896756894043284
2002-11-18,10.265422800409793
2002-11-19,10.539028582279322
2002-11-20,10.693156879129488
2002-11-21,11.277578863278503
2002-11-22,10.74300926222779
2002-11-23,11.152385195109519
2002-11-24,10.948143469843275
2002-11-25,12.0906624994808
2002-11-26,10.708880275550522
2002-11-27,10.483268591000094
2002-11-28,10.946828114206317
2002-11-29,10.175150600456151
2002-11-30,11.292176438639885
2002-12-01,11.193113510817781
2002-12-02,10.57555449185295
2002-12-03,10.346592702683829
2002-12-04,10.530053358143947
2002-12-05,11.107549213156103
2002-12-06,10.557244371791137
2002-12-07,11.46007477409182
2002-12-08,11.534255272697127
2002-12-09,10.651931571889738
2002-12-10,10.653445290193742
2002-12-11,11.488727341134858
2002-12-12,10.748843745067017
2002-12-13,10.532563341546203
2002-12-14,11.294926621044997
2002-12-15,10.773115893415369
2002-12-16,10.762155660183954
2002-12-17,11.197786409227676
2002-12-18,11.04713510853001
2002-12-19,11.804591194243388
2002-12-20,11.10361213712306
2002-12-21,10.755845364882564
2002-12-22,10.667794526367143
2002-12-23,11.447575623217173
2002-12-24,10.912782125384151
2002-12-25,12.461470492793946
2002-12-26,11.336400183513765
2002-12-27,12.121096196409649
2002-12-28,11.296173488694984
2002-12-29,11.641941324494512
2002-12-30,12.121931337923543
2002-12-31,11.369016947263198
2003-01-01,11.73378067666158
2003-01-02,11.548681559613625
2003-01-03,11.701057225417905
2003-01-04,11.753117406070837
2003-01-05,10.921598104265758
2003-01-06,12.269693119997974
2003-01-07,11.472202738780567
2003-01-08,11.390858041910917
2003-01-09,11.971408710231136
2003-01-10,11.55010577021037
2003-01-11,10.83488010537633
2003-01-12,11.18904639883302
2003-01-13,11.905817743540203
2003-01-14,12.112998157870441
2003-01-15,12.186743292212515
2003-01-16,10.671828488382983
2003-01-17,11.367942867684588
2003-01-18,12.017178120110666
2003-01-19,11.596739214215722
2003-01-20,11.764609262414176
2003-01-21,12.101368207115547
2003-01-22,11.945876768141638
2003-01-23,12.082858150194975
2003-01-24,11.831505973489428
2003-01-25,11.727646062209073
2003-01-26,11.484751896618938
2003-01-27,11.479952653279138
2003-01-28,11.82918327900633
2003-01-29,11.87688494129849
2003-01-30,12.562632231326212
2003-01-31,11.535349443039983
2003-02-01,11.48964330308415
2003-02-02,11.868563857459545
2003-02-03,13.257470132540979
2003-02-04,10.797337489634126
2003-02-05,11.970121404633984
2003-02-06,11.842877886370779
2003-02-07,12.458607559952245
2003-02-08,11.771680051745433
2003-02-09,12.645113822009383
2003-02-10,12.618892660436785
2003-02-11,11.089889040548675
2003-02-12,12.547735458810129
2003-02-13,11.999288655286827
2003-02-14,11.99277343670629
2003-02-15,12.157006672191049
2003-02-16,12.167236196501474
2003-02-17,11.951945154687232
2003-02-18,11.377339148088653
2003-02-19,12.954316063004798
2003-02-20,11.973853959667254
2003-02-21,12.569217734375586
2003-02-22,11.980505598628627
2003-02-23,12.055130013962957
2003-02-24,11.956369877861398
2003-02-25,12.78208146517237
2003-02-26,11.7702351002071
2003-02-27,12.737360326136075
2003-02-28,12.426675559315651
2003-03-01,12.807704301304371
2003-03-02,13.226495887213876
2003-03-03,12.181625155975613
2003-03-04,12.582306376393806
2003-03-05,12.602545911020991
2003-03-06,11.747091352133907
2003-03-07,12.754806772168411
2003-03-08,12.724620648380812
2003-03-09,11.629166998277949
2003-03-10,12.50052216130349
2003-03-11,12.94992240271482
2003-03-12,12.25603983081786
2003-03-13,12.750364848611758
2003-03-14,12.854226949080438
2003-03-15,12.57903686657893
2003-03-16,13.2914449093777
2003-03-17,12.638791308071477
2003-03-18,13.203573983735923
2003-03-19,12.677097110723821
2003-03-20,14.031742602158458
2003-03-21,13.304488272963283
2003-03-22,12.619158995106144
2003-03-23,13.553554852901414
2003-03-24,13.465230157224035
2003-03-25,13.645964960979379
2003-03-26,13.207570203132349
2003-03-27,12.891901570241007
2003-03-28,12.43030045729316
2003-03-29,12.731474513502425
2003-03-30,13.356257589465015
2003-03-31,11.2581038726476
2003-04-01,12.288483883608455
2003-04-02,12.975882874300309
2003-04-03,14.166817009488836
2003-04-04,12.25884121801976
2003-04-05,13.601715434936485
2003-04-06,13.953898705023905
2003-04-07,12.396149134900309
2003-04-08,12.32777421376
2003-04-09,12.716540773578036
2003-04-10,13.022418436743001
2003-04-11,12.848753953562372
2003-04-12,13.355338715847541
2003-04-13,12.997743011279018
2003-04-14,12.755910596622007
2003-04-15,13.196887907361853
2003-04-16,13.41970281048898
2003-04-17,13.298571265676166
2003-04-18,13.61661946915197
2003-04-19,13.973161417495469
2003-04-20,12.521411680291079
2003-04-21,13.673257030166567
2003-04-22,13.510293631864013
2003-04-23,13.282257772173873
2003-04-24,12.921566332914319
2003-04-25,12.888011939471406
2003-04-26,14.325898417019358
2003-04-27,13.541339202746707
2003-04-28,13.010859074096745
2003-04-29,13.834466617189957
2003-04-30,13.260549459716676
2003-05-01,13.213066989608343
2003-05-02,13.407591544498842
2003-05-03,13.02857986487372
2003-05-04,13.335854272971392
2003-05-05,13.507096165812337
2003-05-06,13.161570948220186
2003-05-07,14.180313317778582
2003-05-08,13.247565214401414
2003-05-09,13.10555423253304
2003-05-10,12.605061974408837
2003-05-11,13.215825897104716
2003-05-12,12.958782440493696
2003-05-13,13.343007527036894
2003-05-14,13.658630813536165
2003-05-15,13.043678797704594
2003-05-16,12.793156478317508
2003-05-17,12.903802762156714
2003-05-18,13.105028279548975
2003-05-19,13.388532808400562
2003-05-20,13.451421271136633
2003-05-21,13.6391215888548
2003-05-22,12.369229850438906
2003-05-23,13.365637429536143
2003-05-24,13.65237333929687
2003-05-25,13.394345287690415
2003-05-26,12.66470421781853
2003-05-27,12.959419882497441
2003-05-28,12.157343882581424
2003-05-29,13.707833089913537
2003-05-30,13.090564501209913
2003-05-31,12.872150072232705
2003-06-01,12.385181907927219
2003-06-02,13.754894293984103
2003-06-03,12.905009591068161
2003-06-04,13.205768178087789
2003-06-05,12.867272189241401
2003-06-06,12.604487441705464
2003-06-07,13.104258806302324
2003-06-08,12.985805451362625
2003-06-09,12.7944780813666
2003-06-10,12.689716197383673
2003-06-11,11.504957632524516
2003-06-12,13.395635827139758
2003-06-13,13.145696977161148
2003-06-14,12.586529313934005
2003-06-15,11.765906305510402
2003-06-16,13.268289796973402
2003-06-17,12.195207133956643
2003-06-18,11.892309553288614
2003-06-19,12.840074165209508
2003-06-20,12.187009441627652
2003-06-21,12.019578900215617
2003-06-22,13.196106336618175
2003-06-23,12.785495565498751
2003-06-24,13.179023363492485
2003-06-25,13.514030208487217
2003-06-26,12.737593988564095
2003-06-27,13.070480188582616
2003-06-28,13.256999340234081
2003-06-29,13.342782492152372
2003-06-30,11.988291526070423
2003-07-01,13.303894162508357
2003-07-02,12.414903937026278
2003-07-03,12.443146889834656
2003-07-04,13.084001034746535
2003-07-05,12.089722011027515
2003-07-06,11.778419520410361
2003-07-07,12.76552740186171
2003-07-08,12.009624772183345
2003-07-09,11.892766819513797
2003-07-10,12.490510750985003
2003-07-11,11.861332363035642
2003-07-12,12.434859965143213
2003-07-13,12.687183683503438
2003-07-14,12.002774165035927
2003-07-15,12.575311244364904
2003-07-16,12.344589045347172
2003-07-17,13.264055499503224
2003-07-18,12.403081116560946
2003-07-19,12.368020376714057
2003-07-20,12.003933620966196
2003-07-21,11.34598388742063
2003-07-22,11.739939599799131
2003-07-23,11.693737303222923
2003-07-24,12.608859517446897
2003-07-25,12.053549950087206
2003-07-26,11.269572923458956
2003-07-27,11.641830424713556
2003-07-28,11.571956665091852
2003-07-29,12.119697585263774
2003-07-30,12.432007342685953
2003-07-31,12.254649727634972
2003-08-01,11.7659595358972
2003-08-02,12.385734278460248
2003-08-03,11.613972353835878
2003-08-04,11.570127504588635
2003-08-05,12.167557661934495
2003-08-06,11.493924102694814
2003-08-07,13.040943616625926
2003-08-08,11.748736237496088
2003-08-09,12.32457365785943
2003-08-10,12.606615950747537
2003-08-11,11.637371805775697
2003-08-12,10.547249707996274
2003-08-13,11.89097555373102
2003-08-14,10.956075595625995
2003-08-15,11.68681197608308
2003-08-16,11.851972519319602
2003-08-17,11.197040217535031
2003-08-18,11.83207997674733
2003-08-19,11.180907981496082
2003-08-20,11.147516369377083
2003-08-21,11.88500175952038
2003-08-22,11.334439624583949
2003-08-23,11.016297055448906
2003-08-24,11.948903846366905
2003-08-25,11.093813071238346
2003-08-26,11.75445733431404
2003-08-27,11.0214807507742
2003-08-28,11.164635178071242
2003-08-29,11.253989195191533
2003-08-30,11.200704849823062
2003-08-31,11.258301205190872
2003-09-01,10.983658448281794
2003-09-02,10.919173412900156
2003-09-03,11.220497504823067
2003-09-04,11.26800854919264
2003-09-05,12.130673350339157
2003-09-06,11.978842736346158
2003-09-07,11.491586112965985
2003-09-08,11.489722759852862
2003-09-09,11.485797221079137
2003-09-10,11.269943619525275
2003-09-11,11.289434828426673
2003-09-12,11.466130451980753
2003-09-13,10.653222839915589
2003-09-14,10.78720898644229
2003-09-15,11.704342698316541
2003-09-16,11.779109351529266
2003-09-17,10.681542130218864
2003-09-18,11.685638778520188
2003-09-19,10.938930585688958
2003-09-20,10.79371425857392
2003-09-21,10.611177429981103
2003-09-22,10.714638395611779
2003-09-23,10.136057395330482
2003-09-24,10.59430932208112
2003-09-25,10.97034062324491
2003-09-26,11.176191726365522
2003-09-27,10.746168813029144
2003-09-28,11.560698770952284
2003-09-29,10.488201517012886
2003-09-30,11.283586789970556
2003-10-01,11.288661714215044
2003-10-02,11.01970834812628
2003-10-03,10.231584545046818
2003-10-04,10.630188053463481
2003-10-05,11.109647496043506
2003-10-06,12.185691697839195
2003-10-07,10.487207883797835
2003-10-08,11.299697799435645
2003-10-09,10.59146933469169
2003-10-10,10.586759478820433
2003-10-11,11.264812721964748
2003-10-12,10.9667929870172
2003-10-13,10.419323249059524
2003-10-14,11.018280163527297
2003-10-15,12.066541388389625
2003-10-16,11.588985781977032
2003-10-17,11.065243364348087
2003-10-18,11.120352263988817
2003-10-19,10.16074708070052
2003-10-20,11.527595109120421
2003-10-21,11.259644006865255
2003-10-22,10.816795712442227
2003-10-23,10.81395472935724
2003-10-24,10.61434867739738
2003-10-25,10.833516130368535
2003-10-26,10.77837182016995
2003-10-27,11.44218929973599
2003-10-28,11.077725334152909
2003-10-29,10.79818772462285
2003-10-30,10.772033641068909
2003-10-31,10.314562473053845
2003-11-01,11.503713618507371
2003-11-02,11.527239563728452
2003-11-03,10.496455959968701
2003-11-04,10.782152886242825
2003-11-05,11.130563376728169
2003-11-06,9.383445400883467
2003-11-07,10.922531826869117
2003-11-08,10.317398407051408
2003-11-09,10.434143547003218
2003-11-10,10.88187833593636
2003-11-11,9.655720282954446
2003-11-12,11.379219030798271
2003-11-13,10.708812908072622
2003-11-14,10.974551606537569
2003-11-15,9.813957503742824
2003-11-16,10.185992688775384
2003-11-17,10.76844937313612
2003-11-18,11.089368366628632
2003-11-19,10.510598205121456
2003-11-20,11.054204846071801
2003-11-21,10.344372990541382
2003-11-22,10.274576875740156
2003-11-23,11.590900475570818
2003-11-24,10.991723171579281
2003-11-25,11.455773331362357
2003-11-26,11.5998148473841
2003-11-27,10.033213967098606
2003-11-28,11.022399814367738
2003-11-29,11.351925013424644
2003-11-30,11.175226500285705
2003-12-01,10.50302727703546
2003-12-02,10.850030325450547
2003-12-03,10.43893536293394
2003-12-04,11.474923785309198
2003-12-05,12.11026283877946
2003-12-06,10.748989758611907
2003-12-07,11.168280117918556
2003-12-08,11.379682668500934
2003-12-09,10.732010459468267
2003-12-10,11.03311779251305
2003-12-11,11.268730471868697
2003-12-12,10.59696952723571
2003-12-13,11.36527176635146
2003-12-14,10.982077674748858
2003-12-15,11.03780295302483
2003-12-16,10.806309026960488
2003-12-17,10.513802960833058
2003-12-18,10.9956267787203
2003-12-19,10.523688510558536
2003-12-20,11.082640734772053
2003-12-21,10.585611220898281
2003-12-22,12.43645692442858
2003-12-23,12.171527089602748
2003-12-24,12.028197910949363
2003-12-25,10.51742268039186
2003-12-26,11.886568702518902
2003-12-27,11.283654604198963
2003-12-28,11.558105931609127
2003-12-29,11.24130666737389
2003-12-30,11.070942691676041
2003-12-31,11.153988598616872
2004-01-01,11.301297425832878
2004-01-02,11.55938889169414
2004-01-03,11.435370020655146
2004-01-04,11.656345749833022
2004-01-05,10.829516455468829
2004-01-06,11.701297900666704
2004-01-07,11.175541772503962
2004-01-08,11.398017785067056
2004-01-09,11.534276123152699
2004-01-10,11.537873064924874
2004-01-11,12.236892839965874
2004-01-12,11.484859639363545
2004-01-13,12.325329741446387
2004-01-14,11.847721985016872
2004-01-15,11.884154950079425
2004-01-16,11.22748500319008
2004-01-17,11.50778140045928
2004-01-18,11.874726973114873
2004-01-19,11.04254308722207
2004-01-20,11.925114471398404
2004-01-21,9.996255784971499
2004-01-22,11.651635683378943
2004-01-23,12.463265755550143
2004-01-24,11.297122833436017
2004-01-25,11.619620744827044
2004-01-26,11.270682021131806
2004-01-27,11.69567569364984
2004-01-28,11.645184455208026
2004-01-29,12.60525745598066
2004-01-30,12.53477967242344
2004-01-31,12.486430331435972
2004-02-01,12.557468874853372
2004-02-02,12.19609513310083
2004-02-03,11.826707088851608
2004-02-04,12.54742264979642
2004-02-05,12.493327151867215
2004-02-06,11.791784321960742
2004-02-07,11.961938872856933
2004-02-08,12.682265079436867
2004-02-09,12.532434856396211
2004-02-10,12.827215273988394
2004-02-11,12.603777617079587
2004-02-12,12.174958748495735
2004-02-13,12.080612573038998
2004-02-14,12.818962279086703
2004-02-15,12.619938864345654
2004-02-16,12.46804213571195
2004-02-17,12.012049969079353
2004-02-18,12.38007584985505
2004-02-19,11.534052796321152
2004-02-20,12.465539276871308
2004-02-21,11.98217291833113
2004-02-22,11.892000614306573
2004-02-23,13.671365937668016
2004-02-24,13.462895277973212
2004-02-25,13.444294103929773
2004-02-26,12.422609602993145
2004-02-27,13.363514287857669
2004-02-28,11.055698652922068
2004-02-29,12.484832833715652
2004-03-01,12.330668586298742
2004-03-02,11.905159455827114
2004-03-03,11.787434135110116
2004-03-04,11.73826563164819
2004-03-05,12.296118206055274
2004-03-06,12.331135851037132
2004-03-07,12.292594879895088
2004-03-08,11.798509697505287
2004-03-09,12.700969148159784
2004-03-10,12.956469499265882
2004-03-11,12.736558294521597
2004-03-12,12.55363693188521
2004-03-13,12.873399272243956
2004-03-14,12.236136751209767
2004-03-15,12.448504957062394
2004-03-16,12.525210274531258
2004-03-17,12.050683075902624
2004-03-18,12.974037376530934
2004-03-19,12.954711367301677
2004-03-20,12.963149618540331
2004-03-21,13.967784714939981
2004-03-22,13.116460660154559
2004-03-23,13.001590313707055
2004-03-24,12.141146317462907
2004-03-25,12.85923616941195
2004-03-26,13.625627083297648
2004-03-27,12.320950006959848
2004-03-28,13.023213828360902
2004-03-29,12.945999739710512
2004-03-30,13.415745850983434
2004-03-31,13.484726331282221
2004-04-01,13.42195966215697
2004-04-02,12.405023225900266
2004-04-03,12.197062544025481
2004-04-04,12.584465240558238
2004-04-05,13.403335158441685
2004-04-06,13.713180540493616
2004-04-07,13.394368043506645
2004-04-08,13.40771166421079
2004-04-09,12.713112814955569
2004-04-10,13.269180646395927
2004-04-11,13.116587303116546
2004-04-12,14.804567439940287
2004-04-13,13.108163768308978
2004-04-14,13.353657787407526
2004-04-15,13.48224649856586
2004-04-16,14.178274210161534
2004-04-17,13.19761592474074
2004-04-18,12.50606252122099
2004-04-19,12.383305901645581
2004-04-20,13.28881182278336
2004-04-21,13.834836848016609
2004-04-22,13.420903274638043
2004-04-23,13.670067165032394
2004-04-24,12.67369528963098
2004-04-25,13.053241341024513
2004-04-26,13.174611456417205
2004-04-27,13.650718163556563
2004-04-28,13.501786143597116
2004-04-29,13.977819911674056
2004-04-30,13.54622296018448
2004-05-01,13.477678106412764
2004-05-02,12.846321720414446
2004-05-03,12.918236468458417
2004-05-04,13.914258226784133
2004-05-05,12.418005768091021
2004-05-06,13.039353288369886
2004-05-07,13.224206707725292
2004-05-08,13.414023790498527
2004-05-09,14.343952282806281
2004-05-10,12.685940413646057
2004-05-11,13.392006986602684
2004-05-12,12.892170029413842
2004-05-13,13.510849488604848
2004-05-14,12.720334202702908
2004-05-15,13.236684902764166
2004-05-16,13.427400813799714
2004-05-17,12.74394562836171
2004-05-18,13.300146330965296
2004-05-19,12.502421375173288
2004-05-20,13.656993202913497
2004-05-21,13.215327941145448
2004-05-22,13.290842992116199
2004-05-23,13.755790277127044
2004-05-24,12.761785492972075
2004-05-25,13.360679539887753
2004-05-26,12.960852489052035
2004-05-27,12.549518770308833
2004-05-28,12.525642083984296
2004-05-29,13.393903295341431
2004-05-30,13.255809467312632
2004-05-31,13.06996353582387
2004-06-01,12.907408237124793
2004-06-02,12.836963602434649
2004-06-03,12.71246114633539
2004-06-04,13.42243336496443
2004-06-05,13.078512677299239
2004-06-06,12.655075992145397
2004-06-07,13.848099587063492
2004-06-08,12.534726100467417
2004-06-09,12.577131316940964
2004-06-10,13.593631257405342
2004-06-11,13.267920976140367
2004-06-12,12.550390109903178
2004-06-13,11.975957302782616
2004-06-14,12.608701701083989
2004-06-15,12.916433751644071
2004-06-16,12.550755095563968
2004-06-17,12.35025729316378
2004-06-18,13.200182116111103
2004-06-19,12.843006795137502
2004-06-20,13.387630957633922
2004-06-21,13.008899884940778
2004-06-22,13.115329863492017
2004-06-23,11.846017185947886
2004-06-24,11.93430207266597
2004-06-25,12.875889274573003
2004-06-26,12.828164096896238
2004-06-27,13.254869331289962
2004-06-28,12.055576521742875
2004-06-29,12.604290459689803
2004-06-30,12.484205537284026
2004-07-01,11.179140135172684
2004-07-02,12.661611054603842
2004-07-03,12.865981996860567
2004-07-04,12.844755605260556
2004-07-05,11.943369496321322
2004-07-06,12.305336190288225
2004-07-07,12.663322908936077
2004-07-08,11.936032217604339
2004-07-09,11.666213446208296
2004-07-10,11.449342748744282
2004-07-11,11.89947390368508
2004-07-12,12.684307664783608
2004-07-13,11.72338868332208
2004-07-14,12.373586475039659
2004-07-15,11.281320735810775
2004-07-16,12.04528091594788
2004-07-17,12.070699291874623
2004-07-18,12.11064878109986
2004-07-19,11.7272344241346
2004-07-20,12.691748365508536
2004-07-21,12.427319227280917
2004-07-22,12.52150913942691
2004-07-23,11.938145356703128
2004-07-24,11.053765139421559
2004-07-25,12.336074074528852
2004-07-26,12.170151710577574
2004-07-27,11.050485750573042
2004-07-28,12.220101167849622
2004-07-29,11.692170765098028
2004-07-30,12.641642405447062
2004-07-31,12.065378518681134
2004-08-01,11.500676569411148
2004-08-02,11.338369997679731
2004-08-03,11.154943173211276
2004-08-04,10.286365345124576
2004-08-05,11.303888934908649
2004-08-06,12.427099190642892
2004-08-07,11.90973083270658
2004-08-08,12.500733004835332
2004-08-09,11.877328526868533
2004-08-10,11.639382517225313
2004-08-11,11.54171744621321
2004-08-12,11.353065223251786
2004-08-13,12.217470295880158
2004-08-14,11.034569160596824
2004-08-15,10.664100638762106
2004-08-16,12.65782731789006
2004-08-17,12.411106879231163
2004-08-18,11.730672351678106
2004-08-19,11.081146043671426
2004-08-20,11.483079089881487
2004-08-21,11.96423123324185
2004-08-22,12.09676700374747
2004-08-23,11.11638703752879
2004-08-24,10.903870899700525
2004-08-25,11.499991669114149
2004-08-26,11.442017821094266
2004-08-27,12.000345692261153
2004-08-28,12.118809617085745
2004-08-29,10.76683235512244
2004-08-30,11.108431373444438
2004-08-31,10.49108038638904
2004-09-01,10.724503442814173
2004-09-02,11.013045810052015
2004-09-03,11.354918976538437
2004-09-04,10.972508212733278
2004-09-05,11.09349695264678
2004-09-06,11.599947178703866
2004-09-07,10.384961925805563
2004-09-08,11.355030299182108
2004-09-09,10.53513635392493
2004-09-10,11.731169786032511
2004-09-11,10.843454572807813
2004-09-12,11.094124961802292
2004-09-13,11.310312518349779
2004-09-14,11.279228366204332
2004-09-15,11.679268271719941
2004-09-16,10.73102999734022
2004-09-17,11.479080114393218
2004-09-18,10.820437387693278
2004-09-19,10.209329607542497
2004-09-20,11.31450308700601
2004-09-21,11.469410275432276
2004-09-22,10.940684143646896
2004-09-23,11.114082606098975
2004-09-24,11.234422498419063
2004-09-25,11.348887015537313
2004-09-26,10.758323826897765
2004-09-27,10.850188640976315
2004-09-28,10.684526899627144
2004-09-29,11.395990512154079
2004-09-30,10.98375447951627
2004-10-01,10.467564868142922
2004-10-02,10.997247488120866
2004-10-03,11.096578716557934
2004-10-04,10.037708849654294
2004-10-05,10.926992436693398
2004-10-06,12.212102863834794
2004-10-07,10.44382024317609
2004-10-08,11.31835587795108
2004-10-09,11.151364837062738
2004-10-10,10.637684805537706
2004-10-11,11.168242198959474
2004-10-12,9.687456391523256
2004-10-13,10.645844124977607
2004-10-14,10.353526155867156
2004-10-15,10.686691503414508
2004-10-16,10.62981826302618
2004-10-17,10.66135248493497
2004-10-18,11.309234872513743
2004-10-19,10.558018493490925
2004-10-20,10.740017130509777
2004-10-21,10.119415841524448
2004-10-22,10.777854605920988
2004-10-23,9.879666225083016
2004-10-24,10.420743286299878
2004-10-25,11.232474345107683
2004-10-26,11.226842877480955
2004-10-27,11.388520189657623
2004-10-28,10.536136667982168
2004-10-29,11.634581669790638
2004-10-30,11.633333421179495
2004-10-31,11.03657392623797
2004-11-01,10.756290300697012
2004-11-02,10.203270725833578
2004-11-03,11.122831694845024
2004-11-04,10.932689944237268
2004-11-05,11.172937153574303
2004-11-06,10.4174864768464
2004-11-07,10.744378955733492
2004-11-08,11.162662632274573
2004-11-09,10.152243715988607
2004-11-10,11.00655924889033
2004-11-11,10.733017782706597
2004-11-12,10.79349693334663
2004-11-13,12.268367761012964
2004-11-14,10.710410972571962
2004-11-15,11.272923048984925
2004-11-16,11.724326078987781
2004-11-17,10.06354426377541
2004-11-18,10.365430973016766
2004-11-19,10.607110132734473
2004-11-20,10.565040778982562
2004-11-21,9.915252347067174
2004-11-22,10.030132060835394
2004-11-23,10.745937495194923
2004-11-24,10.95360560425704
2004-11-25,10.907702757024081
2004-11-26,11.645146873660483
2004-11-27,10.98310256185356
2004-11-28,11.47774480098937
2004-11-29,9.909026093203197
2004-11-30,11.359734317071947
2004-12-01,10.877387273343004
2004-12-02,10.667679886871547
2004-12-03,11.015226056187638
2004-12-04,10.183002229040403
2004-12-05,11.398529661434592
2004-12-06,10.824593219826152
2004-12-07,11.514247522864146
2004-12-08,11.982843995987448
2004-12-09,11.132544625083796
2004-12-10,11.093141654074028
2004-12-11,11.441747257762435
2004-12-12,11.29222323871699
2004-12-13,11.862473161254757
2004-12-14,11.375398566578596
2004-12-15,12.117534339901159
2004-12-16,10.720219058807949
2004-12-17,10.905836053515078
2004-12-18,11.72822862184864
2004-12-19,11.086901830826772
2004-12-20,11.740039779312333
2004-12-21,10.810132781426486
2004-12-22,11.466764418921983
2004-12-23,12.458805238781082
2004-12-24,11.294839923419978
2004-12-25,11.678665260280088
2004-12-26,10.612324681287918
2004-12-27,12.061328215502265
2004-12-28,11.53119268884341
2004-12-29,11.516991741957893
2004-12-30,11.205370031481444
2004-12-31,11.177608125894336
2005-01-01,11.140241382347568
2005-01-02,10.769388131033823
2005-01-03,11.37919640860132
2005-01-04,11.49724343879275
2005-01-05,11.920507855047537
2005-01-06,12.364580934116386
2005-01-07,11.84417960582861
2005-01-08,11.282982244257495
2005-01-09,11.629586535499824
2005-01-10,13.067041323818414
2005-01-11,11.458911531194529
2005-01-12,11.61162197388076
2005-01-13,11.544741224976947
2005-01-14,11.098282634938602
2005-01-15,11.29031138862073
2005-01-16,12.152457657371517
2005-01-17,12.21616716205261
2005-01-18,12.947911291207543
2005-01-19,12.028593664071762
2005-01-20,12.337852507568234
2005-01-21,12.221204098639086
2005-01-22,11.657988067610585
2005-01-23,12.539892448966373
2005-01-24,11.480505467966989
2005-01-25,11.99707348079061
2005-01-26,11.723773748277182
2005-01-27,12.575715622089204
2005-01-28,12.998873323608096
2005-01-29,11.925111425141443
2005-01-30,12.002181254868711
2005-01-31,12.802876464137379
2005-02-01,11.9303775903346
2005-02-02,12.323614595522457
2005-02-03,11.816903614645781
2005-02-04,12.035044889058211
2005-02-05,12.3546119324754
2005-02-06,11.998058364909582
2005-02-07,12.865910029343583
2005-02-08,12.312861457164349
2005-02-09,12.270156400801676
2005-02-10,12.822511259925811
2005-02-11,11.467813038092778
2005-02-12,13.232055581616338
2005-02-13,12.78099049455081
2005-02-14,12.672856369607649
2005-02-15,12.302119604915868
2005-02-16,12.878473556098506
2005-02-17,12.21391272526018
2005-02-18,13.23748931203866
2005-02-19,11.984852411728005
2005-02-20,12.391000577236758
2005-02-21,13.262695436376928
2005-02-22,11.171998231253061
2005-02-23,12.808326162846708
2005-02-24,12.628349449220305
2005-02-25,12.502009031004244
2005-02-26,13.017512307100636
2005-02-27,11.918839950664058
2005-02-28,12.463571784982612
2005-03-01,12.352764068361303
2005-03-02,13.023196106538265
2005-03-03,12.545232797390954
2005-03-04,12.403063908152546
2005-03-05,12.170164242673511
2005-03-06,13.682417242463131
2005-03-07,12.06310211687385
2005-03-08,13.398237389236156
2005-03-09,11.860322351592469
2005-03-10,11.859269016298216
2005-03-11,13.248020872682059
2005-03-12,12.591241889290902
2005-03-13,13.9131578516567
2005-03-14,12.321499425219944
2005-03-15,12.751533970030158
2005-03-16,12.575646474829314
2005-03-17,12.262703125449287
2005-03-18,12.020449808859118
2005-03-19,12.860786651043462
2005-03-20,12.72284754753297
2005-03-21,13.536493556550496
2005-03-22,13.869560059263312
2005-03-23,12.611287406537313
2005-03-24,12.694408881359859
2005-03-25,13.643237204139382
2005-03-26,13.579886509817195
2005-03-27,12.190353521838526
2005-03-28,12.827114880058648
2005-03-29,13.756929660589387
2005-03-30,12.709924881562651
2005-03-31,13.779158700221284
2005-04-01,13.521325570233097
2005-04-02,12.72030412954297
2005-04-03,12.934898611724881
2005-04-04,12.96742618932669
2005-04-05,12.960131197271155
2005-04-06,12.778618484726495
2005-04-07,13.397252440670263
2005-04-08,12.794531746593185
2005-04-09,12.67637670156775
2005-04-10,13.105323649447763
2005-04-11,12.767312597566772
2005-04-12,13.339519560740968
2005-04-13,13.446498509412795
2005-04-14,12.919736257620613
2005-04-15,12.793464108864836
2005-04-16,13.403052602950414
2005-04-17,13.33639902891844
2005-04-18,13.780136521228506
2005-04-19,14.236103056211213
2005-04-20,13.678708387138329
2005-04-21,13.475725153531776
2005-04-22,12.587958130656302
2005-04-23,12.478239196756624
2005-04-24,12.440169846863052
2005-04-25,13.109100836873504
2005-04-26,13.699030576771536
2005-04-27,13.162872230536172
2005-04-28,14.038333343786517
2005-04-29,13.384107955267428
2005-04-30,12.965722514966096
2005-05-01,13.27975240134823
2005-05-02,13.599085448512211
2005-05-03,13.326991920116871
2005-05-04,13.414519360366805
2005-05-05,13.25499945365954
2005-05-06,12.766535823155253
2005-05-07,13.404121140548957
2005-05-08,14.354859518736964
2005-05-09,12.984887734656693
2005-05-10,13.468883446709263
2005-05-11,12.668787719455592
2005-05-12,13.600579742107598
2005-05-13,12.73099553106758
2005-05-14,13.308089875137114
2005-05-15,13.090845605400954
2005-05-16,12.672563223349574
2005-05-17,13.371561610708198
2005-05-18,13.070257934457736
2005-05-19,12.931678926858234
2005-05-20,12.647331097166376
2005-05-21,13.037370608761849
2005-05-22,12.943058892433488
2005-05-23,13.511304802981405
2005-05-24,13.159071520239307
2005-05-25,13.33795754249269
2005-05-26,11.906843222569389
2005-05-27,13.293797241434646
2005-05-28,12.398515616839285
2005-05-29,13.241371728074633
2005-05-30,13.01711571366208
2005-05-31,12.756984624482508
2005-06-01,13.633789345882304
2005-06-02,12.307049726667199
2005-06-03,13.712768114807188
2005-06-04,13.257790836626283
2005-06-05,13.712182768326437
2005-06-06,12.517130849710346
2005-06-07,13.856865589422677
2005-06-08,11.682028956665505
2005-06-09,12.72617509918919
2005-06-10,12.27886498789305
2005-06-11,12.92302985180645
2005-06-12,12.725976733349698
2005-06-13,12.855877008924207
2005-06-14,12.517540756122143
2005-06-15,12.283065974722241
2005-06-16,12.768049567030054
2005-06-17,12.540270838113331
2005-06-18,12.25339630556904
2005-06-19,13.050615434101726
2005-06-20,12.458551953017569
2005-06-21,12.62465347015564
2005-06-22,14.272376283200424
2005-06-23,12.226656843782106
2005-06-24,12.164278394173326
2005-06-25,12.640763095784727
2005-06-26,12.688033349118099
2005-06-27,11.916941066193598
2005-06-28,12.198524845239445
2005-06-29,12.709196771798497
2005-06-30,11.851768909351772
2005-07-01,12.80339771878854
2005-07-02,12.739557257125007
2005-07-03,12.830181719282733
2005-07-04,11.949459334153445
2005-07-05,12.424547756079646
2005-07-06,12.729175210386202
2005-07-07,12.347832574040092
2005-07-08,11.742955605763903
2005-07-09,13.103441616422328
2005-07-10,12.67567556636555
2005-07-11,12.041528726429497
2005-07-12,12.431438126414287
2005-07-13,11.67533070126975
2005-07-14,11.45323129724182
2005-07-15,11.90770218967362
2005-07-16,12.346955263014612
2005-07-17,11.799291994368478
2005-07-18,12.568326147941212
2005-07-19,12.270838369105794
2005-07-20,12.319027821036087
2005-07-21,12.291512642981722
2005-07-22,12.213473017103105
2005-07-23,12.261763365600206
2005-07-24,11.789430837785398
2005-07-25,12.894211382503505
2005-07-26,12.28831917138975
2005-07-27,12.291371693723699
2005-07-28,12.094243208476758
2005-07-29,11.350604961747305
2005-07-30,11.508733452030384
2005-07-31,13.061734719080848
2005-08-01,12.426513402275399
2005-08-02,12.425982567873032
2005-08-03,12.529474226198557
2005-08-04,11.660449223436851
2005-08-05,11.959215206850102
2005-08-06,12.129538969214785
2005-08-07,12.442326698971081
2005-08-08,11.105773981635739
2005-08-09,12.476594970576393
2005-08-10,12.091123281090484
2005-08-11,11.27721283873318
2005-08-12,11.405886389812192
2005-08-13,12.711359282390495
2005-08-14,12.870854191562131
2005-08-15,11.325004143547812
2005-08-16,10.940972680330692
2005-08-17,10.943971089694582
2005-08-18,11.316382425698349
2005-08-19,11.892553217558566
2005-08-20,10.742782560591351
2005-08-21,11.483931471146365
2005-08-22,11.324017005790951
2005-08-23,11.28111896669616
2005-08-24,11.150359868891838
2005-08-25,10.911615568770436
2005-08-26,11.308996414742607
2005-08-27,11.799509846853013
2005-08-28,11.116079668057475
2005-08-29,12.318736791791588
2005-08-30,11.4830919351081
2005-08-31,11.530850698770783
2005-09-01,11.505473656760877
2005-09-02,11.560423600175529
2005-09-03,11.230632703889414
2005-09-04,10.144667266815791
2005-09-05,11.197545844950351
2005-09-06,11.389764128011988
2005-09-07,11.406373043463544
2005-09-08,11.52139736902968
2005-09-09,10.999495859330612
2005-09-10,11.360769495353985
2005-09-11,10.733683077123825
2005-09-12,11.203596409123488
2005-09-13,11.985523773655473
2005-09-14,11.334619744184684
2005-09-15,11.30951801550288
2005-09-16,10.873452210968509
2005-09-17,10.673721420775635
2005-09-18,11.179673954804178
2005-09-19,11.207997526038868
2005-09-20,11.047685273252597
2005-09-21,10.537318797893624
2005-09-22,11.04146273133131
2005-09-23,10.2349147891888
2005-09-24,11.331063866935255
2005-09-25,12.096910307781474
2005-09-26,11.5312159493284
2005-09-27,10.336931754130141
2005-09-28,10.70601185809612
2005-09-29,10.299439930679519
2005-09-30,10.332950787964595
2005-10-01,10.431974183734877
2005-10-02,10.778609867863167
2005-10-03,11.06274245600511
2005-10-04,11.115088720966215
2005-10-05,10.457463609360039
2005-10-06,10.426581113179425
2005-10-07,10.831506878035585
2005-10-08,10.949312517382207
2005-10-09,10.885863618231667
2005-10-10,10.627256987166925
2005-10-11,11.655432757784153
2005-10-12,11.726114812738968
2005-10-13,10.953723795430857
2005-10-14,11.267500900884622
2005-10-15,10.817644183247786
2005-10-16,10.7756023694824
2005-10-17,11.611135115155196
2005-10-18,9.962071578046345
2005-10-19,10.59929208571647
2005-10-20,10.574226780382615
2005-10-21,10.485057439588422
2005-10-22,11.162035081127954
2005-10-23,10.472136633293188
2005-10-24,10.319752591158176
2005-10-25,10.844303536161076
2005-10-26,11.419062196283893
2005-10-27,11.0487420402018
2005-10-28,9.79213206722084
2005-10-29,10.356592343342705
2005-10-30,11.088920669827246
2005-10-31,11.923830296730433
2005-11-01,10.516013207996588
2005-11-02,10.73838506701588
2005-11-03,9.94297267895459
2005-11-04,11.153617911675733
2005-11-05,10.632829301941253
2005-11-06,10.552203401333683
2005-11-07,10.536859379071434
2005-11-08,10.824786095236584
2005-11-09,10.560571583841433
2005-11-10,10.892590477644491
2005-11-11,11.468961428123626
2005-11-12,10.797094719734607
2005-11-13,11.224245591282035
2005-11-14,10.79474731428364
2005-11-15,11.470836858728271
2005-11-16,11.982934130036842
2005-11-17,10.988766400395397
2005-11-18,9.730841220256785
2005-11-19,10.424045426343293
2005-11-20,10.924704687471161
2005-11-21,11.740165085956558
2005-11-22,10.992969811539435
2005-11-23,10.518238759672139
2005-11-24,11.152230676881246
2005-11-25,10.345860326403553
2005-11-26,11.315965461915127
2005-11-27,10.552001090257521
2005-11-28,11.066154114928228
2005-11-29,10.859594353447962
2005-11-30,10.800468781235782
2005-12-01,11.003393177067094
2005-12-02,10.984273565470534
2005-12-03,11.063260342104092
2005-12-04,11.495285084422193
2005-12-05,10.726635019762533
2005-12-06,11.796489504583846
2005-12-07,11.899895201977126
2005-12-08,11.16200133982444
2005-12-09,11.688611157974247
2005-12-10,11.061335397258198
2005-12-11,11.207224585041779
2005-12-12,10.800019076537584
2005-12-13,10.317216426119817
2005-12-14,11.455652570771688
2005-12-15,11.904285542367406
2005-12-16,10.48157831656266
2005-12-17,11.758227044393868
2005-12-18,10.409711019906428
2005-12-19,10.339569466935187
2005-12-20,11.114188475623902
2005-12-21,11.609508941497825
2005-12-22,11.926093959690904
2005-12-23,11.31655999866776
2005-12-24,11.806945292247981
2005-12-25,11.48682950921546
2005-12-26,10.87051381077201
2005-12-27,10.805716990755824
2005-12-28,11.5550484084119
2005-12-29,11.07938829050459
2005-12-30,11.258389357464122
2005-12-31,11.0294308925972
2006-01-01,11.311680813369344
2006-01-02,12.020921903977712
2006-01-03,11.030287709335331
2006-01-04,12.119027652435026
2006-01-05,11.21493358532372
2006-01-06,11.099254026226358
2006-01-07,10.956387872333526
2006-01-08,11.44585531837248
2006-01-09,11.3494887221023
2006-01-10,11.654162484679464
2006-01-11,11.584466686083795
2006-01-12,10.964760839357616
2006-01-13,13.027748414758571
2006-01-14,11.260990235156486
2006-01-15,10.859079021164032
2006-01-16,11.014370801610362
2006-01-17,11.780183253091781
2006-01-18,12.15062273011648
2006-01-19,12.12361391557622
2006-01-20,11.329820075335391
2006-01-21,13.027801755022576
2006-01-22,12.047285121779368
2006-01-23,13.000711355048555
2006-01-24,11.887961052202975
2006-01-25,11.695060638232148
2006-01-26,11.622077239732572
2006-01-27,12.355154911068293
2006-01-28,11.971191225313618
2006-01-29,10.877224022803702
2006-01-30,12.585366472727918
2006-01-31,12.258084661479513
2006-02-01,12.337741867758426
2006-02-02,11.669473007635363
2006-02-03,12.489034760188627
2006-02-04,11.857635006727495
2006-02-05,11.891683154085467
2006-02-06,11.471314522088676
2006-02-07,12.307006166022695
2006-02-08,12.012371039806494
2006-02-09,12.966746944696315
2006-02-10,12.658359638220738
2006-02-11,12.00704395834417
2006-02-12,11.610426574228628
2006-02-13,12.020478839330961
2006-02-14,12.727391679094863
2006-02-15,12.19184848801854
2006-02-16,13.15922190580329
2006-02-17,12.188304940747459
2006-02-18,11.934359784482599
2006-02-19,12.829154385348797
2006-02-20,12.451566268734032
2006-02-21,12.58573624349242
2006-02-22,12.75783644183429
2006-02-23,12.385430849211247
2006-02-24,11.87496205401718
2006-02-25,12.837267806143938
2006-02-26,13.083122602743453
2006-02-27,13.159265958599377
2006-02-28,12.477804146456572
2006-03-01,12.37981858977057
2006-03-02,13.657247687581933
2006-03-03,11.730435631318592
2006-03-04,12.413898078623793
2006-03-05,13.083226595714283
2006-03-06,13.124545512938063
2006-03-07,12.306160340530718
2006-03-08,13.012744825498821
2006-03-09,12.853780048320028
2006-03-10,13.368009798891402
2006-03-11,12.373709905352504
2006-03-12,12.60811121087433
2006-03-13,13.06747318277244
2006-03-14,12.527138246697536
2006-03-15,13.348021872985504
2006-03-16,13.014892603810937
2006-03-17,12.592438832418182
2006-03-18,13.110567784389444
2006-03-19,13.19091133816282
2006-03-20,12.221226888461334
2006-03-21,13.771354838081708
2006-03-22,12.413415736840273
2006-03-23,13.237363922978732
2006-03-24,13.206410569446248
2006-03-25,13.852147368259491
2006-03-26,13.4175402027664
2006-03-27,12.975881567668122
2006-03-28,12.883492037881037
2006-03-29,12.385984363305418
2006-03-30,13.703380418827846
2006-03-31,12.65446397762176
2006-04-01,14.04981105594251
2006-04-02,12.930421330482053
2006-04-03,12.818839985605658
2006-04-04,13.092156971376658
2006-04-05,13.748787820100707
2006-04-06,12.852261795934004
2006-04-07,13.011670510184182
2006-04-08,13.168138011371703
2006-04-09,12.688940250364523
2006-04-10,13.673706496286389
2006-04-11,12.774287437325695
2006-04-12,12.825227305529198
2006-04-13,14.315172818704204
2006-04-14,13.247652808585912
2006-04-15,13.613455045085855
2006-04-16,13.294231998839438
2006-04-17,12.587550650030716
2006-04-18,13.062860046558558
2006-04-19,13.591565302736582
2006-04-20,13.170976311521589
2006-04-21,13.757517892788487
2006-04-22,14.130318565180039
2006-04-23,13.141164281962814
2006-04-24,14.033973443516096
2006-04-25,12.960001921864212
2006-04-26,12.771898793100709
2006-04-27,13.872685046127804
2006-04-28,13.229589204501949
2006-04-29,13.189744716198472
2006-04-30,13.829039072241342
2006-05-01,13.540571112614279
2006-05-02,13.383459196406141
2006-05-03,12.276617554034997
2006-05-04,13.471183313141433
2006-05-05,13.03771856170624
2006-05-06,12.618212222573044
2006-05-07,12.397340965019614
2006-05-08,12.990115543272962
2006-05-09,13.213840792038258
2006-05-10,13.902377870714496
2006-05-11,13.322821275101685
2006-05-12,13.170270510738558
2006-05-13,13.042833016343053
2006-05-14,12.10493814007694
2006-05-15,12.61469640581339
2006-05-16,13.70068590660381
2006-05-17,13.050942583892958
2006-05-18,13.669654540261405
2006-05-19,12.927595877171244
2006-05-20,12.97469376633075
2006-05-21,12.916223805356035
2006-05-22,11.890499929321386
2006-05-23,12.751838659936867
2006-05-24,13.304827502504644
2006-05-25,13.090222813364262
2006-05-26,12.573756112561842
2006-05-27,13.335054127302552
2006-05-28,12.229296191085018
2006-05-29,13.159540530532166
2006-05-30,12.87699731545462
2006-05-31,12.89251951611776
2006-06-01,12.606720867206331
2006-06-02,12.409662923058988
2006-06-03,13.510396127751688
2006-06-04,13.167277722747897
2006-06-05,13.480991552357622
2006-06-06,12.67506070572041
2006-06-07,12.887904280439699
2006-06-08,12.551214194879002
2006-06-09,12.192722847729135
2006-06-10,13.127502664360874
2006-06-11,12.959862712416065
2006-06-12,13.140764859558878
2006-06-13,13.58944540770514
2006-06-14,12.64769487734615
2006-06-15,12.16440876853254
2006-06-16,13.029979030698902
2006-06-17,12.699927565049094
2006-06-18,13.507835700711153
2006-06-19,12.884470183539547
2006-06-20,12.404470361605123
2006-06-21,12.218388856451435
2006-06-22,12.802094383413394
2006-06-23,12.321779036467495
2006-06-24,12.336052382819446
2006-06-25,13.028625086782405
2006-06-26,12.838197963866701
2006-06-27,12.345107762343947
2006-06-28,12.614974333749005
2006-06-29,13.115943238656525
2006-06-30,13.671133908345361
2006-07-01,12.014864460756572
2006-07-02,12.392843508465733
2006-07-03,12.192846443879311
2006-07-04,12.13498343597443
2006-07-05,12.982539598524063
2006-07-06,11.692025209197531
2006-07-07,12.397317051300671
2006-07-08,11.856261286909122
2006-07-09,12.973494236065703
2006-07-10,12.103288339214943
2006-07-11,12.05370653958312
2006-07-12,12.535133070146623
2006-07-13,12.134515803319113
2006-07-14,13.218465307417912
2006-07-15,12.18350083022986
2006-07-16,12.684926004129364
2006-07-17,13.244580570132305
2006-07-18,13.023355420068322
2006-07-19,11.54318750569236
2006-07-20,12.400905223541638
2006-07-21,11.518237093452598
2006-07-22,12.37240726555452
2006-07-23,13.553740065800067
2006-07-24,12.650729118872915
2006-07-25,10.967160513804746
2006-07-26,11.951146259265013
2006-07-27,11.670585420620059
2006-07-28,11.847381628811558
2006-07-29,11.192765440348632
2006-07-30,11.260581204045929
2006-07-31,10.912757169547163
2006-08-01,12.186899578866928
2006-08-02,12.43771710814133
2006-08-03,12.142830656918294
2006-08-04,11.730531572250253
2006-08-05,11.812716432479826
2006-08-06,12.361957740430588
2006-08-07,12.24378379993466
2006-08-08,11.926504811339472
2006-08-09,11.623096354287803
2006-08-10,11.618752882520644
2006-08-11,11.543373390177583
2006-08-12,12.20917853810182
2006-08-13,11.649457452316291
2006-08-14,11.327883308288039
2006-08-15,12.622385948678847
2006-08-16,12.208379368162152
2006-08-17,12.355281840782373
2006-08-18,11.647732719979503
2006-08-19,11.651495764632974
2006-08-20,11.872095188470015
2006-08-21,11.901664279149795
2006-08-22,12.009614857573931
2006-08-23,11.910727802493014
2006-08-24,11.050720131654622
2006-08-25,11.886059278422142
2006-08-26,11.80825121942268
2006-08-27,11.862799115056118
2006-08-28,11.757055500843
2006-08-29,10.887652765221908
2006-08-30,11.216439868422173
2006-08-31,11.539300518088552
2006-09-01,10.580821918165045
2006-09-02,10.9850144145786
2006-09-03,11.105614381678567
2006-09-04,11.319733807881557
2006-09-05,11.01270027132762
2006-09-06,11.564497378457407
2006-09-07,11.48530429352368
2006-09-08,10.785043542066497
2006-09-09,11.105331433745384
2006-09-10,11.000633574290058
2006-09-11,11.199296473238917
2006-09-12,10.945233393597588
2006-09-13,11.952334545956615
2006-09-14,10.839388185585229
2006-09-15,10.460608556248786
2006-09-16,11.589089904930034
2006-09-17,10.69324734874015
2006-09-18,11.654932408135402
2006-09-19,11.14159349182105
2006-09-20,10.59883565530156
2006-09-21,11.149967165244739
2006-09-22,10.733414873416416
2006-09-23,10.883848693528911
2006-09-24,10.749303738461988
2006-09-25,11.346615717590407
2006-09-26,10.818712901100218
2006-09-27,11.724473605116474
2006-09-28,10.634897342698794
2006-09-29,11.393275214985467
2006-09-30,10.869079946048931
2006-10-01,10.268583125875924
2006-10-02,11.12152300505219
2006-10-03,11.744633299498666
2006-10-04,10.475218959566265
2006-10-05,10.806949035088618
2006-10-06,12.283610247777203
2006-10-07,10.675013523474083
2006-10-08,10.870948884004417
2006-10-09,10.892433515891438
2006-10-10,10.658029267316122
2006-10-11,11.221091578697443
2006-10-12,10.768192319047863
2006-10-13,11.82519144401776
2006-10-14,11.456749358670276
2006-10-15,10.656315017194487
2006-10-16,10.638626215350662
2006-10-17,11.351616446502504
2006-10-18,10.896944610609792
2006-10-19,9.837017141417233
2006-10-20,11.256592174885757
2006-10-21,10.128128018866377
2006-10-22,10.579198822916677
2006-10-23,10.94882246215825
2006-10-24,10.606662580764201
2006-10-25,10.052194684212669
2006-10-26,10.651509321016176
2006-10-27,11.113749318554591
2006-10-28,10.641216196380613
2006-10-29,10.179763533052016
2006-10-30,10.874423361287882
2006-10-31,10.180401664171411
2006-11-01,10.58086184846123
2006-11-02,10.84035125097215
2006-11-03,10.021231891398832
2006-11-04,9.921923964980863
2006-11-05,11.43459650914241
2006-11-06,11.30292812736304
2006-11-07,10.77755406660213
2006-11-08,10.615800608499162
2006-11-09,10.557629591577431
2006-11-10,10.866750934676961
2006-11-11,11.230110664630807
2006-11-12,10.76077948615961
2006-11-13,11.319753170825512
2006-11-14,10.122888507472071
2006-11-15,10.24376454669646
2006-11-16,11.245692736745685
2006-11-17,10.666703657664936
2006-11-18,10.435878360245544
2006-11-19,10.858036968914549
2006-11-20,10.774475429509096
2006-11-21,10.501690092609643
2006-11-22,12.017382802139707
2006-11-23,11.406575851239023
2006-11-24,11.498914386673734
2006-11-25,11.517526884272016
2006-11-26,10.268086701336934
2006-11-27,11.270778081540374
2006-11-28,10.410625061326334
2006-11-29,11.285024139186856
2006-11-30,11.171280896580207
2006-12-01,10.66327997646082
2006-12-02,11.26675218146815
2006-12-03,10.919390336447954
2006-12-04,10.399495538721068
2006-12-05,10.979115916424483
2006-12-06,11.513137662294412
2006-12-07,11.82328227415877
2006-12-08,11.585701311494097
2006-12-09,10.493062349002269
2006-12-10,11.110129889867924
2006-12-11,11.804367650983341
2006-12-12,11.423421038114851
2006-12-13,10.574907329331094
2006-12-14,10.840416236875999
2006-12-15,11.197078157198362
2006-12-16,11.856014899324325
2006-12-17,11.397060341082424
2006-12-18,11.456946267537413
2006-12-19,11.145594453497287
2006-12-20,12.344378642529126
2006-12-21,11.625254876720312
2006-12-22,11.049723962803801
2006-12-23,11.1258416841743
2006-12-24,10.427884138440849
2006-12-25,11.289741628655287
2006-12-26,11.138358631185014
2006-12-27,10.291837553868364
2006-12-28,11.104659961333741
2006-12-29,11.236005887812151
2006-12-30,10.935822552681804
2006-12-31,10.68243284508809
2007-01-01,12.084940687239715
2007-01-02,11.511120997358509
2007-01-03,11.181991187465757
2007-01-04,10.920713324628334
2007-01-05,11.832418358619204
2007-01-06,11.914187318141625
2007-01-07,11.859778690247232
2007-01-08,11.36571070259428
2007-01-09,11.151687370244801
2007-01-10,12.053817999928832
2007-01-11,11.43317778603261
2007-01-12,12.207866226191994
2007-01-13,11.940848008741119
2007-01-14,12.07551192312162
2007-01-15,11.939623686981276
2007-01-16,10.789928010113352
2007-01-17,11.424251176905003
2007-01-18,11.95921385715532
2007-01-19,11.866879248219048
2007-01-20,11.34819496736155
2007-01-21,10.330193560440735
2007-01-22,12.472029019809844
2007-01-23,12.946714052300635
2007-01-24,11.35983570081354
2007-01-25,11.65398663238189
2007-01-26,12.340741954888108
2007-01-27,11.619298994724424
2007-01-28,13.119583342994455
2007-01-29,12.501988078431637
2007-01-30,12.221364772318134
2007-01-31,11.869093148055473
2007-02-01,12.360850665686836
2007-02-02,12.314428690259032
2007-02-03,12.00835641889114
2007-02-04,11.986874979668926
2007-02-05,12.718422539689527
2007-02-06,12.590918472896186
2007-02-07,12.825163556792702
2007-02-08,12.074120109875787
2007-02-09,11.864207875217161
2007-02-10,12.54164833813805
2007-02-11,12.005270443979516
2007-02-12,12.652383175906365
2007-02-13,12.484569981597534
2007-02-14,12.437946609216864
2007-02-15,10.789521804049453
2007-02-16,12.986358204107459
2007-02-17,12.070558964486487
2007-02-18,12.021740370842597
2007-02-19,13.062881410681468
2007-02-20,11.573456861474558
2007-02-21,12.243463985075977
2007-02-22,12.245146960955182
2007-02-23,12.536267187908207
2007-02-24,11.96821532822608
2007-02-25,11.713849751233123
2007-02-26,12.678837086319511
2007-02-27,13.108817801729808
2007-02-28,13.077862608415519
2007-03-01,13.626294613616892
2007-03-02,13.088974375002476
2007-03-03,11.9524531447739
2007-03-04,12.671138106991428
2007-03-05,12.683002803624737
2007-03-06,13.242330816870869
2007-03-07,12.357456529592362
2007-03-08,13.263022247500823
2007-03-09,12.870682450062187
2007-03-10,12.936564865524769
2007-03-11,12.536282843097617
2007-03-12,12.961159299723382
2007-03-13,13.794995476946735
2007-03-14,11.924151707587622
2007-03-15,13.153666571995153
2007-03-16,13.616572717603512
2007-03-17,12.896245678574793
2007-03-18,12.732875552287728
2007-03-19,12.605261212246964
2007-03-20,14.295550122567766
2007-03-21,12.374262116246806
2007-03-22,12.523996272656754
2007-03-23,12.894413186718046
2007-03-24,13.894466516875262
2007-03-25,13.031832033022285
2007-03-26,12.849521674719627
2007-03-27,12.832183048579436
2007-03-28,13.148404637406419
2007-03-29,13.283565385766678
2007-03-30,12.731811099132445
2007-03-31,12.41574150759133
2007-04-01,12.121659471511178
2007-04-02,13.0570718768748
2007-04-03,12.67660655752091
2007-04-04,12.881166661674444
2007-04-05,12.32619172022338
2007-04-06,12.974658659971288
2007-04-07,13.393203310527262
2007-04-08,12.484539638364422
2007-04-09,13.260351534240183
2007-04-10,13.779890312564067
2007-04-11,12.856272476997283
2007-04-12,13.133003341933344
2007-04-13,12.740555377492374
2007-04-14,13.010684465810998
2007-04-15,13.137180592367757
2007-04-16,12.42961908489696
2007-04-17,12.818088467620264
2007-04-18,13.307005405406075
2007-04-19,12.896668138727886
2007-04-20,13.406877664265552
2007-04-21,12.842735949231699
2007-04-22,12.037427359394087
2007-04-23,13.02614506427735
2007-04-24,14.12446404774698
2007-04-25,13.221356988595328
2007-04-26,13.276939584691428
2007-04-27,13.609605324180384
2007-04-28,13.315082699331882
2007-04-29,13.703448827002374
2007-04-30,13.615921993168614
2007-05-01,13.00248279185489
2007-05-02,13.401605185586195
2007-05-03,12.460934337370764
2007-05-04,12.839033583738093
2007-05-05,13.042097871345353
2007-05-06,13.36002640949706
2007-05-07,12.306656966715916
2007-05-08,13.605415436494416
2007-05-09,12.362305061702997
2007-05-10,13.762069874583647
2007-05-11,12.66021179861076
2007-05-12,13.588220248597494
2007-05-13,13.59701409694986
2007-05-14,12.830675922771858
2007-05-15,13.44279146163458
2007-05-16,13.085682864965149
2007-05-17,14.14275380623759
2007-05-18,13.022296411547027
2007-05-19,14.060821105033984
2007-05-20,12.581963009745719
2007-05-21,12.954105283149923
2007-05-22,13.426382894260588
2007-05-23,12.96524231678219
2007-05-24,13.39271964864687
2007-05-25,13.224307146421374
2007-05-26,13.34743965081965
2007-05-27,14.001259160662876
2007-05-28,12.372726745261554
2007-05-29,13.59063604746806
2007-05-30,12.946789617137632
2007-05-31,12.8435705703645
2007-06-01,13.04857116853406
2007-06-02,12.793771143061656
2007-06-03,13.070862861764798
2007-06-04,12.762974821466706
2007-06-05,13.227431693348331
2007-06-06,12.813150512757096
2007-06-07,13.022999891955505
2007-06-08,13.741073803814633
2007-06-09,12.637521987894358
2007-06-10,12.317624872930834
2007-06-11,12.851768058063085
2007-06-12,12.990796106306593
2007-06-13,12.699614185008883
2007-06-14,13.16151451352945
2007-06-15,12.90714106017458
2007-06-16,12.173746625992656
2007-06-17,12.006167060399392
2007-06-18,13.44857399813862
2007-06-19,12.20030254755204
2007-06-20,11.97922901526257
2007-06-21,12.273400746129678
2007-06-22,12.227399826094604
2007-06-23,12.234676243426058
2007-06-24,12.260511035382363
2007-06-25,12.42159948026378
2007-06-26,11.761156189146842
2007-06-27,12.726957111399228
2007-06-28,12.357807577042367
2007-06-29,12.759348228563352
2007-06-30,11.8337604809008
2007-07-01,13.125912664466778
2007-07-02,11.868504533740781
2007-07-03,12.292376852110404
2007-07-04,13.196673764736161
2007-07-05,12.957330669470151
2007-07-06,13.559794240412977
2007-07-07,12.157271438238723
2007-07-08,12.061601579193875
2007-07-09,12.474774722832935
2007-07-10,12.041310659684854
2007-07-11,11.408567173508178
2007-07-12,12.306930802830248
2007-07-13,12.935972141235007
2007-07-14,11.382402798231396
2007-07-15,11.891295096478434
2007-07-16,12.480360744874266
2007-07-17,11.837572772399248
2007-07-18,11.679225120097843
2007-07-19,12.325177715657215
2007-07-20,12.450106693855329
2007-07-21,11.98857574664378
2007-07-22,11.249038158385892
2007-07-23,11.42827412903528
2007-07-24,12.655754992937997
2007-07-25,11.374741280432326
2007-07-26,11.927955398297875
2007-07-27,11.945019829466908
2007-07-28,11.615661980255535
2007-07-29,11.150647754737387
2007-07-30,11.530322654894205
2007-07-31,11.702462928965582
2007-08-01,11.54719055859327
2007-08-02,11.662281211612479
2007-08-03,11.594664791236141
2007-08-04,12.928140682989556
2007-08-05,11.869256209775374
2007-08-06,12.07611229673183
2007-08-07,12.417463532247826
2007-08-08,11.152497012947094
2007-08-09,12.002899350266313
2007-08-10,11.223247816921727
2007-08-11,10.964004815200072
2007-08-12,11.441336334879201
2007-08-13,11.746356521176413
2007-08-14,11.690989620559622
2007-08-15,11.488114536375697
2007-08-16,11.110895792387785
2007-08-17,11.881756584949573
2007-08-18,11.967588201154886
2007-08-19,11.191679423967452
2007-08-20,11.269915387642552
2007-08-21,11.518585059730146
2007-08-22,11.020184493256384
2007-08-23,11.90262819288698
2007-08-24,11.26512033945883
2007-08-25,10.623182621207102
2007-08-26,11.306245933355774
2007-08-27,10.91352884756107
2007-08-28,11.685222570358624
2007-08-29,11.554962985166346
2007-08-30,10.947835327032005
2007-08-31,11.872046703541967
2007-09-01,11.06554665997054
2007-09-02,12.39867528520502
2007-09-03,11.476486316755693
2007-09-04,11.018083271916211
2007-09-05,11.021534559834357
2007-09-06,11.446512188369512
2007-09-07,11.136850057090664
2007-09-08,10.99303959122923
2007-09-09,11.332350603099867
2007-09-10,11.233204780098166
2007-09-11,11.667331727199997
2007-09-12,11.996070778980553
2007-09-13,11.414822914706743
2007-09-14,10.783318641615418
2007-09-15,11.570148716980311
2007-09-16,11.266345615326513
2007-09-17,11.68782425426091
2007-09-18,10.750708220814575
2007-09-19,11.710061239895019
2007-09-20,11.707762581202493
2007-09-21,10.958439422383845
2007-09-22,11.39683780330431
2007-09-23,11.247043914171263
2007-09-24,11.571359020641975
2007-09-25,10.889150883872707
2007-09-26,12.064807704163687
2007-09-27,11.07119063133078
2007-09-28,10.723494181299307
2007-09-29,10.766392352325378
2007-09-30,10.114629716844052
2007-10-01,10.894627153381741
2007-10-02,11.40497997565426
2007-10-03,11.184030417499722
2007-10-04,10.994082459759156
2007-10-05,11.016111680249539
2007-10-06,11.281924372216844
2007-10-07,11.010228698611629
2007-10-08,10.62992634309061
2007-10-09,11.375828460016521
2007-10-10,11.132428679282627
2007-10-11,10.300694938071924
2007-10-12,11.475108084453002
2007-10-13,10.273680223381115
2007-10-14,10.627907946036588
2007-10-15,10.708648004047701
2007-10-16,10.531926870600092
2007-10-17,10.654422480984405
2007-10-18,11.373277421944822
2007-10-19,10.91177017955385
2007-10-20,9.771820725617596
2007-10-21,10.95636252453901
2007-10-22,11.331428389265506
2007-10-23,10.724109977125956
2007-10-24,10.186784625641376
2007-10-25,9.87251847819444
2007-10-26,11.40412706590797
2007-10-27,10.3886900603448
2007-10-28,10.902860590572136
2007-10-29,11.192207569314942
2007-10-30,11.17787029649898
2007-10-31,10.592809954292028
2007-11-01,11.223582127831545
2007-11-02,11.158582121715558
2007-11-03,11.09079347573739
2007-11-04,9.940115954600495
2007-11-05,9.726648489639341
2007-11-06,9.867356944187973
2007-11-07,10.811488064697405
2007-11-08,11.018820772076603
2007-11-09,11.526056142699474
2007-11-10,10.723999141716849
2007-11-11,11.662281676296818
2007-11-12,10.617453166457894
2007-11-13,10.747026511420415
2007-11-14,11.503737508967635
2007-11-15,11.601452719834917
2007-11-16,10.69857096208709
2007-11-17,11.540593817677568
2007-11-18,11.213337994560273
2007-11-19,10.601822064430534
2007-11-20,11.821214548239244
2007-11-21,11.218235395341237
2007-11-22,10.619799049313178
2007-11-23,11.26768662196626
2007-11-24,11.401708227706688
2007-11-25,10.911311607975307
2007-11-26,10.46050943556293
2007-11-27,10.610714175564777
2007-11-28,11.0820570351904
2007-11-29,10.67667866609107
2007-11-30,11.241583162286691
2007-12-01,10.77107539497839
2007-12-02,10.753590957746223
2007-12-03,11.299946933752315
2007-12-04,10.887104829581144
2007-12-05,11.371531142573057
2007-12-06,10.889183536229954
2007-12-07,10.491921234792587
2007-12-08,11.293238318694478
2007-12-09,10.444705010124583
2007-12-10,12.059253511284888
2007-12-11,11.559756041077906
2007-12-12,11.30649681467136
2007-12-13,11.83614149216341
2007-12-14,11.610598110982188
2007-12-15,11.601383834183297
2007-12-16,11.135988588315772
2007-12-17,11.502841349998315
2007-12-18,11.659604841422139
2007-12-19,11.833749672531582
2007-12-20,11.988643724114649
2007-12-21,10.365122594596794
2007-12-22,12.359988229997926
2007-12-23,11.871532450793731
2007-12-24,11.519598567143298
2007-12-25,10.677555361435456
2007-12-26,11.564736498891069
2007-12-27,11.130463219480367
2007-12-28,11.360221331600124
2007-12-29,12.072731672827892
2007-12-30,11.469059114250598
2007-12-31,11.802945664048693
2008-01-01,11.237344736436157
2008-01-02,9.51292576808331
2008-01-03,12.194706637658246
2008-01-04,10.792128654572338
2008-01-05,11.8229712193623
2008-01-06,11.158253124675937
2008-01-07,11.382428723014911
2008-01-08,11.937373780686018
2008-01-09,12.143700351319824
2008-01-10,11.335539372762865
2008-01-11,11.880554573442446
2008-01-12,12.37857983923823
2008-01-13,12.115061713873573
2008-01-14,12.105620791481037
2008-01-15,12.194589126015233
2008-01-16,11.233931272528753
2008-01-17,12.268729328518768
2008-01-18,11.71926592725187
2008-01-19,12.155029553200537
2008-01-20,11.51850704568209
2008-01-21,11.167860467508072
2008-01-22,11.738827178014446
2008-01-23,11.705202489956571
2008-01-24,11.262587404535749
2008-01-25,11.855609085410217
2008-01-26,11.172553715814644
2008-01-27,12.272019117875418
2008-01-28,11.928983056804613
2008-01-29,12.417775722552731
2008-01-30,12.332038087997807
2008-01-31,11.954172301947725
2008-02-01,12.017139148212738
2008-02-02,12.292577369454953
2008-02-03,11.53102815342839
2008-02-04,11.704662713546993
2008-02-05,11.353800924275896
2008-02-06,12.46999391569096
2008-02-07,12.286733336828936
2008-02-08,12.546359177975285
2008-02-09,11.653273462538534
2008-02-10,11.746997592638513
2008-02-11,12.399583754582006
2008-02-12,12.850052946015612
2008-02-13,11.97323764805652
2008-02-14,13.472963004803285
2008-02-15,12.900484718997616
2008-02-16,11.922035536594672
2008-02-17,12.703018580911873
2008-02-18,12.182994309562158
2008-02-19,13.13077130122553
2008-02-20,12.113275719060908
2008-02-21,13.00351206199376
2008-02-22,12.356803331909115
2008-02-23,13.304417477063428
2008-02-24,13.288510264864716
2008-02-25,12.87219993189427
2008-02-26,12.176171609819574
2008-02-27,11.777232009602619
2008-02-28,12.321709174279302
2008-02-29,12.163794361412249
2008-03-01,12.795068790280364
2008-03-02,12.157137383603812
2008-03-03,12.243371374873984
2008-03-04,13.156318892960075
2008-03-05,12.68445245926704
2008-03-06,13.012950074874693
2008-03-07,13.115344283497167
2008-03-08,13.076827630479523
2008-03-09,13.191357413746747
2008-03-10,13.236269998576915
2008-03-11,12.392293381633126
2008-03-12,12.869869810171368
2008-03-13,12.74755791948698
2008-03-14,13.485895450581104
2008-03-15,13.804566720139746
2008-03-16,12.99872025371231
2008-03-17,13.89179005758286
2008-03-18,12.9046087773306
2008-03-19,13.579329149891912
2008-03-20,11.828672284915088
2008-03-21,12.977730513834807
2008-03-22,12.096657224597275
2008-03-23,12.4541446752004
2008-03-24,13.678199935770342
2008-03-25,12.382189955204531
2008-03-26,13.059790311630604
2008-03-27,12.720678783423788
2008-03-28,12.421365246076153
2008-03-29,13.041855493252998
2008-03-30,13.00480862456757
2008-03-31,13.122025829877469
2008-04-01,13.170647899775
2008-04-02,13.430100869268085
2008-04-03,13.194287451569638
2008-04-04,14.081687706886814
2008-04-05,12.653173628267655
2008-04-06,12.411373513442042
2008-04-07,13.637951282894127
2008-04-08,13.113244821354648
2008-04-09,12.937350847191937
2008-04-10,13.338157216146005
2008-04-11,12.44534600165239
2008-04-12,13.53789261160351
2008-04-13,14.13920953312762
2008-04-14,12.730597747664948
2008-04-15,13.167156342822114
2008-04-16,13.96937305071066
2008-04-17,13.237416668771678
2008-04-18,12.823730934860093
2008-04-19,12.369736650035675
2008-04-20,12.871721572650241
2008-04-21,13.610730743616067
2008-04-22,13.067503098389848
2008-04-23,14.24456746086293
2008-04-24,12.67411826792433
2008-04-25,13.43868277383118
2008-04-26,13.455237834995017
2008-04-27,12.835913106620376
2008-04-28,13.530438360485034
2008-04-29,13.787215947804235
2008-04-30,13.596357335291158
2008-05-01,12.443643651377512
2008-05-02,14.182790815534693
2008-05-03,14.756465284129296
2008-05-04,13.155537685851147
2008-05-05,13.026741562332228
2008-05-06,12.898991885384588
2008-05-07,13.204718077892132
2008-05-08,13.488566658928809
2008-05-09,12.762952824159939
2008-05-10,13.47873388734537
2008-05-11,13.459698540821643
2008-05-12,12.755313058777546
2008-05-13,13.258238025261582
2008-05-14,13.153020735120943
2008-05-15,13.082255161175855
2008-05-16,14.545048511413773
2008-05-17,13.5435272309607
2008-05-18,12.61901195466037
2008-05-19,13.205311359707721
2008-05-20,12.905764341408753
2008-05-21,13.04074457595719
2008-05-22,13.337235180935995
2008-05-23,12.762910762992135
2008-05-24,13.109937329311428
2008-05-25,13.232788320559562
2008-05-26,12.757370157195506
2008-05-27,13.630423164298133
2008-05-28,13.281364158454393
2008-05-29,13.479775890293562
2008-05-30,12.377339873137728
2008-05-31,13.351123204864844
2008-06-01,12.19196987272867
2008-06-02,13.471086491643565
2008-06-03,13.324410439197106
2008-06-04,12.24186683089526
2008-06-05,13.353279496058779
2008-06-06,12.862942977547716
2008-06-07,12.488593859563418
2008-06-08,13.432225110821175
2008-06-09,12.262397873572242
2008-06-10,13.221324297236665
2008-06-11,12.663414047056891
2008-06-12,13.256931724036022
2008-06-13,13.161790261279965
2008-06-14,13.135288303519877
2008-06-15,12.238326910982758
2008-06-16,12.862174233517898
2008-06-17,12.89523273631543
2008-06-18,13.064370787910338
2008-06-19,13.390524206599295
2008-06-20,12.741668338948848
2008-06-21,11.664212937282185
2008-06-22,12.740377850803712
2008-06-23,12.615528773037273
2008-06-24,12.446701229460556
2008-06-25,13.166311821608758
2008-06-26,11.556305173793163
2008-06-27,12.125218731933122
2008-06-28,11.266504033129422
2008-06-29,13.103864960371821
2008-06-30,12.068160516107584
2008-07-01,12.471625430973326
2008-07-02,12.380821362360962
2008-07-03,11.757681603522053
2008-07-04,12.26370663168196
2008-07-05,12.024161520133138
2008-07-06,12.418567929774047
2008-07-07,13.134738192694138
2008-07-08,12.95283992422471
2008-07-09,12.453562262305661
2008-07-10,12.268286929527378
2008-07-11,12.167192605949419
2008-07-12,12.123413571192625
2008-07-13,12.947635879588457
2008-07-14,11.819736904768487
2008-07-15,12.752117084837
2008-07-16,11.827582692150026
2008-07-17,12.55170422515814
2008-07-18,12.014844027186141
2008-07-19,12.464667754850064
2008-07-20,11.268112812851209
2008-07-21,11.95294571987136
2008-07-22,11.684440732368877
2008-07-23,12.114662316143136
2008-07-24,12.284367941785462
2008-07-25,12.487012706115165
2008-07-26,11.200283650349718
2008-07-27,10.819682967631117
2008-07-28,11.54213424470613
2008-07-29,11.897036675187966
2008-07-30,11.998370417775227
2008-07-31,12.457679604154004
2008-08-01,11.727795531156731
2008-08-02,11.494291580581642
2008-08-03,13.136350823852855
2008-08-04,13.162993843024992
2008-08-05,11.854721105266645
2008-08-06,12.030887257854609
2008-08-07,12.297296074216137
2008-08-08,11.530494981474522
2008-08-09,11.393564317576207
2008-08-10,11.47585045227053
2008-08-11,11.665210803828563
2008-08-12,11.385690565824511
2008-08-13,10.845658001064539
2008-08-14,11.06388135536827
2008-08-15,12.002595783918434
2008-08-16,11.396748370426522
2008-08-17,12.13247887711426
2008-08-18,11.733639122516873
2008-08-19,10.807287102172294
2008-08-20,11.622531110796169
2008-08-21,10.765610204178808
2008-08-22,11.273395156096704
2008-08-23,11.918922476904324
2008-08-24,11.485944349791566
2008-08-25,11.789743398212714
2008-08-26,11.711503356136753
2008-08-27,11.090113848197907
2008-08-28,11.580491623902008
2008-08-29,10.580452856597372
2008-08-30,11.361876917899837
2008-08-31,11.764995415661815
2008-09-01,11.239697870061276
2008-09-02,11.142245299880026
2008-09-03,11.321916917920086
2008-09-04,11.756793749412953
2008-09-05,11.534749948093697
2008-09-06,11.716844849202314
2008-09-07,10.74865696264377
2008-09-08,11.60531776782325
2008-09-09,11.535580810621642
2008-09-10,11.649099856487357
2008-09-11,10.739429576693595
2008-09-12,12.132763595417499
2008-09-13,10.420370374847835
2008-09-14,11.565682396990445
2008-09-15,11.961163579310742
2008-09-16,11.047565846445769
2008-09-17,11.72218289186278
2008-09-18,12.017996314192471
2008-09-19,11.15816594401566
2008-09-20,11.315602326398775
2008-09-21,10.80219215550557
2008-09-22,10.601715149331852
2008-09-23,11.719085058061266
2008-09-24,10.366282164633631
2008-09-25,10.97101774555452
2008-09-26,11.385770381232964
2008-09-27,11.159627599431229
2008-09-28,11.723862603636247
2008-09-29,11.162623519109374
2008-09-30,10.805649174173244
2008-10-01,11.204342666793503
2008-10-02,11.005152977268594
2008-10-03,11.346660393651582
2008-10-04,10.991494219940673
2008-10-05,11.647189913740812
2008-10-06,10.801136406152354
2008-10-07,10.924819554837155
2008-10-08,11.320377971577008
2008-10-09,11.178747242998886
2008-10-10,10.665674984436093
2008-10-11,10.432198454446338
2008-10-12,10.360934868998061
2008-10-13,10.679274634885909
2008-10-14,10.864290958776182
2008-10-15,10.695143630508127
2008-10-16,10.704313065481978
2008-10-17,10.69100587011499
2008-10-18,10.14256814712771
2008-10-19,11.425931282739027
2008-10-20,10.377926275669942
2008-10-21,10.271764306435514
2008-10-22,10.462214195252503
2008-10-23,10.274916892234442
2008-10-24,10.887477045521361
2008-10-25,9.724597240612988
2008-10-26,11.023723977353956
2008-10-27,11.255818210013482
2008-10-28,12.015148242848973
2008-10-29,10.14652162592627
2008-10-30,11.558658488753338
2008-10-31,11.110369249003382
2008-11-01,10.146671099442251
2008-11-02,10.456898845861446
2008-11-03,10.594701842975343
2008-11-04,10.457165553169522
2008-11-05,10.058956812436113
2008-11-06,11.094599173270076
2008-11-07,11.288104690551332
2008-11-08,11.032830435238099
2008-11-09,10.822530587389931
2008-11-10,10.176436523622357
2008-11-11,10.285045268944735
2008-11-12,10.951150414313608
2008-11-13,11.126347116740613
2008-11-14,9.798568933703715
2008-11-15,9.733372703870975
2008-11-16,10.900454967714108
2008-11-17,10.06428440750605
2008-11-18,11.473486342256155
2008-11-19,11.056853195769106
2008-11-20,11.501050663851313
2008-11-21,10.569132744941122
2008-11-22,12.04371538590795
2008-11-23,10.666752496729815
2008-11-24,10.709439960556775
2008-11-25,10.912420751164634
2008-11-26,10.834617768782469
2008-11-27,11.188541290623194
2008-11-28,11.418549055187077
2008-11-29,10.644439970482141
2008-11-30,10.519079832360942
2008-12-01,11.079737603573312
2008-12-02,11.564178440975398
2008-12-03,12.469674165155842
2008-12-04,11.73551697547047
2008-12-05,10.857905249773262
2008-12-06,11.400072172778325
2008-12-07,11.22480577695508
2008-12-08,11.102211758060434
2008-12-09,11.350568639752531
2008-12-10,10.912065930518969
2008-12-11,11.292217266808183
2008-12-12,10.863120622039032
2008-12-13,9.625836447268174
2008-12-14,12.316501833043594
2008-12-15,11.141576013649845
2008-12-16,11.420401294911741
2008-12-17,10.914999950603374
2008-12-18,10.94546368950976
2008-12-19,11.647674896848558
2008-12-20,11.668671505883813
2008-12-21,12.117770090257372
2008-12-22,11.728746672396191
2008-12-23,10.948431642110574
2008-12-24,11.093025500398317
2008-12-25,10.836736340827299
2008-12-26,10.917004468344885
2008-12-27,11.30230845198582
2008-12-28,11.903145517023706
2008-12-29,11.885897034361799
2008-12-30,11.638566595523935
2008-12-31,11.045475367574157
2009-01-01,11.939652892493926
2009-01-02,11.51964158794122
2009-01-03,12.402466342640949
2009-01-04,11.806762596100631
2009-01-05,11.468747463204426
2009-01-06,10.520687841266092
2009-01-07,11.801164130007903
2009-01-08,11.86987798098129
2009-01-09,11.69819212210823
2009-01-10,11.624581936184068
2009-01-11,11.917902405248634
2009-01-12,12.06487259185112
2009-01-13,11.190271640464935
2009-01-14,11.58576193351868
2009-01-15,12.697133795657786
2009-01-16,11.55824968816835
2009-01-17,11.50716111641508
2009-01-18,12.090416951711791
2009-01-19,11.712591992500112
2009-01-20,11.502175310791714
2009-01-21,12.017187938307769
2009-01-22,11.867838509340752
2009-01-23,12.672408048163037
2009-01-24,11.97059423004717
2009-01-25,12.461344236285079
2009-01-26,11.157815553760923
2009-01-27,12.735477218622764
2009-01-28,11.99056015739536
2009-01-29,12.35909570027681
2009-01-30,12.333175309154642
2009-01-31,11.194737284749465
2009-02-01,13.489490630401868
2009-02-02,11.824599211567312
2009-02-03,12.49704033765947
2009-02-04,12.464212662774598
2009-02-05,12.665414467980307
2009-02-06,11.567121567426865
2009-02-07,12.70349470012444
2009-02-08,12.291261595270235
2009-02-09,11.864732415868911
2009-02-10,11.743063630197936
2009-02-11,12.80902024101456
2009-02-12,11.620934191939318
2009-02-13,12.220730492756477
2009-02-14,12.190759649593794
2009-02-15,11.816427557005248
2009-02-16,11.915251444993185
2009-02-17,12.680258713292657
2009-02-18,11.8566087027439
2009-02-19,12.743538114752011
2009-02-20,12.923509351606853
2009-02-21,13.143429754097602
2009-02-22,11.522102232105702
2009-02-23,13.485512787165725
2009-02-24,12.700655902786567
2009-02-25,11.929599126477564
2009-02-26,12.776821695949252
2009-02-27,13.11544892942613
2009-02-28,11.881466519082
2009-03-01,11.458240303853819
2009-03-02,12.594180231014278
2009-03-03,13.163511988613356
2009-03-04,12.59205724951049
2009-03-05,12.942918287406812
2009-03-06,12.156555768658041
2009-03-07,12.172927417150605
2009-03-08,13.0616369750451
2009-03-09,13.022584808780922
2009-03-10,13.611047528721446
2009-03-11,12.62194846903237
2009-03-12,12.473386993023325
2009-03-13,13.426460877920377
2009-03-14,12.377251082849659
2009-03-15,12.528812561556384
2009-03-16,12.080756870553595
2009-03-17,13.62979080636471
2009-03-18,13.426281101993569
2009-03-19,13.006013039612549
2009-03-20,13.074834968196438
2009-03-21,12.208925994318108
2009-03-22,12.695925482945313
2009-03-23,12.90294952125243
2009-03-24,13.537174414899882
2009-03-25,12.621690231477741
2009-03-26,13.675895219670489
2009-03-27,12.205390676919968
2009-03-28,13.017356394641062
2009-03-29,12.652478436869592
2009-03-30,12.864972396917182
2009-03-31,12.853310373670633
2009-04-01,13.679281812633494
2009-04-02,12.715244555781519
2009-04-03,13.160912334851428
2009-04-04,12.694739335973416
2009-04-05,13.916311138468178
2009-04-06,12.723477320642877
2009-04-07,13.442071653204435
2009-04-08,13.96171899467512
2009-04-09,12.848019802687082
2009-04-10,13.594989278737337
2009-04-11,13.804258803676404
2009-04-12,13.56250551333085
2009-04-13,13.63689738781839
2009-04-14,13.905981006985686
2009-04-15,12.944823506764106
2009-04-16,12.220995381357678
2009-04-17,14.303926536708424
2009-04-18,12.823315398988786
2009-04-19,13.372067277030217
2009-04-20,12.962455346201034
2009-04-21,13.376752416002281
2009-04-22,13.869527007995178
2009-04-23,12.955105968972987
2009-04-24,12.415167699887691
2009-04-25,14.46882888276315
2009-04-26,13.432532669354867
2009-04-27,13.3821791487141
2009-04-28,13.659298188015045
2009-04-29,12.660478879457658
2009-04-30,13.404202863170951
2009-05-01,12.37993221568735
2009-05-02,12.59013493142874
2009-05-03,13.841373950704911
2009-05-04,12.529526611713145
2009-05-05,13.100804047491353
2009-05-06,13.668930047446743
2009-05-07,13.505466037422101
2009-05-08,12.888691921032445
2009-05-09,12.600405384057877
2009-05-10,12.960198311532524
2009-05-11,13.261618044247394
2009-05-12,13.181615489469428
2009-05-13,12.741010849105637
2009-05-14,13.5844901230684
2009-05-15,12.540939042957078
2009-05-16,13.928221302633846
2009-05-17,13.10572726079674
2009-05-18,12.578702659223453
2009-05-19,12.646492918715198
2009-05-20,13.087679039185776
2009-05-21,12.936529466793308
2009-05-22,13.088939061580842
2009-05-23,12.609471500611468
2009-05-24,14.043521898220378
2009-05-25,12.899848360188649
2009-05-26,14.11150991402879
2009-05-27,13.150283195928614
2009-05-28,13.259785992098177
2009-05-29,13.125599968230038
2009-05-30,12.234592821965263
2009-05-31,12.821839623534192
2009-06-01,12.985915700739715
2009-06-02,12.338387405700896
2009-06-03,13.433768309237943
2009-06-04,13.541815274714983
2009-06-05,12.9654396779998
2009-06-06,12.177381102759368
2009-06-07,13.150564461640036
2009-06-08,13.851077135753924
2009-06-09,13.371807210126061
2009-06-10,13.069320736931422
2009-06-11,13.205416530063342
2009-06-12,13.705036012079153
2009-06-13,12.699200864241332
2009-06-14,13.133811785318244
2009-06-15,12.20021472716625
2009-06-16,12.872802890343465
2009-06-17,11.735211543576895
2009-06-18,12.627656969072357
2009-06-19,12.411913331956454
2009-06-20,12.995867273233657
2009-06-21,12.55991045708616
2009-06-22,12.739001904603608
2009-06-23,12.061869510315018
2009-06-24,12.021630576484414
2009-06-25,12.492915224700441
2009-06-26,12.466560413940764
2009-06-27,12.59294530490662
2009-06-28,12.86581812275972
2009-06-29,12.098258385491683
2009-06-30,11.884377021250732
2009-07-01,12.773397021799482
2009-07-02,12.214260691685803
2009-07-03,12.643368053441982
2009-07-04,12.143515760336273
2009-07-05,13.297778908905643
2009-07-06,12.007930300324931
2009-07-07,12.577694491744447
2009-07-08,12.579439508043155
2009-07-09,12.268728530792545
2009-07-10,12.420453410728378
2009-07-11,12.772945687155362
2009-07-12,12.29728806824742
2009-07-13,13.07720524322665
2009-07-14,13.56161416590709
2009-07-15,11.57888945760949
2009-07-16,11.96239603836915
2009-07-17,12.550028106041808
2009-07-18,12.162974700467519
2009-07-19,12.547396863787217
2009-07-20,11.526253479674233
2009-07-21,11.722116515310836
2009-07-22,12.388638065012945
2009-07-23,11.6113319746995
2009-07-24,12.232494329665817
2009-07-25,12.527941456243907
2009-07-26,12.205872640688598
2009-07-27,11.815500195091394
2009-07-28,12.116997149559086
2009-07-29,12.45887820356636
2009-07-30,12.01265948759998
2009-07-31,12.000680218872922
2009-08-01,11.45206749494347
2009-08-02,12.218024754488185
2009-08-03,12.080421179981723
2009-08-04,12.110592847703867
2009-08-05,11.44041436733274
2009-08-06,12.51813567414162
2009-08-07,11.346842716375633
2009-08-08,11.245903676288252
2009-08-09,11.577920828918504
2009-08-10,12.645277496109228
2009-08-11,11.871309893038042
2009-08-12,12.064564902588947
2009-08-13,12.144978229571235
2009-08-14,11.651451420419884
2009-08-15,11.131894899104823
2009-08-16,11.851003623206392
2009-08-17,12.230102812323073
2009-08-18,12.369241150093142
2009-08-19,11.895234421443849
2009-08-20,12.045060592181002
2009-08-21,11.632981212681221
2009-08-22,11.874154391398896
2009-08-23,11.587370294511691
2009-08-24,10.35435502288654
2009-08-25,10.65772860611158
2009-08-26,11.482837749595033
2009-08-27,11.492374225181548
2009-08-28,11.36022136839895
2009-08-29,11.138623378173143
2009-08-30,11.037777776196375
2009-08-31,11.149972124690455
2009-09-01,11.14550745429909
2009-09-02,11.004480838843802
2009-09-03,12.275456645464532
2009-09-04,10.724708297997946
2009-09-05,11.093384194034847
2009-09-06,11.301832083683033
2009-09-07,11.621066096953385
2009-09-08,10.377542434473122
2009-09-09,11.738528183890512
2009-09-10,10.570181757725944
2009-09-11,12.552264940436135
2009-09-12,11.086061802586581
2009-09-13,10.891986115765006
2009-09-14,11.171805827022219
2009-09-15,10.703769221730518
2009-09-16,10.32379546810684
2009-09-17,12.368196330274753
2009-09-18,10.861513225414157
2009-09-19,12.211463028785316
2009-09-20,11.872764265818418
2009-09-21,9.660948549642285
2009-09-22,11.624749904298241
2009-09-23,11.483060483996226
2009-09-24,11.195390734262332
2009-09-25,9.899129894510313
2009-09-26,11.470365025687963
2009-09-27,11.521130149148451
2009-09-28,11.060392022059348
2009-09-29,10.492244269273984
2009-09-30,11.346022217259792
2009-10-01,11.353993737142613
2009-10-02,9.888875775787591
2009-10-03,10.026881206555352
2009-10-04,10.472790220854389
2009-10-05,10.592257492378234
2009-10-06,10.677878317913217
2009-10-07,10.764724713531475
2009-10-08,10.677018129820711
2009-10-09,10.314707261715117
2009-10-10,10.606507063747966
2009-10-11,11.270308160784039
2009-10-12,10.11344315446048
2009-10-13,10.11919771506021
2009-10-14,10.381368438377054
2009-10-15,9.94611203500787
2009-10-16,11.404940261913023
2009-10-17,11.103978670534097
2009-10-18,11.30774003238286
2009-10-19,11.664892714192382
2009-10-20,10.629350069201388
2009-10-21,9.644664336402625
2009-10-22,11.315909589597178
2009-10-23,10.363161976400793
2009-10-24,10.842683277420408
2009-10-25,10.698899871133708
2009-10-26,10.471449142534349
2009-10-27,11.07175024498183
2009-10-28,10.4470710635183
2009-10-29,11.116512922823286
2009-10-30,11.99808653192595
2009-10-31,10.220976279186045
2009-11-01,9.745782822251474
2009-11-02,10.729520020439148
2009-11-03,10.670845303387042
2009-11-04,10.314877731528295
2009-11-05,10.537206456473271
2009-11-06,10.522256122210717
2009-11-07,10.96126745056831
2009-11-08,10.294339400525637
2009-11-09,10.826557571852911
2009-11-10,10.629352669391485
2009-11-11,11.203160809388791
2009-11-12,11.145898904508176
2009-11-13,11.353106798002122
2009-11-14,11.362129089340051
2009-11-15,11.559265962014095
2009-11-16,11.456449957416854
2009-11-17,10.308003367946556
2009-11-18,9.880610806288527
2009-11-19,10.187933615481137
2009-11-20,11.337388883455523
2009-11-21,11.38638715194242
2009-11-22,11.716139666039938
2009-11-23,11.018766777889416
2009-11-24,11.418208028993352
2009-11-25,10.503400751285053
2009-11-26,11.253843675510856
2009-11-27,10.236478775779037
2009-11-28,10.846576073903025
2009-11-29,10.001357007610242
2009-11-30,11.679107866833597
2009-12-01,10.293219290585732
2009-12-02,10.392057829611893
2009-12-03,11.779870835511211
2009-12-04,10.332547609800557
2009-12-05,10.635860673191956
2009-12-06,11.15221833455596
2009-12-07,11.188040112058735
2009-12-08,11.125768685664967
2009-12-09,10.329097525491337
2009-12-10,10.679834269390806
2009-12-11,10.53077138217519
2009-12-12,12.093238435082135
2009-12-13,11.625320375510958
2009-12-14,10.533904728019518
2009-12-15,11.871333466209737
2009-12-16,11.557929177016113
2009-12-17,11.522194600529964
2009-12-18,11.170848052297913
2009-12-19,11.634414380700175
2009-12-20,10.516466105744062
2009-12-21,10.70900493038559
2009-12-22,11.075264294787855
2009-12-23,11.83028920750832
2009-12-24,11.194521147024965
2009-12-25,10.971822123789513
2009-12-26,10.844583917741751
2009-12-27,11.873525392132295
2009-12-28,11.592359571919673
2009-12-29,12.50771102373308
2009-12-30,11.144232730878382
2009-12-31,10.404387043635058
2010-01-01,11.755172745106819
2010-01-02,11.843919740797583
2010-01-03,11.034222453306105
2010-01-04,12.485643887454945
2010-01-05,11.932907617854934
2010-01-06,11.478221598416692
2010-01-07,11.488229096361422
2010-01-08,12.078669740511968
2010-01-09,10.510096149745042
2010-01-10,11.755248413099258
2010-01-11,11.86714220864365
2010-01-12,11.719521236317492
2010-01-13,11.967542803461638
2010-01-14,11.784438406311253
2010-01-15,11.609735215216025
2010-01-16,12.095079673250677
2010-01-17,12.843829478497993
2010-01-18,12.634578762909783
2010-01-19,12.080092750337144
2010-01-20,11.926836962534251
2010-01-21,12.385537769223705
2010-01-22,11.570035400541146
2010-01-23,12.099593743173877
2010-01-24,11.687684664793723
2010-01-25,11.814437696558864
2010-01-26,11.861116236290846
2010-01-27,11.545511757562645
2010-01-28,11.908761277215927
2010-01-29,12.134481878879175
2010-01-30,12.031063809262548
2010-01-31,12.182642598643598
2010-02-01,12.104935052596215
2010-02-02,12.861574237075938
2010-02-03,12.161521543263765
2010-02-04,11.50931295527609
2010-02-05,12.017412499556029
2010-02-06,12.595299737365577
2010-02-07,12.492048221663003
2010-02-08,12.313451620401386
2010-02-09,11.826639497040732
2010-02-10,13.001492468512641
2010-02-11,12.169546624841729
2010-02-12,12.33609042770409
2010-02-13,11.815584601068885
2010-02-14,11.784011826763187
2010-02-15,12.294693231718556
2010-02-16,11.62390144175183
2010-02-17,13.021338767014061
2010-02-18,12.029117915980443
2010-02-19,12.208804255381374
2010-02-20,12.576377611072811
2010-02-21,12.550361965774808
2010-02-22,13.231075201236703
2010-02-23,11.892133964879825
2010-02-24,13.040000828099382
2010-02-25,13.146075985860538
2010-02-26,12.569510510547595
2010-02-27,12.796394779369638
2010-02-28,12.32364184346332
2010-03-01,12.432437490279026
2010-03-02,13.10014482598035
2010-03-03,11.523788252159337
2010-03-04,12.360025762385368
2010-03-05,12.447848601085319
2010-03-06,12.739960044265953
2010-03-07,12.525150163711302
2010-03-08,12.526514550217899
2010-03-09,12.386270160624171
2010-03-10,11.957587079156019
2010-03-11,12.861460146575663
2010-03-12,13.001739330509821
2010-03-13,13.02189038467391
2010-03-14,12.864583643376331
2010-03-15,12.580211856704809
2010-03-16,13.215573592393417
2010-03-17,12.645293285533803
2010-03-18,12.557604962765136
2010-03-19,13.708181560632557
2010-03-20,13.54899043431793
2010-03-21,12.969637463273175
2010-03-22,12.513931456710106
2010-03-23,13.695938049371069
2010-03-24,12.385206668087978
2010-03-25,12.697183118145833
2010-03-26,12.482983645207405
2010-03-27,13.706422491072004
2010-03-28,13.611939933432648
2010-03-29,12.484131865185525
2010-03-30,14.049901475033924
2010-03-31,12.515865075683394
2010-04-01,13.949913083518226
2010-04-02,11.620371029898008
2010-04-03,12.043229085916618
2010-04-04,12.91531230568266
2010-04-05,13.53894777762015
2010-04-06,12.61053933064727
2010-04-07,12.22908397943341
2010-04-08,14.002013790863142
2010-04-09,13.441712125072106
2010-04-10,13.583828878006726
2010-04-11,13.45468062235747
2010-04-12,13.130120838833314
2010-04-13,12.927537619106246
2010-04-14,13.909817622625274
2010-04-15,14.612787963596993
2010-04-16,13.197330274210803
2010-04-17,13.644548005970512
2010-04-18,14.26338189681904
2010-04-19,12.864113018081538
2010-04-20,13.106284453238242
2010-04-21,12.940217549766128
2010-04-22,13.268135424260121
2010-04-23,12.335766208045177
2010-04-24,13.466784508157229
2010-04-25,13.545157254931182
2010-04-26,13.818938037733382
2010-04-27,13.108534708859523
2010-04-28,13.408457342245573
2010-04-29,12.80715265103634
2010-04-30,13.908230862591283
2010-05-01,13.901858761201735
2010-05-02,14.296064190661715
2010-05-03,13.35984041037437
2010-05-04,12.67124443891395
2010-05-05,13.621589095439377
2010-05-06,13.649141889416363
2010-05-07,12.599670195351923
2010-05-08,12.553048271128743
2010-05-09,12.823509235793495
2010-05-10,13.237015879270675
2010-05-11,14.146724620489374
2010-05-12,13.271768100771771
2010-05-13,12.35460835088012
2010-05-14,13.090638293817488
2010-05-15,12.587569402270757
2010-05-16,12.897432287536537
2010-05-17,12.931344691717381
2010-05-18,13.25174545730421
2010-05-19,12.967430339318621
2010-05-20,12.760692059435415
2010-05-21,12.91265079545959
2010-05-22,12.856751193311506
2010-05-23,12.47438683590287
2010-05-24,12.482774786434561
2010-05-25,13.310598000709213
2010-05-26,12.369952289272733
2010-05-27,13.276438591470038
2010-05-28,13.305166222441608
2010-05-29,13.830680382604605
2010-05-30,13.871891684194877
2010-05-31,12.262602261366396
2010-06-01,13.344616336573223
2010-06-02,13.487785596939107
2010-06-03,13.51905675469875
2010-06-04,12.099336784584738
2010-06-05,13.407771904353336
2010-06-06,13.276606539986622
2010-06-07,13.489990475264415
2010-06-08,13.189896780771791
2010-06-09,12.83202149890266
2010-06-10,12.88438174032092
2010-06-11,12.796126157862007
2010-06-12,12.92462483882736
2010-06-13,13.214398910322743
2010-06-14,11.824545880221438
2010-06-15,12.936895465752368
2010-06-16,12.962827904342696
2010-06-17,12.52074596913891
2010-06-18,12.900882323835805
2010-06-19,12.95519384823155
2010-06-20,13.262217317737633
2010-06-21,12.865019292045185
2010-06-22,12.336480554676836
2010-06-23,13.08553963185474
2010-06-24,13.605678028043492
2010-06-25,13.596596504980596
2010-06-26,13.532012354457816
2010-06-27,13.327109359059852
2010-06-28,12.72957727299075
2010-06-29,13.270132865758358
2010-06-30,12.204653610801145
2010-07-01,12.108211221987068
2010-07-02,13.318103143559819
2010-07-03,11.983962440856773
2010-07-04,11.831482647137927
2010-07-05,12.634711055202322
2010-07-06,13.01157403707783
2010-07-07,12.798171460391309
2010-07-08,12.464794378878407
2010-07-09,12.514818969803708
2010-07-10,12.520172076504233
2010-07-11,12.243687893148604
2010-07-12,12.797348845346162
2010-07-13,12.555781133845928
2010-07-14,12.929557554999082
2010-07-15,12.63775453514083
2010-07-16,11.950884752780512
2010-07-17,12.650066790111692
2010-07-18,11.93252572351987
2010-07-19,12.864874824264314
2010-07-20,11.818501293897237
2010-07-21,12.067746596894047
2010-07-22,11.694017134965785
2010-07-23,11.084625778034546
2010-07-24,12.228877335577659
2010-07-25,12.125215744190648
2010-07-26,11.57379821495283
2010-07-27,11.70861740036383
2010-07-28,12.397712295121753
2010-07-29,11.911925819369301
2010-07-30,12.610786177681875
2010-07-31,11.464868323985234
2010-08-01,11.6671997498095
2010-08-02,12.153946769327659
2010-08-03,11.536148432860598
2010-08-04,11.699866774820203
2010-08-05,12.4944315960521
2010-08-06,11.27091090011536
2010-08-07,12.33959765911579
2010-08-08,10.507181047093637
2010-08-09,11.017055414659739
2010-08-10,11.470232283444222
2010-08-11,12.002062716267135
2010-08-12,12.269590255975332
2010-08-13,12.639870815060192
2010-08-14,11.78459628795308
2010-08-15,11.568695681233722
2010-08-16,10.991303563747088
2010-08-17,12.644570897107695
2010-08-18,12.056850306734102
2010-08-19,11.658175657105572
2010-08-20,12.146125784352131
2010-08-21,11.70568823889584
2010-08-22,11.953469078867732
2010-08-23,12.01712200437124
2010-08-24,10.975597338676932
2010-08-25,11.888712471528878
2010-08-26,11.264660286257381
2010-08-27,12.011667051580675
2010-08-28,11.993387889849403
2010-08-29,11.664359333608218
2010-08-30,11.67859089908135
2010-08-31,11.201980333708628
2010-09-01,11.277840386957017
2010-09-02,11.637790543014148
2010-09-03,11.824737548390567
2010-09-04,11.134197619225729
2010-09-05,11.944193726648727
2010-09-06,11.71416709578619
2010-09-07,11.535162867071188
2010-09-08,11.144393956393609
2010-09-09,10.808831232824906
2010-09-10,10.562355301021276
2010-09-11,11.876575708182115
2010-09-12,11.008411890428308
2010-09-13,11.263432278723888
2010-09-14,11.24917600989812
2010-09-15,12.275737344803844
2010-09-16,11.711720494097102
2010-09-17,11.422843541116453
2010-09-18,10.641974782057355
2010-09-19,12.164227640667992
2010-09-20,11.687609041414895
2010-09-21,10.756339857722285
2010-09-22,11.208451653642946
2010-09-23,10.554941363642264
2010-09-24,10.49708123013781
2010-09-25,11.38364973198743
2010-09-26,11.942203426028078
2010-09-27,11.384698557565057
2010-09-28,10.254803898916373
2010-09-29,10.507311431011123
2010-09-30,10.43510683875395
2010-10-01,10.297560031268516
2010-10-02,10.47679768987272
2010-10-03,10.896077037646295
2010-10-04,11.099353798895494
2010-10-05,10.561167571344496
2010-10-06,10.810803597799655
2010-10-07,10.328363433909972
2010-10-08,10.637767910050947
2010-10-09,10.514135583109635
2010-10-10,11.225445449113138
2010-10-11,10.29407495585018
2010-10-12,11.373082069354446
2010-10-13,11.223488259181273
2010-10-14,10.64658453687097
2010-10-15,9.754678128320114
2010-10-16,11.442430121488462
2010-10-17,11.662741160577497
2010-10-18,10.851962150739567
2010-10-19,10.387362972311998
2010-10-20,10.951574683357732
2010-10-21,10.22615678222513
2010-10-22,10.691769355373816
2010-10-23,10.753911297951685
2010-10-24,10.500559510251072
2010-10-25,11.16177805430588
2010-10-26,11.613354631880231
2010-10-27,11.022126578307065
2010-10-28,11.01943273855494
2010-10-29,10.529694636566552
2010-10-30,10.698466222268742
2010-10-31,11.259382173290442
2010-11-01,11.189380387292193
2010-11-02,10.144527874795852
2010-11-03,10.50455823614796
2010-11-04,10.703782108535817
2010-11-05,10.720361743801444
2010-11-06,11.129690850343458
2010-11-07,10.639327614924168
2010-11-08,9.766087807162684
2010-11-09,11.342502614870607
2010-11-10,10.678340759377607
2010-11-11,10.930581811359252
2010-11-12,10.322257109713064
2010-11-13,10.217225880296246
2010-11-14,10.91853478693921
2010-11-15,11.108135133097072
2010-11-16,11.2471276018642
2010-11-17,11.180102390006988
2010-11-18,10.853769176573897
2010-11-19,10.66268276865554
2010-11-20,10.998619816224528
2010-11-21,11.2968999587208
2010-11-22,10.741337702927613
2010-11-23,11.252232680040418
2010-11-24,9.813165765596292
2010-11-25,11.225593587169454
2010-11-26,10.745165424633136
2010-11-27,11.429536811982766
2010-11-28,10.98703788461714
2010-11-29,11.65730822656705
2010-11-30,10.658121117923518
2010-12-01,10.831690006984504
2010-12-02,11.244493665224226
2010-12-03,10.294162428484002
2010-12-04,10.688304670784857
2010-12-05,10.52604825079213
2010-12-06,10.784509619959616
2010-12-07,10.667893709215685
2010-12-08,11.00736144280499
2010-12-09,11.963411804067025
2010-12-10,9.731718201361721
2010-12-11,10.588590757979587
2010-12-12,11.488551119243056
2010-12-13,11.56757091750107
2010-12-14,10.861506418145707
2010-12-15,11.047711034829035
2010-12-16,10.917147940839559
2010-12-17,10.969831112721732
2010-12-18,11.103194563722043
2010-12-19,11.383211944425765
2010-12-20,10.835976718524064
2010-12-21,11.627459081620982
2010-12-22,10.759423369553106
2010-12-23,10.474625468496054
2010-12-24,10.423041841406238
2010-12-25,11.110033272465254
2010-12-26,11.133124311003758
2010-12-27,12.48580294197961
2010-12-28,11.116031436792783
2010-12-29,11.416768106528206
2010-12-30,10.824973498313163
2010-12-31,12.062418247566058
2011-01-01,12.23823152561664
2011-01-02,11.466353801289978
2011-01-03,12.46426001674004
2011-01-04,11.135275976645826
2011-01-05,12.625177936459028
2011-01-06,12.028567153470778
2011-01-07,11.66392810720507
2011-01-08,11.795533894185791
2011-01-09,10.475749637137163
2011-01-10,12.261927629983685
2011-01-11,11.898536127707677
2011-01-12,11.949986048916095
2011-01-13,11.715892377698747
2011-01-14,11.323897087604573
2011-01-15,12.04425537934721
2011-01-16,12.033125069373526
2011-01-17,13.183367485897456
2011-01-18,12.67029452062287
2011-01-19,12.067695883648701
2011-01-20,11.709323119008383
2011-01-21,11.807632430747734
2011-01-22,12.39353764844522
2011-01-23,12.019487569915686
2011-01-24,11.904425119511046
2011-01-25,11.774196930892963
2011-01-26,12.364222320503565
2011-01-27,12.263992608885866
2011-01-28,11.849143348186292
2011-01-29,12.771559611722656
2011-01-30,12.10648402484474
2011-01-31,11.462201224108753
2011-02-01,13.308647930916159
2011-02-02,13.276971867297597
2011-02-03,12.197249570152929
2011-02-04,12.364621344658632
2011-02-05,12.40173970078515
2011-02-06,12.142851715455349
2011-02-07,12.49971977643867
2011-02-08,11.7092286240506
2011-02-09,11.972571473306735
2011-02-10,12.269692985857484
2011-02-11,12.530508164630662
2011-02-12,13.297099269425981
2011-02-13,13.77206633976379
2011-02-14,12.688085728568335
2011-02-15,11.977727328613447
2011-02-16,12.361816104886872
2011-02-17,12.988530126268792
2011-02-18,12.502198516586557
2011-02-19,12.800549074671087
2011-02-20,12.424164313461823
2011-02-21,12.747586633078711
2011-02-22,13.073564994171576
2011-02-23,12.427548970362764
2011-02-24,12.64053735603537
2011-02-25,12.802674025861174
2011-02-26,12.671242545787946
2011-02-27,11.228852933978754
2011-02-28,12.625755566552167
2011-03-01,12.95092976733109
2011-03-02,12.77236302628483
2011-03-03,12.579070151172827
2011-03-04,12.60656894362744
2011-03-05,12.355488952632204
2011-03-06,13.03019119042601
2011-03-07,12.713765057085723
2011-03-08,12.207481618003511
2011-03-09,12.998612842336065
2011-03-10,12.886974625420466
2011-03-11,12.662442647073172
2011-03-12,12.572770452442738
2011-03-13,12.944555303978937
2011-03-14,13.703641377569738
2011-03-15,12.970639114832366
2011-03-16,13.380319191089686
2011-03-17,13.36308183972298
2011-03-18,13.049697119644645
2011-03-19,12.539143024247563
2011-03-20,13.48266741189086
2011-03-21,12.977787295593068
2011-03-22,12.682837328880442
2011-03-23,13.306497230971486
2011-03-24,13.539683735360827
2011-03-25,12.37254606971188
2011-03-26,13.2043350485479
2011-03-27,13.075798146305617
2011-03-28,13.032446272873475
2011-03-29,13.507661705805672
2011-03-30,12.952037849318002
2011-03-31,13.421881545019453
2011-04-01,13.417850065587142
2011-04-02,13.782426447479216
2011-04-03,12.02217991502421
2011-04-04,14.126209958685873
2011-04-05,12.389634308431198
2011-04-06,13.03565214418612
2011-04-07,12.64540064120147
2011-04-08,13.314615156245704
2011-04-09,12.973221618078707
2011-04-10,13.273017256347476
2011-04-11,13.568482688415479
2011-04-12,12.729965333248135
2011-04-13,13.379867326431935
2011-04-14,13.433164868784779
2011-04-15,12.294205651536107
2011-04-16,13.59635806310491
2011-04-17,12.622764908279454
2011-04-18,13.40549454973892
2011-04-19,13.172934150058344
2011-04-20,13.147730228976991
2011-04-21,13.553227366418357
2011-04-22,13.06045067454256
2011-04-23,12.02802955275006
2011-04-24,12.804291983673306
2011-04-25,13.094855512668634
2011-04-26,12.899691519529563
2011-04-27,13.71445042878751
2011-04-28,12.3994351800159
2011-04-29,13.704646792584136
2011-04-30,13.593071945128877
2011-05-01,12.153818395344832
2011-05-02,13.534653713743058
2011-05-03,12.450701752271282
2011-05-04,12.930551599603069
2011-05-05,12.104087648426502
2011-05-06,13.56796417399214
2011-05-07,13.885977054900088
2011-05-08,14.206319373658932
2011-05-09,13.454544058679557
2011-05-10,13.580735558680267
2011-05-11,13.914399248498698
2011-05-12,13.860921486531721
2011-05-13,12.59699520863056
2011-05-14,12.467424071731418
2011-05-15,12.391890295614731
2011-05-16,13.972805949200772
2011-05-17,13.46949744567728
2011-05-18,12.459740181351613
2011-05-19,12.873753833263866
2011-05-20,12.220708891972256
2011-05-21,13.109680586653386
2011-05-22,13.15416189666488
2011-05-23,12.536303287023527
2011-05-24,12.25505232061603
2011-05-25,12.874623713486272
2011-05-26,13.57380885196103
2011-05-27,13.141851147741122
2011-05-28,13.08423458445371
2011-05-29,12.399002985688696
2011-05-30,12.12645987960583
2011-05-31,12.598624764027756
2011-06-01,12.076309979232665
2011-06-02,12.932025497417607
2011-06-03,13.82883190728778
2011-06-04,13.771533571860646
2011-06-05,14.81585992864113
2011-06-06,12.945141466550215
2011-06-07,12.765630156589182
2011-06-08,13.213488086440565
2011-06-09,13.326245911187094
2011-06-10,13.448499335478921
2011-06-11,12.23749898574467
2011-06-12,12.888211093534807
2011-06-13,12.7019267223911
2011-06-14,12.668262183196134
2011-06-15,13.35453547675149
2011-06-16,12.587512791416794
2011-06-17,12.761214722052966
2011-06-18,13.122485417097248
2011-06-19,12.829911937290666
2011-06-20,12.74116056800733
2011-06-21,12.567026025905031
2011-06-22,12.743840567668283
2011-06-23,13.704837506868296
2011-06-24,13.048266313233675
2011-06-25,12.024417726793562
2011-06-26,12.435048119968696
2011-06-27,12.623731212032787
2011-06-28,12.41002778339961
2011-06-29,12.89459792427945
2011-06-30,12.97126419647051
2011-07-01,12.67133056804855
2011-07-02,12.604426832606284
2011-07-03,13.14187161654729
2011-07-04,12.64237724486735
2011-07-05,12.162063843110397
2011-07-06,12.507227533116794
2011-07-07,12.686456763987652
2011-07-08,11.499038076299357
2011-07-09,12.633677088240164
2011-07-10,12.223577827130516
2011-07-11,12.668057260437335
2011-07-12,12.458572996749684
2011-07-13,12.563490307892044
2011-07-14,12.800217217610447
2011-07-15,11.831332685135067
2011-07-16,10.897555622074469
2011-07-17,12.114700608034925
2011-07-18,12.010819778712348
2011-07-19,12.37880522791616
2011-07-20,11.574420367699569
2011-07-21,11.939201880341065
2011-07-22,11.785292573194607
2011-07-23,13.188418321458833
2011-07-24,12.911360186928487
2011-07-25,12.307255067936037
2011-07-26,11.624205652176352
2011-07-27,12.56931532224421
2011-07-28,13.129474124014719
2011-07-29,12.411174339666855
2011-07-30,12.093703702092876
2011-07-31,13.108022705134466
2011-08-01,12.152263125332066
2011-08-02,12.248963409006782
2011-08-03,11.422157334881406
2011-08-04,11.853158256903239
2011-08-05,12.197989340704696
2011-08-06,12.789871962683009
2011-08-07,12.702805233223778
2011-08-08,11.84140543840817
2011-08-09,11.530270462599264
2011-08-10,11.836482932812295
2011-08-11,11.365310894960814
2011-08-12,12.704262305125448
2011-08-13,11.780757724384511
2011-08-14,11.295715470383923
2011-08-15,10.841617834296795
2011-08-16,11.701697333832541
2011-08-17,11.181085662456388
2011-08-18,12.021099759168745
2011-08-19,12.811898090910477
2011-08-20,10.641332439321417
2011-08-21,11.99620457611401
2011-08-22,10.915696248436504
2011-08-23,11.788986032449662
2011-08-24,11.466878899187531
2011-08-25,11.13264642981797
2011-08-26,11.583880240607861
2011-08-27,11.438432836436624
2011-08-28,11.703361745367793
2011-08-29,11.476527251912886
2011-08-30,10.646933137020648
2011-08-31,11.29948492302237
2011-09-01,11.47707159532616
2011-09-02,11.804828014200371
2011-09-03,12.003456956967822
2011-09-04,10.848380603101702
2011-09-05,11.125713457219039
2011-09-06,10.472136690706225
2011-09-07,11.633249942216924
2011-09-08,11.702437677521576
2011-09-09,10.863705151793534
2011-09-10,11.169257068939942
2011-09-11,10.779638486389814
2011-09-12,11.114854773381822
2011-09-13,11.506918273184114
2011-09-14,10.75668159463829
2011-09-15,10.304192551133696
2011-09-16,10.632717858608213
2011-09-17,10.849948984852135
2011-09-18,10.34536687001219
2011-09-19,10.936940763480228
2011-09-20,11.231520862629704
2011-09-21,11.908762998022224
2011-09-22,10.697060325417334
2011-09-23,11.227805296130228
2011-09-24,11.018714533804301
2011-09-25,10.730079624799794
2011-09-26,10.784402919793525
2011-09-27,11.047783241203234
2011-09-28,10.321505677428348
2011-09-29,11.033314597245184
2011-09-30,10.79517854743375
2011-10-01,11.23363690148524
2011-10-02,10.648009396694542
2011-10-03,10.404577780741635
2011-10-04,10.499500702323225
2011-10-05,11.647937674219468
2011-10-06,11.261193199225977
2011-10-07,10.21186999539423
2011-10-08,10.99570184776499
2011-10-09,11.74384596765263
2011-10-10,11.24155358716769
2011-10-11,11.1456763238723
2011-10-12,11.815092587453211
2011-10-13,10.706325564004702
2011-10-14,11.268851715989031
2011-10-15,10.995535914385828
2011-10-16,11.397373389964393
2011-10-17,10.774706459479996
2011-10-18,9.790300834114198
2011-10-19,11.238808981192358
2011-10-20,10.190199437746484
2011-10-21,10.828457902147795
2011-10-22,10.735021111365292
2011-10-23,10.520822523989267
2011-10-24,10.815899473955378
2011-10-25,10.721562640980594
2011-10-26,10.115114696458456
2011-10-27,10.110400269846906
2011-10-28,10.476887643252113
2011-10-29,10.943158509538746
2011-10-30,11.207070810059122
2011-10-31,11.092629963200675
2011-11-01,10.598076471303912
2011-11-02,11.3942896444443
2011-11-03,11.30053157202438
2011-11-04,10.113257112196765
2011-11-05,11.08271175141757
2011-11-06,11.437087306270946
2011-11-07,10.864840693411555
2011-11-08,11.151650448951683
2011-11-09,11.904034870088923
2011-11-10,11.100275284122008
2011-11-11,11.504332461451204
2011-11-12,11.827466296595189
2011-11-13,10.436747574515847
2011-11-14,10.329684547253267
2011-11-15,10.803065696334238
2011-11-16,10.987211132055888
2011-11-17,10.714668600114058
2011-11-18,10.820225065393922
2011-11-19,10.812759578842597
2011-11-20,10.912768640100326
2011-11-21,11.555876451752118
2011-11-22,10.281580372266252
2011-11-23,11.119571876495788
2011-11-24,9.68396004497719
2011-11-25,10.799062436611539
2011-11-26,11.364006944594404
2011-11-27,10.793902345558546
2011-11-28,11.666158842054433
2011-11-29,10.426166303934679
2011-11-30,11.477364584636
2011-12-01,10.910304907521262
2011-12-02,10.697798075914749
2011-12-03,10.682784729808116
2011-12-04,10.89876136746317
2011-12-05,10.601199038382205
2011-12-06,11.64520764581688
2011-12-07,10.511497483565286
2011-12-08,11.613279042789296
2011-12-09,10.98475122103204
2011-12-10,11.18454205114929
2011-12-11,10.697206957857329
2011-12-12,10.701284269485344
2011-12-13,11.944058134623807
2011-12-14,10.943616928007685
2011-12-15,11.861398541212614
2011-12-16,11.577768332769677
2011-12-17,10.847532630917474
2011-12-18,10.781026291691399
2011-12-19,9.911055011217053
2011-12-20,10.537595335074425
2011-12-21,12.282502715615708
2011-12-22,11.52586557268992
2011-12-23,11.412609607809143
2011-12-24,11.932766221336749
2011-12-25,11.67384295577085
2011-12-26,11.96405802517715
2011-12-27,12.074778818379365
2011-12-28,11.579598127765678
2011-12-29,11.438840027690315
2011-12-30,12.713329339986656
2011-12-31,11.54167069510203
2012-01-01,11.586685623393915
2012-01-02,11.2520776890004
2012-01-03,11.984272016361484
2012-01-04,11.22598046021203
2012-01-05,11.336510956377522
2012-01-06,11.96252539378502
2012-01-07,11.631488789116137
2012-01-08,11.584428543599602
2012-01-09,11.307030397768699
2012-01-10,12.068303148643999
2012-01-11,10.719164962279557
2012-01-12,12.549724284629434
2012-01-13,11.33225181345687
2012-01-14,12.460534455149936
2012-01-15,12.049339295497484
2012-01-16,13.061603540917437
2012-01-17,11.556778005117202
2012-01-18,12.011464507236598
2012-01-19,12.249197924712359
2012-01-20,10.915387266470432
2012-01-21,11.156502096357116
2012-01-22,12.719608496167325
2012-01-23,11.178826674747626
2012-01-24,12.318249611898997
2012-01-25,12.234363854331082
2012-01-26,11.754677087984259
2012-01-27,12.043597079694853
2012-01-28,12.448924365716243
2012-01-29,12.115148880382145
2012-01-30,12.272155964825497
2012-01-31,11.678376721385497
2012-02-01,12.12294889450704
2012-02-02,13.143399495355311
2012-02-03,12.162520619842734
2012-02-04,11.85429417445848
2012-02-05,12.335048899099416
2012-02-06,11.5588669610471
2012-02-07,12.048784875722482
2012-02-08,12.520723536443965
2012-02-09,11.818128522446273
2012-02-10,12.879659816946678
2012-02-11,12.630310162619391
2012-02-12,12.312056033690256
2012-02-13,11.988326410495533
2012-02-14,11.609902650920944
2012-02-15,12.259789922223954
2012-02-16,12.407880147771962
2012-02-17,12.711075605250779
2012-02-18,11.971913100556636
2012-02-19,12.493759014438938
2012-02-20,11.912288149157256
2012-02-21,12.743773104870842
2012-02-22,12.647455741195676
2012-02-23,12.852825893158395
2012-02-24,12.572909819965652
2012-02-25,12.813944586786276
2012-02-26,12.849518121555409
2012-02-27,12.933504059546463
2012-02-28,13.655017678392683
2012-02-29,12.47430826433056
2012-03-01,12.666416753002403
2012-03-02,13.022030087522737
2012-03-03,13.733091173612001
2012-03-04,13.147092996554345
2012-03-05,13.91070523332018
2012-03-06,12.380015094706941
2012-03-07,12.870991458326124
2012-03-08,12.80209155393172
2012-03-09,12.972307733135404
2012-03-10,13.114535580688804
2012-03-11,13.181254598404212
2012-03-12,12.897563356058201
2012-03-13,13.371346311383371
2012-03-14,12.780922750067594
2012-03-15,12.714489844882355
2012-03-16,13.714140693185454
2012-03-17,13.98091596136317
2012-03-18,13.063427666298729
2012-03-19,13.278545718346647
2012-03-20,13.101534688066694
2012-03-21,12.993701947023197
2012-03-22,12.536149502579692
2012-03-23,12.966945735874274
2012-03-24,13.090785554911603
2012-03-25,12.29593258684499
2012-03-26,13.518618430557238
2012-03-27,13.158217359738835
2012-03-28,12.932250564085999
2012-03-29,13.244988180459343
2012-03-30,13.766186222547736
2012-03-31,13.530293100422261
2012-04-01,13.67754392938428
2012-04-02,13.759855906544937
2012-04-03,12.956297360688062
2012-04-04,12.201109703657433
2012-04-05,13.572969492741322
2012-04-06,13.886574475644496
2012-04-07,12.578082244293082
2012-04-08,13.274961505723983
2012-04-09,13.009039604003771
2012-04-10,13.342984202633872
2012-04-11,13.659402129413207
2012-04-12,13.487785920668983
2012-04-13,13.765141581426398
2012-04-14,13.046177412066685
2012-04-15,12.974595792318647
2012-04-16,12.54180723794767
2012-04-17,12.733604807981315
2012-04-18,12.88939745993576
2012-04-19,13.680698704685838
2012-04-20,13.769510831894628
2012-04-21,12.604214928048096
2012-04-22,12.97529585641887
2012-04-23,13.43949098857406
2012-04-24,12.629246078611082
2012-04-25,12.44249460267524
2012-04-26,13.13888699878521
2012-04-27,12.835330332965468
2012-04-28,13.163786396644722
2012-04-29,12.537289417588752
2012-04-30,13.21313399110852
2012-05-01,13.46303318118936
2012-05-02,12.41620223000106
2012-05-03,14.176991270946761
2012-05-04,12.81538525295941
2012-05-05,13.54539709436144
2012-05-06,12.955419541443137
2012-05-07,12.91300687411673
2012-05-08,13.132181816634228
2012-05-09,13.263339913303723
2012-05-10,13.746220179520282
2012-05-11,13.37679104945699
2012-05-12,12.972175263311312
2012-05-13,12.618970949149125
2012-05-14,12.888884444034657
2012-05-15,12.89622700792793
2012-05-16,13.534581961651762
2012-05-17,13.488994565268872
2012-05-18,13.196232135754476
2012-05-19,12.503261153988223
2012-05-20,12.935951601080209
2012-05-21,14.138286314346786
2012-05-22,12.696273706491159
2012-05-23,13.715844005865913
2012-05-24,13.985980786904996
2012-05-25,13.005498895344411
2012-05-26,13.486619060816032
2012-05-27,13.460370794171038
2012-05-28,12.512126373709528
2012-05-29,13.015918678038288
2012-05-30,12.592096792508128
2012-05-31,12.719232303264677
2012-06-01,12.881752014767827
2012-06-02,12.51827114806839
2012-06-03,12.872078344057883
2012-06-04,13.348322491045638
2012-06-05,12.749688995647961
2012-06-06,13.107782368141848
2012-06-07,13.524849234779209
2012-06-08,13.13637745840648
2012-06-09,13.41205264169262
2012-06-10,13.444538240310722
2012-06-11,12.373261499579456
2012-06-12,12.550645844673799
2012-06-13,13.70504975803255
2012-06-14,12.919563836058964
2012-06-15,11.511917319771053
2012-06-16,12.511015105845935
2012-06-17,11.964971220824571
2012-06-18,11.481156315230029
2012-06-19,12.664412340412323
2012-06-20,13.046375983773611
2012-06-21,12.481551515388075
2012-06-22,12.624955371967754
2012-06-23,12.488175821902876
2012-06-24,12.248517481190687
2012-06-25,11.960665404446168
2012-06-26,12.726859112488336
2012-06-27,12.890655312637202
2012-06-28,12.111848188806073
2012-06-29,12.521740375263471
2012-06-30,12.800794360092718
2012-07-01,13.070600816711393
2012-07-02,12.934196820884996
2012-07-03,12.313542343717797
2012-07-04,12.956276058732334
2012-07-05,11.291197101772177
2012-07-06,13.069423464909358
2012-07-07,12.429199190967442
2012-07-08,11.679990060450889
2012-07-09,12.439442742303676
2012-07-10,12.167718114550057
2012-07-11,12.69813744470483
2012-07-12,12.396730502674089
2012-07-13,12.535809988249838
2012-07-14,11.88281781688275
2012-07-15,11.715673657437554
2012-07-16,12.423945207855631
2012-07-17,12.59476873416031
2012-07-18,12.297293911601747
2012-07-19,12.079961292361387
2012-07-20,12.256881780588746
2012-07-21,12.11256722884517
2012-07-22,12.373176126973725
2012-07-23,11.573288691128088
2012-07-24,12.04817528913055
2012-07-25,10.962388956937565
2012-07-26,12.727701574830594
2012-07-27,11.717974524458384
2012-07-28,11.550601583869465
2012-07-29,12.611731570102325
2012-07-30,11.250111441341938
2012-07-31,12.180711216324902
2012-08-01,11.075078771978134
2012-08-02,12.345770029817476
2012-08-03,12.682081800419176
2012-08-04,12.17018264028777
2012-08-05,11.716079293962954
2012-08-06,11.843955713013687
2012-08-07,12.647934154088105
2012-08-08,11.912698416813337
2012-08-09,12.450351120166166
2012-08-10,10.94369833861487
2012-08-11,11.829749469014
2012-08-12,11.829989153167613
2012-08-13,11.722073687334207
2012-08-14,12.45349780939092
2012-08-15,11.683690156539175
2012-08-16,11.017154152143895
2012-08-17,11.466245177295269
2012-08-18,11.100394836154226
2012-08-19,10.931135446086504
2012-08-20,10.808968484969618
2012-08-21,12.034287410481843
2012-08-22,11.73985341664496
2012-08-23,11.739804834272373
2012-08-24,11.444952291490363
2012-08-25,11.021712128460463
2012-08-26,12.702378225661871
2012-08-27,11.04882788306429
2012-08-28,11.378375831150645
2012-08-29,11.53056448819042
2012-08-30,10.795706968642195
2012-08-31,10.753687464832867
2012-09-01,11.031826199575708
2012-09-02,11.587488533370571
2012-09-03,10.683996924463875
2012-09-04,10.8037042268356
2012-09-05,10.81732927029729
2012-09-06,11.266485365112255
2012-09-07,11.0436151195893
2012-09-08,11.662622224274376
2012-09-09,11.065185569247712
2012-09-10,10.709467362122384
2012-09-11,11.216802005847343
2012-09-12,10.942777390094816
2012-09-13,11.78516066088083
2012-09-14,10.266232894852058
2012-09-15,10.765754127207044
2012-09-16,11.389797560341995
2012-09-17,11.472270161284204
2012-09-18,10.204192897913439
2012-09-19,12.208120029642927
2012-09-20,10.75612701438084
2012-09-21,10.972232297562432
2012-09-22,11.074914005772214
2012-09-23,10.16686024820671
2012-09-24,11.930629305065409
2012-09-25,10.523413270042989
2012-09-26,10.568972154546307
2012-09-27,10.210603225368438
2012-09-28,11.514339933676137
2012-09-29,10.72254971125973
2012-09-30,10.248758199288767
2012-10-01,11.171192772588359
2012-10-02,11.590070443798727
2012-10-03,11.16414974066443
2012-10-04,11.368222159258309
2012-10-05,10.6145410817114
2012-10-06,10.927923040800806
2012-10-07,11.943045382849267
2012-10-08,10.30566383703948
2012-10-09,11.714448007597541
2012-10-10,11.823139376233
2012-10-11,12.308729275356047
2012-10-12,10.87176099853084
2012-10-13,10.65307712480091
2012-10-14,10.631300266707647
2012-10-15,10.249364459046504
2012-10-16,10.300104025597614
2012-10-17,10.216553937255133
2012-10-18,11.707386376325061
2012-10-19,10.77147013664594
2012-10-20,11.497557503630691
2012-10-21,10.867608565770173
2012-10-22,11.14276402019951
2012-10-23,10.350364168106243
2012-10-24,10.123385032225483
2012-10-25,10.691997812114963
2012-10-26,10.814985385453411
2012-10-27,10.072218600098434
2012-10-28,10.734949499986424
2012-10-29,10.837782945424053
2012-10-30,10.853125845677747
2012-10-31,11.168252901359605
2012-11-01,10.176416416055146
2012-11-02,11.469359567174712
2012-11-03,10.754271524790372
2012-11-04,11.536218063925903
2012-11-05,10.540799621970024
2012-11-06,10.334859885905402
2012-11-07,11.02948792194962
2012-11-08,10.452787509723514
2012-11-09,11.0688747202014
2012-11-10,10.38445208282946
2012-11-11,10.536367439170297
2012-11-12,11.247900540089034
2012-11-13,10.814172300209833
2012-11-14,11.519347350099892
2012-11-15,10.226178495811695
2012-11-16,11.052714513645382
2012-11-17,10.836835106497498
2012-11-18,10.194847944732464
2012-11-19,10.23382436317608
2012-11-20,10.457449425802713
2012-11-21,11.11857491747662
2012-11-22,11.252937530637716
2012-11-23,10.14549130262741
2012-11-24,11.230253660732428
2012-11-25,11.832018518999014
2012-11-26,10.411117628980433
2012-11-27,10.713151428738428
2012-11-28,11.50780598494119
2012-11-29,11.546916604058453
2012-11-30,10.994384545776773
2012-12-01,11.254863209956232
2012-12-02,11.192897546526744
2012-12-03,10.007859308208046
2012-12-04,10.657106436449308
2012-12-05,11.848305964919597
2012-12-06,11.344332775117067
2012-12-07,11.102401598687203
2012-12-08,10.960339790861234
2012-12-09,11.086222121811547
2012-12-10,11.572669642973514
2012-12-11,11.7732150211234
2012-12-12,11.915331234122316
2012-12-13,10.827556197397836
2012-12-14,11.026464725363326
2012-12-15,10.814190647423333
2012-12-16,11.292789308842554
2012-12-17,10.34022273588448
2012-12-18,11.226287956313893
2012-12-19,10.819526668186715
2012-12-20,11.035425200422228
2012-12-21,11.411793017098839
2012-12-22,11.050887708245098
2012-12-23,11.311218050079745
2012-12-24,11.513889358010434
2012-12-25,11.217948187141559
2012-12-26,11.823157957675345
2012-12-27,10.751753918300514
2012-12-28,11.121265166421281
2012-12-29,11.21908877070628
2012-12-30,11.531685878218688
2012-12-31,11.452620141826465
2013-01-01,11.67809040032402
2013-01-02,11.92720602991314
2013-01-03,11.690154328200654
2013-01-04,11.77444573795301
2013-01-05,13.266206766824903
2013-01-06,11.343121259775192
2013-01-07,11.733959906341097
2013-01-08,11.021564080134153
2013-01-09,11.935792204028191
2013-01-10,12.443713058890149
2013-01-11,11.664285509084731
2013-01-12,11.699559782106082
2013-01-13,11.638366817161456
2013-01-14,11.382254161253792
2013-01-15,10.964331513146856
2013-01-16,11.75202066366058
2013-01-17,11.919576537326503
2013-01-18,12.81007027257127
2013-01-19,11.607348405164066
2013-01-20,11.75270796573281
2013-01-21,12.073983561089555
2013-01-22,11.474072314064246
2013-01-23,11.948837836217267
2013-01-24,11.334131393993914
2013-01-25,12.283854940466414
2013-01-26,11.820152781381813
2013-01-27,12.230375266491908
2013-01-28,12.451400656592917
2013-01-29,12.538194991925785
2013-01-30,11.9198573711666
2013-01-31,12.073926535583515
2013-02-01,11.836324654809685
2013-02-02,11.822868439228332
2013-02-03,12.793903088689998
2013-02-04,11.801038504293487
2013-02-05,12.727121085984862
2013-02-06,12.130112906998923
2013-02-07,12.048304298213086
2013-02-08,12.445325277874405
2013-02-09,12.738331256929216
2013-02-10,11.714238742250812
2013-02-11,12.003195798186255
2013-02-12,11.995445606364745
2013-02-13,12.915540942422473
2013-02-14,12.110768473507363
2013-02-15,12.324141157229684
2013-02-16,12.478605993184585
2013-02-17,11.644067331424239
2013-02-18,12.224400781415373
2013-02-19,12.138420046433604
2013-02-20,12.762849500478024
2013-02-21,12.334416466483116
2013-02-22,12.484770212493933
2013-02-23,13.57773593233142
2013-02-24,12.483564879380687
2013-02-25,12.272718156251008
2013-02-26,12.127798967458006
2013-02-27,12.084863274130631
2013-02-28,14.007803891584294
2013-03-01,12.47816432509881
2013-03-02,12.28529992842838
2013-03-03,13.484656502084443
2013-03-04,13.473381335640306
2013-03-05,11.50156367636139
2013-03-06,12.601318659657215
2013-03-07,12.535479461423105
2013-03-08,12.653543472844168
2013-03-09,13.447339090980128
2013-03-10,13.259287267881907
2013-03-11,12.964245585520104
2013-03-12,12.450099153021629
2013-03-13,12.375131685973834
2013-03-14,12.825418826692554
2013-03-15,13.215130458512691
2013-03-16,12.930282999765375
2013-03-17,12.863737657884904
2013-03-18,14.11520677566082
2013-03-19,14.3356354674094
2013-03-20,12.765327935886946
2013-03-21,12.923079540320433
2013-03-22,12.368774681704071
2013-03-23,14.185509917939799
2013-03-24,13.119259399102164
2013-03-25,12.84483786138012
2013-03-26,13.592312497028722
2013-03-27,13.79006111314044
2013-03-28,13.45255172516548
2013-03-29,12.527581470059099
2013-03-30,13.537576768595974
2013-03-31,12.789922916461897
2013-04-01,13.54270196169269
2013-04-02,13.27619619061344
2013-04-03,13.240106667044035
2013-04-04,13.450771005623412
2013-04-05,13.609268040814113
2013-04-06,12.783872544803899
2013-04-07,14.033182351124841
2013-04-08,13.559929110485173
2013-04-09,13.206711768339606
2013-04-10,12.974039696325693
2013-04-11,12.673148531272567
2013-04-12,14.17575062464853
2013-04-13,13.042655529894038
2013-04-14,13.538988355786039
2013-04-15,12.858695054710395
2013-04-16,13.609046214098974
2013-04-17,12.655586233483264
2013-04-18,12.460999807600674
2013-04-19,13.548364050746516
2013-04-20,12.686019777747942
2013-04-21,13.848527301858919
2013-04-22,12.946229134316935
2013-04-23,13.138537709871105
2013-04-24,13.876320328227035
2013-04-25,12.962998292458465
2013-04-26,13.212319168658732
2013-04-27,14.116887732969143
2013-04-28,12.726665884213308
2013-04-29,12.864998652121095
2013-04-30,13.363988660649468
2013-05-01,13.19477251584573
2013-05-02,13.473510379176583
2013-05-03,13.55717726829192
2013-05-04,12.446273307579872
2013-05-05,13.699529569564909
2013-05-06,14.045074198408726
2013-05-07,13.765197591101266
2013-05-08,13.0537707204953
2013-05-09,12.260019350811806
2013-05-10,13.793939211394013
2013-05-11,11.166821413283078
2013-05-12,13.577381018495167
2013-05-13,13.155270534483607
2013-05-14,12.39439690385447
2013-05-15,12.336359483883594
2013-05-16,12.839814925087193
2013-05-17,12.931012395650066
2013-05-18,13.4274521278007
2013-05-19,13.07878282207099
2013-05-20,13.02746673704294
2013-05-21,13.671502917110452
2013-05-22,13.59953243603476
2013-05-23,13.645450277055485
2013-05-24,13.749283624033636
2013-05-25,13.598535038800303
2013-05-26,12.699723581303122
2013-05-27,13.175730225128808
2013-05-28,12.763931127271064
2013-05-29,13.371806454075145
2013-05-30,11.522463950478333
2013-05-31,12.327505993517
2013-06-01,14.044914787780737
2013-06-02,12.752952493590076
2013-06-03,12.958966430508884
2013-06-04,13.699775353389375
2013-06-05,13.150577093004024
2013-06-06,12.535896690000836
2013-06-07,13.348720623218943
2013-06-08,12.783859430570223
2013-06-09,12.844099096415933
2013-06-10,12.08747999266044
2013-06-11,13.366457640454097
2013-06-12,12.501958768124322
2013-06-13,12.382249714662311
2013-06-14,13.352311741785512
2013-06-15,12.930030092850174
2013-06-16,12.21011876837979
2013-06-17,12.710190867991376
2013-06-18,12.162728106769748
2013-06-19,13.340607137207973
2013-06-20,13.361140357463526
2013-06-21,12.320419447720914
2013-06-22,12.804342003219418
2013-06-23,12.848084498725736
2013-06-24,12.96993657317826
2013-06-25,12.861056993412191
2013-06-26,12.942566054534009
2013-06-27,12.42377011451622
2013-06-28,12.340177289340042
2013-06-29,12.932726215379086
2013-06-30,12.480201669048581
2013-07-01,13.416536129634089
2013-07-02,12.798077846591754
2013-07-03,12.62241639922991
2013-07-04,12.344223332477013
2013-07-05,12.629186136732004
2013-07-06,12.49087228232545
2013-07-07,12.119086769148295
2013-07-08,13.18201143723212
2013-07-09,12.978987773169596
2013-07-10,11.620286380033146
2013-07-11,11.140061133986652
2013-07-12,12.169429971385009
2013-07-13,12.698823538283103
2013-07-14,12.096734687927388
2013-07-15,11.969506311986708
2013-07-16,12.62883714297339
2013-07-17,11.952012643661392
2013-07-18,11.791573662537173
2013-07-19,10.948773469508927
2013-07-20,11.909533638125511
2013-07-21,12.569714354922993
2013-07-22,11.639453880188462
2013-07-23,12.003644228544516
2013-07-24,12.359966104653688
2013-07-25,12.335013149635506
2013-07-26,11.199972760431155
2013-07-27,12.43403887743874
2013-07-28,12.014953588334704
2013-07-29,11.894203092878476
2013-07-30,12.818547476013853
2013-07-31,10.799389968221456
2013-08-01,11.56663295958962
2013-08-02,11.808767643313326
2013-08-03,11.26311016358376
2013-08-04,11.573534158918648
2013-08-05,11.47538670599766
2013-08-06,11.768835211949382
2013-08-07,12.468899805074198
2013-08-08,11.698476903171686
2013-08-09,11.947797919031967
2013-08-10,11.700838508273792
2013-08-11,12.183949359603156
2013-08-12,10.238835721991787
2013-08-13,11.261246394302237
2013-08-14,11.60670250607952
2013-08-15,12.487424835857912
2013-08-16,11.695387685621212
2013-08-17,11.401426891168112
2013-08-18,10.999146541900615
2013-08-19,11.331487804808798
2013-08-20,11.381003396631053
2013-08-21,11.269256346437531
2013-08-22,11.09672844288459
2013-08-23,11.77653950639281
2013-08-24,11.579967839583894
2013-08-25,10.784087332431687
2013-08-26,11.549586884078137
2013-08-27,10.531215202501464
2013-08-28,11.344359901382155
2013-08-29,12.296662252795903
2013-08-30,11.509676259124957
2013-08-31,11.237892400661039
2013-09-01,12.15250074573502
2013-09-02,10.67154953643233
2013-09-03,11.392850442401965
2013-09-04,10.677434703935138
2013-09-05,11.604822017052959
2013-09-06,10.895407062267097
2013-09-07,10.327022210032608
2013-09-08,11.514876591159053
2013-09-09,11.450447590558062
2013-09-10,12.351150706659475
2013-09-11,11.417809723362945
2013-09-12,11.637071385335842
2013-09-13,10.412095541384124
2013-09-14,11.36727908354053
2013-09-15,10.770657490044705
2013-09-16,11.945572995230076
2013-09-17,11.68845016489137
2013-09-18,10.85332619779019
2013-09-19,11.183600201703788
2013-09-20,11.142373882792542
2013-09-21,10.656963343507309
2013-09-22,10.237660678635683
2013-09-23,11.081819811153434
2013-09-24,11.021943218059297
2013-09-25,10.843039184493055
2013-09-26,10.00286958972888
2013-09-27,11.328551702827733
2013-09-28,10.861248592265493
2013-09-29,11.025247437288566
2013-09-30,10.989825470799035
2013-10-01,11.170271617706955
2013-10-02,10.396966387515569
2013-10-03,10.498753044790085
2013-10-04,9.577988225401365
2013-10-05,10.775398900314734
2013-10-06,10.58683080378968
2013-10-07,11.04382383187916
2013-10-08,11.191051012135
2013-10-09,11.369349523082796
2013-10-10,10.99825982134865
2013-10-11,10.357232074897475
2013-10-12,11.124279131709729
2013-10-13,10.286868323781528
2013-10-14,10.416146043851574
2013-10-15,11.319266959993339
2013-10-16,10.65298851192793
2013-10-17,9.903385166550402
2013-10-18,11.047622597857368
2013-10-19,11.092800322467054
2013-10-20,10.342492945265798
2013-10-21,10.543935202758572
2013-10-22,11.079943721655265
2013-10-23,11.740370663755014
2013-10-24,9.53652543924021
2013-10-25,11.08553965778125
2013-10-26,10.888319532022045
2013-10-27,10.968011387186996
2013-10-28,11.501965254015852
2013-10-29,11.011934284764108
2013-10-30,11.577542200923492
2013-10-31,10.361366386948735
2013-11-01,11.631109185314529
2013-11-02,10.969667624563893
2013-11-03,11.17814324125131
2013-11-04,10.100670019698693
2013-11-05,10.96407418547751
2013-11-06,11.459870606192197
2013-11-07,9.909806452153479
2013-11-08,10.502125519685592
2013-11-09,10.700126417965729
2013-11-10,10.423931321047588
2013-11-11,9.983312481837487
2013-11-12,10.220249583175589
2013-11-13,11.124240398377903
2013-11-14,10.283110180975443
2013-11-15,11.133932678132956
2013-11-16,10.821715973924956
2013-11-17,11.624105599264633
2013-11-18,10.675564947002906
2013-11-19,11.429483653728877
2013-11-20,10.679404883497092
2013-11-21,10.877132586366608
2013-11-22,11.773480487646053
2013-11-23,10.403052983629467
2013-11-24,9.990149091260726
2013-11-25,11.25442818837778
2013-11-26,10.506799712758646
2013-11-27,10.970783628449285
2013-11-28,10.888863613808276
2013-11-29,11.06106933928017
2013-11-30,11.471952072014918
2013-12-01,11.21514833664761
2013-12-02,10.749892381738363
2013-12-03,10.86773387984599
2013-12-04,11.007372920520243
2013-12-05,11.149163511255466
2013-12-06,11.144100587048412
2013-12-07,10.961520813921007
2013-12-08,11.212659956429027
2013-12-09,11.97516374034256
2013-12-10,11.309907828443746
2013-12-11,11.499084068400759
2013-12-12,11.323318893639035
2013-12-13,10.645685997685714
2013-12-14,11.473870293764486
2013-12-15,11.132779279089405
2013-12-16,12.004421589238266
2013-12-17,11.525643424398242
2013-12-18,10.918065199544287
2013-12-19,12.177232733214423
2013-12-20,11.250145636402413
2013-12-21,11.247801861109032
2013-12-22,11.17770289384418
2013-12-23,10.98933588905311
2013-12-24,11.537064649845826
2013-12-25,11.065048109712796
2013-12-26,11.91092328528332
2013-12-27,11.55104265719122
2013-12-28,11.791461997817365
2013-12-29,11.844836700062283
2013-12-30,10.763525287043885
2013-12-31,10.959837310177656
2014-01-01,11.366083367137145
2014-01-02,11.128094040194991
2014-01-03,10.983663831604698
2014-01-04,12.03240743730052
2014-01-05,11.836840844242197
2014-01-06,11.671708156899783
2014-01-07,12.367348921147661
2014-01-08,11.188756625042135
2014-01-09,11.524182844062905
2014-01-10,11.79169777938173
2014-01-11,11.096152792955888
2014-01-12,12.017875589194
2014-01-13,12.140484793405353
2014-01-14,11.596405036849713
2014-01-15,11.309676118360128
2014-01-16,11.174743392650075
2014-01-17,12.075822265899573
2014-01-18,11.977523229977677
2014-01-19,11.954055232403519
2014-01-20,12.203308676848415
2014-01-21,12.081862135084275
2014-01-22,11.812106365770415
2014-01-23,11.819719219345131
2014-01-24,12.889037828483334
2014-01-25,12.14738358200008
2014-01-26,11.31652174824833
2014-01-27,11.68581534414733
2014-01-28,12.922555954865434
2014-01-29,12.693512259428447
2014-01-30,11.877330035521384
2014-01-31,11.151112009499032
2014-02-01,12.338391693571053
2014-02-02,12.129677258658196
2014-02-03,11.847069769918186
2014-02-04,13.00408139717153
2014-02-05,12.389606935102833
2014-02-06,12.263931727640056
2014-02-07,12.452429631758642
2014-02-08,12.191948990462269
2014-02-09,12.081905998302423
2014-02-10,12.46248837859127
2014-02-11,13.082682597905265
2014-02-12,11.905561412885618
2014-02-13,12.320767074297745
2014-02-14,12.813149006039415
2014-02-15,12.418128089718058
2014-02-16,12.132596800975593
2014-02-17,12.343202491975417
2014-02-18,13.11404134975031
2014-02-19,12.256119702171993
2014-02-20,12.30525205961194
2014-02-21,12.162308892418347
2014-02-22,12.86702531619996
2014-02-23,12.613581363887093
2014-02-24,12.439185470232001
2014-02-25,12.383455340648267
2014-02-26,12.729081772322605
2014-02-27,12.833251126641436
2014-02-28,12.200259316670861
2014-03-01,12.856875925395043
2014-03-02,12.699178755230912
2014-03-03,13.358635593767831
2014-03-04,12.430353945508763
2014-03-05,12.826374090361663
2014-03-06,11.62580727529118
2014-03-07,13.2701721064419
2014-03-08,12.669248904161865
2014-03-09,13.004060909126377
2014-03-10,13.021650787112943
2014-03-11,12.652287797580257
2014-03-12,12.883752754169207
2014-03-13,11.889785156839997
2014-03-14,12.918009914941823
2014-03-15,13.434618375765979
2014-03-16,12.789388279736695
2014-03-17,13.782711614750886
2014-03-18,12.913004239523467
2014-03-19,12.94811644900056
2014-03-20,13.453205289676758
2014-03-21,12.677888260679916
2014-03-22,13.380788799055294
2014-03-23,13.189057439089371
2014-03-24,13.236345372016515
2014-03-25,13.859202295743605
2014-03-26,12.819209707050803
2014-03-27,13.866898209796918
2014-03-28,13.116658706981902
2014-03-29,13.170958840148513
2014-03-30,12.960123203706209
2014-03-31,12.027584497045462
2014-04-01,13.769743835989477
2014-04-02,13.479913382154033
2014-04-03,13.059417890258127
2014-04-04,12.677251992954506
2014-04-05,13.880391054705408
2014-04-06,12.810167607739118
2014-04-07,13.217915506561665
2014-04-08,13.337254937636947
2014-04-09,13.042225207428457
2014-04-10,14.190777885426014
2014-04-11,13.211295184331968
2014-04-12,13.483879872546483
2014-04-13,13.810128315291855
2014-04-14,12.544640042398008
2014-04-15,13.503905943735402
2014-04-16,13.106708860620811
2014-04-17,12.689514884385957
2014-04-18,13.795578202269198
2014-04-19,14.322958268503745
2014-04-20,13.099290556730379
2014-04-21,12.737191023461941
2014-04-22,13.288521053506162
2014-04-23,13.526899454848175
2014-04-24,12.848119593262805
2014-04-25,13.616090599278944
2014-04-26,13.179888020597494
2014-04-27,12.886213457066564
2014-04-28,13.262141375620207
2014-04-29,12.107176823444632
2014-04-30,12.487695543902381
2014-05-01,12.586515712919706
2014-05-02,13.297497032342779
2014-05-03,14.068744279826419
2014-05-04,13.441852200657518
2014-05-05,13.487801327164643
2014-05-06,13.860534969206473
2014-05-07,13.53350277582218
2014-05-08,12.809384751312841
2014-05-09,12.967474656145564
2014-05-10,12.6678521006941
2014-05-11,12.981993038412792
2014-05-12,13.564199619265422
2014-05-13,13.396396616487968
2014-05-14,14.01744200084217
2014-05-15,12.0816991426724
2014-05-16,13.276004731430262
2014-05-17,12.83970799731166
2014-05-18,13.516638490578654
2014-05-19,12.156985732467545
2014-05-20,13.466080794113164
2014-05-21,13.429602707581578
2014-05-22,12.62977252782532
2014-05-23,12.335814969125266
2014-05-24,12.849604851815458
2014-05-25,12.856174311883255
2014-05-26,12.544771038215938
2014-05-27,13.824841127678603
2014-05-28,13.14099167639343
2014-05-29,12.490458463310198
2014-05-30,11.836368568294393
2014-05-31,13.555482661846609
2014-06-01,12.37747637326778
2014-06-02,12.501936294739107
2014-06-03,12.112075438079724
2014-06-04,12.729561914370885
2014-06-05,13.324976604190308
2014-06-06,12.61439699780718
2014-06-07,12.491056394946149
2014-06-08,12.561209785009869
2014-06-09,13.192798935014052
2014-06-10,13.21937905886933
2014-06-11,13.433822528721278
2014-06-12,12.782609767006829
2014-06-13,12.359417207729932
2014-06-14,13.120513828335227
2014-06-15,12.941290717289432
2014-06-16,12.5860832031316
2014-06-17,13.221746901622675
2014-06-18,12.442926574329451
2014-06-19,13.749134432891342
2014-06-20,12.589109770975252
2014-06-21,13.459839960243409
2014-06-22,13.333734434954772
2014-06-23,12.01471167366777
2014-06-24,11.989219825877354
2014-06-25,12.993261545415523
2014-06-26,12.687668509470017
2014-06-27,12.615906936920162
2014-06-28,12.321389084321561
2014-06-29,12.764030229862435
2014-06-30,11.947671925880218
2014-07-01,12.250909632065971
2014-07-02,13.182537815599266
2014-07-03,12.507367321659002
2014-07-04,12.421740692571186
2014-07-05,11.490444677837601
2014-07-06,12.664680949368408
2014-07-07,11.606593461650279
2014-07-08,12.852148966565418
2014-07-09,11.503828928885335
2014-07-10,12.82229140740843
2014-07-11,12.754214453169954
2014-07-12,12.585940004488403
2014-07-13,12.25552196602026
2014-07-14,12.554101872053389
2014-07-15,11.247776751563363
2014-07-16,11.80935882852856
2014-07-17,11.286664726794507
2014-07-18,11.747109402366807
2014-07-19,11.82162961441986
2014-07-20,11.973638475115093
2014-07-21,11.3238320911497
2014-07-22,12.163903667567148
2014-07-23,12.065298418231228
2014-07-24,11.481124315508469
2014-07-25,11.951640407285572
2014-07-26,12.963158411798476
2014-07-27,12.32811318396015
2014-07-28,11.666176473283112
2014-07-29,12.221180728831285
2014-07-30,11.509973805113372
2014-07-31,12.045501531743358
2014-08-01,11.181936221366028
2014-08-02,12.029699261343138
2014-08-03,11.473847624473398
2014-08-04,12.130479378434607
2014-08-05,12.020046517802303
2014-08-06,11.498958687737149
2014-08-07,11.790005839638898
2014-08-08,11.494061976070041
2014-08-09,11.676427904986426
2014-08-10,12.58972186427947
2014-08-11,12.04484736312534
2014-08-12,11.959168671818645
2014-08-13,11.590822965144579
2014-08-14,10.850897298490633
2014-08-15,11.73842139771551
2014-08-16,11.404672902290303
2014-08-17,11.682327539325685
2014-08-18,11.453421476022681
2014-08-19,12.761360521912081
2014-08-20,11.287959618137013
2014-08-21,11.611471520252373
2014-08-22,11.433018584093402
2014-08-23,11.552632001162817
2014-08-24,11.896383318037445
2014-08-25,10.910582682297965
2014-08-26,11.449852855148123
2014-08-27,11.381324218903455
2014-08-28,11.289109233129475
2014-08-29,11.084250881122784
2014-08-30,11.100994832508325
2014-08-31,10.777272855031141
2014-09-01,11.793268108767352
2014-09-02,11.503522430623626
2014-09-03,11.471258111404433
2014-09-04,11.67715220559501
2014-09-05,10.590988028074142
2014-09-06,11.754896387770351
2014-09-07,11.489296109002254
2014-09-08,11.776884854078155
2014-09-09,11.661542179656132
2014-09-10,10.989629837730407
2014-09-11,10.313553006806282
2014-09-12,11.63944364314221
2014-09-13,10.78087252955042
2014-09-14,11.483466575183744
2014-09-15,10.927595551868317
2014-09-16,11.25022751972289
2014-09-17,10.83958861453393
2014-09-18,11.031899781650136
2014-09-19,12.089802547117829
2014-09-20,11.78902999594413
2014-09-21,10.607948500261614
2014-09-22,10.9718244854348
2014-09-23,10.507111174917203
2014-09-24,10.91427334315788
2014-09-25,10.396869482836253
2014-09-26,11.437712136213369
2014-09-27,10.268575835079824
2014-09-28,11.704398139195764
2014-09-29,11.035032762088724
2014-09-30,11.485458031484473
2014-10-01,9.92665249589283
2014-10-02,11.545033707120638
2014-10-03,11.010377616325549
2014-10-04,10.628173695818125
2014-10-05,10.909367010270278
2014-10-06,10.796088339832982
2014-10-07,11.67600863187353
2014-10-08,9.742665736315086
2014-10-09,10.928513722986148
2014-10-10,11.570582351079302
2014-10-11,9.86271462820315
2014-10-12,11.354472289093918
2014-10-13,11.940015129431274
2014-10-14,11.452597188880071
2014-10-15,10.885413836449448
2014-10-16,10.796200504661067
2014-10-17,10.397457103971151
2014-10-18,10.171754381800897
2014-10-19,11.588065755689346
2014-10-20,9.974624908408602
2014-10-21,10.909470615741752
2014-10-22,10.747045107554028
2014-10-23,10.964894988940282
2014-10-24,11.086327113774171
2014-10-25,10.485517035714405
2014-10-26,10.671679999510326
2014-10-27,10.8699790524738
2014-10-28,10.259610062117803
2014-10-29,11.089231678075475
2014-10-30,10.681139513502881
2014-10-31,11.710032300919096
2014-11-01,11.325096688848669
2014-11-02,10.712153773043203
2014-11-03,10.610481277886231
2014-11-04,10.894794554267527
2014-11-05,11.358054492136619
2014-11-06,11.00689359622065
2014-11-07,11.100549485518098
2014-11-08,10.825710158313694
2014-11-09,11.820348399077183
2014-11-10,10.329465506959616
2014-11-11,11.52064846593603
2014-11-12,11.124345296404227
2014-11-13,10.826913639508605
2014-11-14,10.976629738628978
2014-11-15,11.348617498735868
2014-11-16,11.687146003803603
2014-11-17,11.476708404816844
2014-11-18,10.715628710629511
2014-11-19,10.843863078896899
2014-11-20,10.701355922101001
2014-11-21,11.412851598325465
2014-11-22,11.248380602751778
2014-11-23,11.745567785436043
2014-11-24,10.333177570241553
2014-11-25,11.0966585547554
2014-11-26,10.775359102910018
2014-11-27,11.397442505279948
2014-11-28,11.835472089583753
2014-11-29,11.616448586428788
2014-11-30,11.28736446049234
2014-12-01,10.67041849287167
2014-12-02,11.606968289421133
2014-12-03,10.65732108877191
2014-12-04,11.262934438963748
2014-12-05,11.139519918382812
2014-12-06,10.72567023752365
2014-12-07,10.695589449616671
2014-12-08,11.134193741589034
2014-12-09,11.348612883910112
2014-12-10,11.794660285809687
2014-12-11,11.313991909256018
2014-12-12,11.679421113951594
2014-12-13,11.206050977555288
2014-12-14,12.021122952215098
2014-12-15,10.994682703320985
2014-12-16,11.31741730634146
2014-12-17,12.077562981071042
2014-12-18,10.920320691897395
2014-12-19,11.446635326132933
2014-12-20,11.504685583491622
2014-12-21,11.74763897801405
2014-12-22,11.751066398290575
2014-12-23,11.364013725902003
2014-12-24,11.698562731742916
2014-12-25,10.689870140724688
2014-12-26,11.443915797401173
2014-12-27,11.747743382644547
2014-12-28,10.843713013447287
2014-12-29,11.434376587654905
2014-12-30,12.187790416374318
2014-12-31,11.762296219586274
2015-01-01,11.291812257285534
2015-01-02,10.777066028383224
2015-01-03,12.275694380211078
2015-01-04,11.505529368834292
2015-01-05,10.691143020110163
2015-01-06,11.406659838245183
2015-01-07,11.527033162995124
2015-01-08,12.381907054102447
2015-01-09,12.119499876446103
2015-01-10,11.430798471477399
2015-01-11,11.541925487680817
2015-01-12,11.847950195928838
2015-01-13,12.177706469178412
2015-01-14,12.987508959448432
2015-01-15,12.102564109717637
2015-01-16,11.424354791347039
2015-01-17,11.678503971340936
2015-01-18,11.996845988611927
2015-01-19,11.857617139603905
2015-01-20,11.565563004205723
2015-01-21,11.887348848934842
2015-01-22,11.206543486199887
2015-01-23,11.764921110963265
2015-01-24,11.391070641191279
2015-01-25,11.39791358746433
2015-01-26,12.166122606037817
2015-01-27,12.134191159338789
2015-01-28,11.967190548728022
2015-01-29,11.845212770721997
2015-01-30,11.534101605527612
2015-01-31,11.566932097002828
2015-02-01,11.671329031930387
2015-02-02,12.149981887398141
2015-02-03,13.676427982395445
2015-02-04,12.417414249963429
2015-02-05,12.341226793547982
2015-02-06,11.855789578104027
2015-02-07,12.816943491085055
2015-02-08,12.304462791355268
2015-02-09,12.240581817738542
2015-02-10,11.274510545925107
2015-02-11,12.528397513602261
2015-02-12,11.343881136002418
2015-02-13,12.24210774028336
2015-02-14,12.225493234640101
2015-02-15,12.52677786568753
2015-02-16,11.97500315113987
2015-02-17,13.666931151400908
2015-02-18,11.998564581242166
2015-02-19,12.135775874819394
2015-02-20,12.474863741925413
2015-02-21,12.17829146716953
2015-02-22,13.130780007244866
2015-02-23,13.006359675499212
2015-02-24,11.32753157555096
2015-02-25,12.896725836632267
2015-02-26,13.63401321629806
2015-02-27,12.677560523634604
2015-02-28,13.156755945280374
2015-03-01,12.288646403506602
2015-03-02,12.219205097705176
2015-03-03,11.883868991567885
2015-03-04,13.07975031742253
2015-03-05,12.19435650011171
2015-03-06,13.238584006982537
2015-03-07,12.560777942757806
2015-03-08,12.734216945085043
2015-03-09,13.409366278086472
2015-03-10,14.219976828208477
2015-03-11,13.273907609573346
2015-03-12,12.979030894993521
2015-03-13,12.398598039296928
2015-03-14,13.010488255308172
2015-03-15,12.788354835159392
2015-03-16,13.166579727099574
2015-03-17,12.710885290461706
2015-03-18,12.747128591347181
2015-03-19,12.778621181365658
2015-03-20,13.4604190491783
2015-03-21,12.029077790091874
2015-03-22,12.665095041660996
2015-03-23,12.125330852168716
2015-03-24,12.462413752055479
2015-03-25,13.199816081854536
2015-03-26,11.921945200622378
2015-03-27,13.397297308087795
2015-03-28,13.538424603092329
2015-03-29,13.346453049248801
2015-03-30,12.921919651060673
2015-03-31,12.85727830988298
2015-04-01,12.283748713397204
2015-04-02,12.828480941230897
2015-04-03,13.111668358619653
2015-04-04,13.536375849943203
2015-04-05,13.317625827312256
2015-04-06,11.819824181919948
2015-04-07,12.829744119180924
2015-04-08,13.071373138784045
2015-04-09,12.461246303486535
2015-04-10,13.47660357261662
2015-04-11,13.212243171047628
2015-04-12,13.11083018636836
2015-04-13,12.666291297067858
2015-04-14,13.093393412453567
2015-04-15,13.527195336828436
2015-04-16,12.87093638041568
2015-04-17,12.281368630049547
2015-04-18,13.220448991312741
2015-04-19,12.710008890686767
2015-04-20,13.901156904312765
2015-04-21,12.771388285066871
2015-04-22,13.283969083250852
2015-04-23,13.443202335542418
2015-04-24,12.904620533453466
2015-04-25,12.852732756212387
2015-04-26,12.40015152237267
2015-04-27,12.518724306502834
2015-04-28,13.554401458033675
2015-04-29,13.649252409897747
2015-04-30,13.238718688776519
2015-05-01,12.90033197237647
2015-05-02,13.439374372435019
2015-05-03,13.688948463219148
2015-05-04,13.9261502249536
2015-05-05,14.169848512814253
2015-05-06,13.111549326009081
2015-05-07,13.196097106764212
2015-05-08,13.915082736288568
2015-05-09,12.62660669064352
2015-05-10,12.070050588785953
2015-05-11,13.01874991405101
2015-05-12,12.761561787630345
2015-05-13,12.529435319525252
2015-05-14,12.915919704542706
2015-05-15,13.45621080794781
2015-05-16,13.623352165259446
2015-05-17,14.029557300979324
2015-05-18,12.835965576572931
2015-05-19,12.746167907049449
2015-05-20,13.216970768773468
2015-05-21,13.19963200252394
2015-05-22,13.191015319414618
2015-05-23,13.417437412896655
2015-05-24,12.57961418723637
2015-05-25,13.476516136767508
2015-05-26,12.66752439603186
2015-05-27,13.184470442690193
2015-05-28,13.205828198446577
2015-05-29,12.429953214608807
2015-05-30,13.63268955169424
2015-05-31,13.125662368047688
2015-06-01,13.205332520647787
2015-06-02,12.550492591722785
2015-06-03,12.793693142693481
2015-06-04,12.810061469621305
2015-06-05,13.74358032878815
2015-06-06,13.06571965639791
2015-06-07,12.773847594450547
2015-06-08,12.744233526762978
2015-06-09,12.670348635561837
2015-06-10,11.913431473008274
2015-06-11,12.796216374209957
2015-06-12,12.544549964968734
2015-06-13,12.923829926172315
2015-06-14,13.728608351742176
2015-06-15,12.74735618133791
2015-06-16,13.117619385043506
2015-06-17,12.503371570335863
2015-06-18,13.218080969908192
2015-06-19,12.604560373805574
2015-06-20,13.467915115936666
2015-06-21,12.831778056351444
2015-06-22,12.607138533331435
2015-06-23,11.963140555702674
2015-06-24,12.629367597883023
2015-06-25,12.844692929740441
2015-06-26,12.024196352037285
2015-06-27,13.083839370295932
2015-06-28,12.187977818092039
2015-06-29,12.877089634791124
2015-06-30,11.824020167357165
2015-07-01,12.250684044890772
2015-07-02,12.347203511314314
2015-07-03,13.329742521152136
2015-07-04,12.200677775538372
2015-07-05,12.096571803143336
2015-07-06,12.883996440883429
2015-07-07,12.415068508385966
2015-07-08,12.744892416235977
2015-07-09,12.172598184951882
2015-07-10,12.36727884619004
2015-07-11,13.590782145150783
2015-07-12,11.664972393939232
2015-07-13,11.375454097591703
2015-07-14,13.2341960585021
2015-07-15,12.8075152011567
2015-07-16,12.13982954005743
2015-07-17,11.742892955801652
2015-07-18,11.724886000007526
2015-07-19,12.475439614740612
2015-07-20,12.355741950616707
2015-07-21,12.65729877677202
2015-07-22,11.628179574852687
2015-07-23,12.372919203666713
2015-07-24,12.15928321563157
2015-07-25,11.78811091955572
2015-07-26,11.563594478001802
2015-07-27,11.671110873410838
2015-07-28,12.41397329107939
2015-07-29,12.145805725267612
2015-07-30,12.338176832049204
2015-07-31,12.364084626609745
2015-08-01,12.739572714646954
2015-08-02,11.878939402423237
2015-08-03,12.243250018118863
2015-08-04,11.283569526395278
2015-08-05,11.683380848402596
2015-08-06,12.17634351295109
2015-08-07,11.555455877122478
2015-08-08,11.141700843407973
2015-08-09,11.441525760343612
2015-08-10,11.904354527134878
2015-08-11,10.55885546673391
2015-08-12,12.456505537222837
2015-08-13,12.118705042807141
2015-08-14,11.046774923963651
2015-08-15,10.971196557891592
2015-08-16,11.36156462607631
2015-08-17,11.345196124973688
2015-08-18,11.781691184119211
2015-08-19,11.792751079415877
2015-08-20,11.827940122947442
2015-08-21,11.007483113540447
2015-08-22,12.559280740126582
2015-08-23,12.130380444667006
2015-08-24,10.966058514473405
2015-08-25,11.286163851921087
2015-08-26,11.983976394446586
2015-08-27,11.39876464936355
2015-08-28,10.769218292003995
2015-08-29,11.723221531978506
2015-08-30,11.434311623559676
2015-08-31,12.313541600991055
2015-09-01,10.720395795085635
2015-09-02,11.399391902787425
2015-09-03,11.374891883512769
2015-09-04,11.517587882407765
2015-09-05,11.598815135427404
2015-09-06,11.467529261469625
2015-09-07,11.598850022417537
2015-09-08,10.950026508866875
2015-09-09,11.124626744313902
2015-09-10,11.478100645709048
2015-09-11,11.198166685273804
2015-09-12,12.075205173682907
2015-09-13,10.967216138141419
2015-09-14,11.278123620419434
2015-09-15,11.89847704793117
2015-09-16,10.211812826400006
2015-09-17,10.613203632296804
2015-09-18,11.566508370455272
2015-09-19,11.254672405182127
2015-09-20,10.71784229367498
2015-09-21,11.056597060456737
2015-09-22,11.375915404300072
2015-09-23,10.862935455868488
2015-09-24,11.081594128701763
2015-09-25,10.464824103965354
2015-09-26,11.031431577426897
2015-09-27,10.783979528424222
2015-09-28,10.128377928987824
2015-09-29,11.561046639505046
2015-09-30,11.126569937502241
2015-10-01,10.930751263591493
2015-10-02,11.117526470498154
2015-10-03,11.971205192412436
2015-10-04,11.38287299209306
2015-10-05,11.140429331373058
2015-10-06,11.071533565274503
2015-10-07,10.477233704849665
2015-10-08,10.73286418285018
2015-10-09,11.024593299661849
2015-10-10,11.256598963669276
2015-10-11,10.606856725735616
2015-10-12,10.929231201040578
2015-10-13,10.705978165136761
2015-10-14,10.031005279700251
2015-10-15,10.378984426869039
2015-10-16,10.806935918736784
2015-10-17,10.441916437660675
2015-10-18,10.97254180417398
2015-10-19,10.693520806014709
2015-10-20,11.352040395219559
2015-10-21,11.50890460116205
2015-10-22,10.390603874128026
2015-10-23,10.88883137894005
2015-10-24,10.192405289005857
2015-10-25,10.900569720028077
2015-10-26,10.333688507779742
2015-10-27,10.731532494279781
2015-10-28,11.569896354621408
2015-10-29,9.927686345230315
2015-10-30,11.560527231311418
2015-10-31,11.229931126647084
2015-11-01,10.231477161196938
2015-11-02,10.535756008281439
2015-11-03,10.081921526119297
2015-11-04,10.987184823304416
2015-11-05,10.475199438582468
2015-11-06,10.065896803229796
2015-11-07,11.19737572044278
2015-11-08,11.30941457069047
2015-11-09,11.143143041724581
2015-11-10,11.237842718247679
2015-11-11,10.435498835358436
2015-11-12,10.233193029052636
2015-11-13,10.200858904409868
2015-11-14,11.323567758355376
2015-11-15,11.621229653887827
2015-11-16,10.321841086521335
2015-11-17,11.042947143893313
2015-11-18,10.787929994947735
2015-11-19,11.260906396434244
2015-11-20,10.869655866562137
2015-11-21,11.47386189269409
2015-11-22,10.566217707273884
2015-11-23,11.0675211922579
2015-11-24,11.019332124231182
2015-11-25,10.713027498138082
2015-11-26,11.019167742231152
2015-11-27,10.850520181829555
2015-11-28,11.133180630978831
2015-11-29,10.071208444777309
2015-11-30,11.244878674012478
2015-12-01,10.462062709104876
2015-12-02,10.639211519139822
2015-12-03,10.020887990229829
2015-12-04,11.695764124269745
2015-12-05,10.839311700086208
2015-12-06,12.128430700182255
2015-12-07,12.160119113440063
2015-12-08,11.553196336764643
2015-12-09,11.197150481807332
2015-12-10,10.536181582982806
2015-12-11,11.51994012549148
2015-12-12,9.483351418962116
2015-12-13,11.363097812776434
2015-12-14,10.769583496310068
2015-12-15,12.12420376494283
2015-12-16,11.551267587144578
2015-12-17,11.126291179382683
2015-12-18,11.395827848517403
2015-12-19,10.632147983661705
2015-12-20,11.091189908050186
2015-12-21,11.27400480718846
2015-12-22,11.95129392876219
2015-12-23,11.283529891695048
2015-12-24,10.289345706486268
2015-12-25,11.852196627662769
2015-12-26,11.094533669147367
2015-12-27,10.616717953095518
2015-12-28,11.550665941887123
2015-12-29,11.68275799099532
2015-12-30,12.721916623208694
2015-12-31,11.98380551892021
2016-01-01,11.73646890279918
2016-01-02,11.707225279670505
2016-01-03,11.832640684755619
2016-01-04,11.648004539419032
2016-01-05,11.590353584588264
2016-01-06,11.448933875538124
2016-01-07,12.818927511985908
2016-01-08,11.083078778635215
2016-01-09,12.088463586487311
2016-01-10,11.784337769244836
2016-01-11,11.886801017789125
2016-01-12,12.062560438490074
2016-01-13,11.531359624115241
2016-01-14,10.476208344401941
2016-01-15,11.877432231028383
2016-01-16,11.867832420066026
2016-01-17,12.493761741180595
2016-01-18,12.13079985558965
2016-01-19,11.688538242251736
2016-01-20,11.807966895334657
2016-01-21,12.329231624811968
2016-01-22,11.419715106419526
2016-01-23,12.593572329480685
2016-01-24,12.052158558052097
2016-01-25,12.09026701928735
2016-01-26,12.63889442187943
2016-01-27,12.651679352142006
2016-01-28,12.640798217524939
2016-01-29,11.649604836355106
2016-01-30,11.592305667070699
2016-01-31,11.023550119207
2016-02-01,12.54989406675579
2016-02-02,12.589858633234323
2016-02-03,12.56262347758066
2016-02-04,12.22404435689204
2016-02-05,12.380838433132206
2016-02-06,12.015792927190168
2016-02-07,12.236446246591601
2016-02-08,12.66392781288574
2016-02-09,13.040851166008105
2016-02-10,12.995023383442083
2016-02-11,12.811451766008522
2016-02-12,12.288707970258319
2016-02-13,12.702990028398586
2016-02-14,11.942634857682672
2016-02-15,12.157082540851503
2016-02-16,12.847827998655106
2016-02-17,13.38857431605949
2016-02-18,12.076665769854229
2016-02-19,13.098805325105543
2016-02-20,13.240377163230109
2016-02-21,12.672325486351358
2016-02-22,12.888639557175193
2016-02-23,12.461847750458798
2016-02-24,12.262233547698552
2016-02-25,12.305461549509563
2016-02-26,12.321909530637642
2016-02-27,12.903409021313406
2016-02-28,11.866822018396533
2016-02-29,12.852039478240416
2016-03-01,13.340778677182165
2016-03-02,12.330292700873846
2016-03-03,13.220192797668892
2016-03-04,12.822437705245319
2016-03-05,14.438102525357774
2016-03-06,12.559077076285783
2016-03-07,12.597975096173094
2016-03-08,13.22344367326443
2016-03-09,13.504098375709114
2016-03-10,12.268422418797863
2016-03-11,12.99494598143561
2016-03-12,13.437166204474005
2016-03-13,13.369491860811921
2016-03-14,12.963357836815236
2016-03-15,13.167812353903791
2016-03-16,12.550825309275297
2016-03-17,13.433960071529937
2016-03-18,13.515913746646682
2016-03-19,12.530567879692699
2016-03-20,12.923325121790265
2016-03-21,13.308821502833212
2016-03-22,12.660246915342038
2016-03-23,13.117819719651349
2016-03-24,12.298471803840487
2016-03-25,13.080536170852229
2016-03-26,13.776969140847292
2016-03-27,13.529169741616288
2016-03-28,12.295188603370658
2016-03-29,13.231706895115357
2016-03-30,12.867475528638995
2016-03-31,12.751560358723294
2016-04-01,14.734123725034483
2016-04-02,12.599458917258733
2016-04-03,13.515688319964072
2016-04-04,12.72133741259431
2016-04-05,13.434791267303586
2016-04-06,12.38440131055859
2016-04-07,13.216937158881978
2016-04-08,12.979698117536982
2016-04-09,13.31740946709177
2016-04-10,13.067232360468346
2016-04-11,14.172601431050381
2016-04-12,13.089806258265577
2016-04-13,13.298133675701697
2016-04-14,12.542636239826425
2016-04-15,13.163918385396986
2016-04-16,12.67238553515971
2016-04-17,13.566412296613725
2016-04-18,13.171033406172752
2016-04-19,13.303731299020129
2016-04-20,12.773277109471112
2016-04-21,12.276944541354316
2016-04-22,12.30685780419355
2016-04-23,13.225377042035372
2016-04-24,13.595488049622823
2016-04-25,13.990355349384552
2016-04-26,13.622300967941836
2016-04-27,14.254987076806055
2016-04-28,12.62325037915306
2016-04-29,13.040581231061118
2016-04-30,11.908652237921606
2016-05-01,13.408000095646685
2016-05-02,12.724284805908475
2016-05-03,12.48154502500535
2016-05-04,13.801665394071177
2016-05-05,12.60683757168039
2016-05-06,13.46028976924191
2016-05-07,14.238043177900277
2016-05-08,13.255455952105496
2016-05-09,13.129980352897075
2016-05-10,13.234208221309851
2016-05-11,13.012578286985132
2016-05-12,13.860894334898735
2016-05-13,13.895786313092994
2016-05-14,13.193024490626517
2016-05-15,13.084713129247477
2016-05-16,13.152886268387473
2016-05-17,12.76838994379061
2016-05-18,13.192819626190186
2016-05-19,12.625401981303792
2016-05-20,13.409984309036416
2016-05-21,13.064116056783597
2016-05-22,13.16358605098794
2016-05-23,12.660781342206633
2016-05-24,13.274368951459824
2016-05-25,12.656792669451656
2016-05-26,13.152053469286418
2016-05-27,13.570631183991235
2016-05-28,12.200726714526947
2016-05-29,12.926271950903866
2016-05-30,12.590047545068275
2016-05-31,12.112814378742783
2016-06-01,12.767309087111824
2016-06-02,12.951174820435147
2016-06-03,12.728292005720387
2016-06-04,13.321442789377077
2016-06-05,12.274248505016702
2016-06-06,14.278384741065071
2016-06-07,12.672108415898844
2016-06-08,12.838396979480239
2016-06-09,12.427214875602202
2016-06-10,12.463529049496463
2016-06-11,12.711473371115206
2016-06-12,12.501120620768717
2016-06-13,12.956031598647465
2016-06-14,12.354084062160256
2016-06-15,11.88802706764886
2016-06-16,12.166354435641955
2016-06-17,12.267498129791315
2016-06-18,12.5879334500318
2016-06-19,12.678209677438387
2016-06-20,13.029938683486815
2016-06-21,12.138628729782
2016-06-22,12.116949741667776
2016-06-23,12.608627227135381
2016-06-24,12.405560047545336
2016-06-25,12.935516349909918
2016-06-26,12.28165992354469
2016-06-27,12.289481093905641
2016-06-28,12.25268453260308
2016-06-29,12.510397762285665
2016-06-30,12.554092781269425
2016-07-01,12.437509456729154
2016-07-02,13.133056915709439
2016-07-03,12.670986573287985
2016-07-04,12.379308476787509
2016-07-05,13.096711112885624
2016-07-06,12.317230279960887
2016-07-07,12.279389391182288
2016-07-08,12.287386277333562
2016-07-09,12.47516279578305
2016-07-10,12.411505773692712
2016-07-11,12.364517221345123
2016-07-12,12.452199630088767
2016-07-13,12.158886082397686
2016-07-14,12.134128140673916
2016-07-15,12.323398774610798
2016-07-16,12.34602788390508
2016-07-17,11.485337334125042
2016-07-18,12.746807307499726
2016-07-19,11.48546884716439
2016-07-20,11.994561241183122
2016-07-21,12.387981974173632
2016-07-22,11.966967968907692
2016-07-23,11.537257465737325
2016-07-24,12.396220802861077
2016-07-25,10.545826120884719
2016-07-26,11.759125290663986
2016-07-27,12.017585927247172
2016-07-28,12.479224069545712
2016-07-29,11.406660704002615
2016-07-30,12.50016966998077
2016-07-31,13.10240183798132
2016-08-01,12.010759856932387
2016-08-02,12.145540356801432
2016-08-03,11.869803052134907
2016-08-04,12.014869256163806
2016-08-05,12.16183914166676
2016-08-06,12.913920640677125
2016-08-07,11.937420514664767
2016-08-08,11.185173120959147
2016-08-09,12.396885650169054
2016-08-10,11.099543013961439
2016-08-11,11.13627079907098
2016-08-12,12.606035851316902
2016-08-13,11.44246681793847
2016-08-14,10.982233648168727
2016-08-15,11.540747949650324
2016-08-16,11.992990110977459
2016-08-17,12.043150495592345
2016-08-18,12.091387316917256
2016-08-19,11.44555775168627
2016-08-20,11.584278599179548
2016-08-21,11.482845480864679
2016-08-22,10.600903248548931
2016-08-23,10.743411795030802
2016-08-24,11.65876111947454
2016-08-25,10.886707987788036
2016-08-26,11.866018356012933
2016-08-27,11.33441806322977
2016-08-28,11.313969157996803
2016-08-29,11.504837904403708
2016-08-30,10.701108902489823
2016-08-31,10.92020606747688
2016-09-01,10.655555254604481
2016-09-02,10.9072891704674
2016-09-03,11.198210326443025
2016-09-04,10.33629894944998
2016-09-05,11.168552442333139
2016-09-06,11.326401988703726
2016-09-07,11.674452933049349
2016-09-08,10.365417866967961
2016-09-09,10.929832786011202
2016-09-10,11.20584460624939
2016-09-11,10.953945057006345
2016-09-12,12.001178927836488
2016-09-13,10.655491644966018
2016-09-14,10.8178430280198
2016-09-15,10.351646956327208
2016-09-16,11.211267003525831
2016-09-17,11.825870463821678
2016-09-18,11.174278741144741
2016-09-19,11.388161618558174
2016-09-20,10.260736278542101
2016-09-21,10.705050330119665
2016-09-22,10.709881266273129
2016-09-23,10.624309035291216
2016-09-24,11.503357624477042
2016-09-25,10.96955155052395
2016-09-26,11.410818606863213
2016-09-27,11.559893834623582
2016-09-28,11.852270941653845
2016-09-29,10.805230736974124
2016-09-30,11.116040335672153
2016-10-01,10.214541781156976
2016-10-02,10.619428787347864
2016-10-03,10.766810208892483
2016-10-04,11.896403232500823
2016-10-05,10.596049978926207
2016-10-06,10.318428186280382
2016-10-07,10.999742106402318
2016-10-08,10.982492646722175
2016-10-09,10.793404578911895
2016-10-10,11.451728266926395
2016-10-11,11.269978585831534
2016-10-12,10.322426045717455
2016-10-13,11.035648646339348
2016-10-14,11.090117276007014
2016-10-15,11.114014496134043
2016-10-16,10.74472295991331
2016-10-17,9.83062774067794
2016-10-18,10.862097573073273
2016-10-19,10.501212248429281
2016-10-20,10.804291141182894
2016-10-21,10.216451908721686
2016-10-22,11.36772541690162
2016-10-23,10.761791286914793
2016-10-24,10.672238199393767
2016-10-25,10.87759454570319
2016-10-26,11.036703187015128
2016-10-27,10.277435355466434
2016-10-28,11.17647502212908
2016-10-29,10.417288766730717
2016-10-30,11.35717781438232
2016-10-31,11.20914602332212
2016-11-01,11.104779473921042
2016-11-02,10.968337815911624
2016-11-03,10.44228417323506
2016-11-04,10.231106572972159
2016-11-05,11.088565640121272
2016-11-06,10.175210984156665
2016-11-07,9.879120066397892
2016-11-08,11.149929898608983
2016-11-09,11.301913081774654
2016-11-10,10.932364010395935
2016-11-11,11.27101303265291
2016-11-12,10.441530834407427
2016-11-13,10.473572653323478
2016-11-14,11.313369985991887
2016-11-15,11.12001941794707
2016-11-16,10.08486373282531
2016-11-17,10.994727373289098
2016-11-18,11.206126388433812
2016-11-19,10.4175668205207
2016-11-20,11.58378269517737
2016-11-21,11.112657470400704
2016-11-22,10.827519208302796
2016-11-23,11.023614677892395
2016-11-24,10.856373671754632
2016-11-25,10.777760926036951
2016-11-26,11.51240065624251
2016-11-27,11.217813164773956
2016-11-28,11.599279068724456
2016-11-29,10.654527992106159
2016-11-30,10.623137905140256
2016-12-01,11.547036978675203
2016-12-02,11.54884854982151
2016-12-03,11.259676684314838
2016-12-04,11.03709566782304
2016-12-05,11.184182926218396
2016-12-06,10.966415100096377
2016-12-07,11.059610155194495
2016-12-08,11.269088355190615
2016-12-09,11.299856819314464
2016-12-10,11.148884114146368
2016-12-11,10.692753393460233
2016-12-12,12.056746875290601
2016-12-13,11.701192601610973
2016-12-14,10.922051261681215
2016-12-15,11.327922261424723
2016-12-16,11.099162065011313
2016-12-17,11.94952928509202
2016-12-18,11.030695760913748
2016-12-19,11.215285308576046
2016-12-20,12.498192159922253
2016-12-21,11.304055414871474
2016-12-22,11.52552604115256
2016-12-23,12.13664833272865
2016-12-24,11.266926296715337
2016-12-25,11.000624664188026
2016-12-26,11.828015535690618
2016-12-27,11.326919528122689
2016-12-28,10.700527147464875
2016-12-29,11.492211339132025
2016-12-30,11.006742594603592
2016-12-31,11.43228334619017
2017-01-01,12.492656239859013
2017-01-02,10.519829159485065
2017-01-03,11.233359940713095
2017-01-04,11.97684663514307
2017-01-05,11.392878786652126
2017-01-06,10.794144280954487
2017-01-07,11.854127064975911
2017-01-08,11.301566425456475
2017-01-09,11.15244956547214
2017-01-10,12.056745553916185
2017-01-11,12.144328049261546
2017-01-12,11.727968160771365
2017-01-13,12.774335010679467
2017-01-14,12.050637052150668
2017-01-15,12.556721960978098
2017-01-16,12.289679181850193
2017-01-17,11.987071141355493
2017-01-18,11.745878060006174
2017-01-19,11.97899699640012
2017-01-20,12.459150587423226
2017-01-21,11.566831206119108
2017-01-22,11.066503377429278
2017-01-23,12.685606533773731
2017-01-24,11.268736364275549
2017-01-25,12.213582850341973
2017-01-26,12.444249969393681
2017-01-27,12.316540959052798
2017-01-28,11.974072586842084
2017-01-29,11.537874313898987
2017-01-30,12.450233828038657
2017-01-31,12.377433635955464
2017-02-01,12.34191826817133
2017-02-02,12.296922856792671
2017-02-03,13.073151876071952
2017-02-04,12.519305716811107
2017-02-05,12.73014822720075
2017-02-06,13.11512416089323
2017-02-07,11.985612286799688
2017-02-08,11.75365980408091
2017-02-09,12.094548732252182
2017-02-10,12.088547518522274
2017-02-11,11.71458204596324
2017-02-12,12.030588032413334
2017-02-13,13.038273189658563
2017-02-14,13.434712134335195
2017-02-15,12.476040128452077
2017-02-16,11.7773677265721
2017-02-17,12.532780535086909
2017-02-18,12.760854478801889
2017-02-19,12.49584016908801
2017-02-20,12.94813068994395
2017-02-21,13.693770325018768
2017-02-22,12.678708535069362
2017-02-23,11.993933095348112
2017-02-24,12.83469300179172
2017-02-25,12.663982568015003
2017-02-26,13.257748158013053
2017-02-27,12.2530250250939
2017-02-28,12.68780633380597
2017-03-01,13.086103883997046
2017-03-02,12.379454944592714
2017-03-03,12.086060137468436
2017-03-04,12.59344786583414
2017-03-05,12.765592982814113
2017-03-06,12.108005937629812
2017-03-07,12.922534962314902
2017-03-08,13.440256871752698
2017-03-09,11.957561379573008
2017-03-10,12.923103511811206
2017-03-11,13.110856210035408
2017-03-12,11.653409818784512
2017-03-13,12.767759999915686
2017-03-14,13.272919005126319
2017-03-15,13.731427618660337
2017-03-16,12.086274835742344
2017-03-17,13.38474369039681
2017-03-18,13.774962390445717
2017-03-19,13.599693529044703
2017-03-20,11.801304301946022
2017-03-21,13.003784242054037
2017-03-22,13.135584070385674
2017-03-23,13.162620065041894
2017-03-24,13.094788308901185
2017-03-25,12.444176221254377
2017-03-26,13.186959564358501
2017-03-27,12.381268909515729
2017-03-28,12.257522033510998
2017-03-29,12.47726624812716
2017-03-30,13.404770201325734
2017-03-31,12.833523397415872
2017-04-01,13.368480778866017
2017-04-02,13.738653869094122
2017-04-03,13.148085067684281
2017-04-04,13.065651808910545
2017-04-05,12.61030969742961
2017-04-06,13.145028601915783
2017-04-07,13.334770882655706
2017-04-08,13.241930406753854
2017-04-09,13.430509549318668
2017-04-10,12.839568964678426
2017-04-11,13.180508993460434
2017-04-12,12.795407699114326
2017-04-13,13.483426051681194
2017-04-14,12.914196291663256
2017-04-15,13.055269371614978
2017-04-16,12.9485279715945
2017-04-17,12.84531058815934
2017-04-18,13.1152852893716
2017-04-19,13.790661884337666
2017-04-20,12.828870564893318
2017-04-21,12.72206445093139
2017-04-22,13.032882823582305
2017-04-23,14.418545355994134
2017-04-24,12.55546177382419
2017-04-25,13.730124405561863
2017-04-26,13.556684698942666
2017-04-27,13.550233054807066
2017-04-28,13.813154841977033
2017-04-29,13.170269344179076
2017-04-30,14.108057017427123
2017-05-01,13.476960869015356
2017-05-02,12.760716122517596
2017-05-03,14.20374047269673
2017-05-04,12.617897754951207
2017-05-05,13.513127024594612
2017-05-06,12.783719119770392
2017-05-07,13.441995804738736
2017-05-08,13.521105215853519
2017-05-09,13.207684440988126
2017-05-10,13.13676051165536
2017-05-11,14.111014095755479
2017-05-12,13.161381367844728
2017-05-13,12.549077170484196
2017-05-14,12.667949218776474
2017-05-15,11.957719399932133
2017-05-16,13.620586141715846
2017-05-17,12.37041632596136
2017-05-18,13.35463641700158
2017-05-19,12.283405116382973
2017-05-20,13.342864990354208
2017-05-21,13.244343150353776
2017-05-22,12.952669835891195
2017-05-23,13.604729936259341
2017-05-24,14.0516245719291
2017-05-25,13.69103195120746
2017-05-26,12.831246625220938
2017-05-27,12.120733183137581
2017-05-28,12.654090202205852
2017-05-29,11.849777189613976
2017-05-30,13.2097952570313
2017-05-31,13.177798144973654
2017-06-01,12.915309728199231
2017-06-02,12.947202526205196
2017-06-03,13.0569566966328
2017-06-04,12.562276889263844
2017-06-05,12.75804043049307
2017-06-06,12.831618617988136
2017-06-07,12.637968423116085
2017-06-08,13.164589077366527
2017-06-09,13.30951206137063
2017-06-10,12.823012552858616
2017-06-11,13.429256964269921
2017-06-12,13.233715104821234
2017-06-13,12.597615628237188
2017-06-14,12.6257685703691
2017-06-15,12.24561351371932
2017-06-16,13.568305958215293
2017-06-17,12.879672291475348
2017-06-18,11.882390515659141
2017-06-19,13.483070841487484
2017-06-20,12.99782089626032
2017-06-21,12.17490109040514
2017-06-22,13.698935077396436
2017-06-23,12.776539886675781
2017-06-24,11.55512644122532
2017-06-25,13.113810410560422
2017-06-26,13.355157177007676
2017-06-27,12.69560756250508
2017-06-28,12.41743713681618
2017-06-29,11.935104196544506
2017-06-30,11.879921059615446
2017-07-01,12.210780898485487
2017-07-02,11.693734823314914
2017-07-03,12.244957650163643
2017-07-04,12.356957083071663
2017-07-05,13.0060304531993
2017-07-06,12.87602154862192
2017-07-07,12.348315916694819
2017-07-08,12.225794041383887
2017-07-09,12.564270985489879
2017-07-10,11.556700559734477
2017-07-11,11.349473148442257
2017-07-12,12.862835666474963
2017-07-13,11.990680769387216
2017-07-14,12.013680135601554
2017-07-15,12.18887435081507
2017-07-16,11.984510060117083
2017-07-17,12.438059451892723
2017-07-18,11.104580754709481
2017-07-19,12.819199233053569
2017-07-20,12.167501206554396
2017-07-21,12.08677696050795
2017-07-22,11.94468271689524
2017-07-23,11.542438912848391
2017-07-24,12.2614116246578
2017-07-25,12.725346223803607
2017-07-26,11.200215282339919
2017-07-27,11.259687403151034
2017-07-28,12.61420177871853
2017-07-29,12.477853299361922
2017-07-30,12.287715407441501
2017-07-31,12.089949526336358
2017-08-01,12.066228954152141
2017-08-02,11.355582992533677
2017-08-03,11.831780817198796
2017-08-04,12.739101167634885
2017-08-05,11.569044231910562
2017-08-06,12.096455573390957
2017-08-07,12.437698238524836
2017-08-08,12.072809429728228
2017-08-09,11.67667792952045
2017-08-10,11.905522021914328
2017-08-11,11.314422244753992
2017-08-12,11.608031083945665
2017-08-13,11.39598019345559
2017-08-14,11.911138592821636
2017-08-15,11.82067445304137
2017-08-16,11.880463239885898
2017-08-17,11.941485735162304
2017-08-18,11.227233419837633
2017-08-19,12.613004589285747
2017-08-20,10.934740062176566
2017-08-21,11.011397561262777
2017-08-22,11.483958520391303
2017-08-23,12.099454396073742
2017-08-24,10.83602585434844
2017-08-25,11.151790794258465
2017-08-26,11.51622812685636
2017-08-27,11.995323972252718
2017-08-28,11.874911842302177
2017-08-29,11.13570677707783
2017-08-30,11.80241894599783
2017-08-31,11.508483812316863
2017-09-01,10.917848743000956
2017-09-02,11.771478593778104
2017-09-03,10.301870965493457
2017-09-04,10.484802890523957
2017-09-05,11.700256283748047
2017-09-06,11.412552949310793
2017-09-07,11.86786745059709
2017-09-08,11.313753916746617
2017-09-09,11.703702581672635
2017-09-10,11.427280528284298
2017-09-11,11.593588150132113
2017-09-12,11.68193193281564
2017-09-13,11.811938249676256
2017-09-14,10.849752695810272
2017-09-15,10.817433123374094
2017-09-16,11.046857513327405
2017-09-17,10.961677070906026
2017-09-18,11.841164885676063
2017-09-19,11.128651260466716
2017-09-20,10.445646004889726
2017-09-21,11.49477601401534
2017-09-22,11.606182921833467
2017-09-23,11.162682662458304
2017-09-24,11.180362666974483
2017-09-25,10.893752148044857
2017-09-26,11.281552360986083
2017-09-27,10.262034311311924
2017-09-28,11.28811017904082
2017-09-29,10.816973403871732
2017-09-30,10.73884028252848
2017-10-01,11.608717197662731
2017-10-02,11.362519371655017
2017-10-03,10.964044310227342
2017-10-04,11.412243781517898
2017-10-05,10.712753425534014
2017-10-06,10.989317267498796
2017-10-07,11.533222127679641
2017-10-08,11.206923813910626
2017-10-09,10.700995198200186
2017-10-10,11.653256360975307
2017-10-11,10.420812426750235
2017-10-12,10.869532643796534
2017-10-13,10.998214364386211
2017-10-14,10.669770355640857
2017-10-15,10.721776064509415
2017-10-16,10.39754032274286
2017-10-17,11.070755343665121
2017-10-18,10.634437522786449
2017-10-19,11.70841699718996
2017-10-20,11.427974244267983
2017-10-21,11.01229287507176
2017-10-22,10.76500012715684
2017-10-23,10.793533037576031
2017-10-24,10.737873386558634
2017-10-25,10.93712469154653
2017-10-26,10.703571628091622
2017-10-27,11.599533506481782
2017-10-28,10.815013531915403
2017-10-29,10.7314797703641
2017-10-30,10.368610855465077
2017-10-31,9.89066461757439
2017-11-01,11.411653785831538
2017-11-02,11.168807920300331
2017-11-03,10.346462863980125
2017-11-04,10.257657161032819
2017-11-05,11.088748281436487
2017-11-06,10.755176518226719
2017-11-07,10.883972122463568
2017-11-08,10.51889563774412
2017-11-09,11.03124841179841
2017-11-10,10.214017226310855
2017-11-11,10.665568213052351
2017-11-12,10.334624804849792
2017-11-13,10.94307557003756
2017-11-14,10.745160986638043
2017-11-15,10.292756986304676
2017-11-16,11.225039806990898
2017-11-17,10.689224806758169
2017-11-18,11.250191367210626
2017-11-19,10.025178627526827
2017-11-20,11.842211086250753
2017-11-21,10.013167815788293
2017-11-22,10.796991587608517
2017-11-23,10.906609697324464
2017-11-24,9.790087050508184
2017-11-25,10.378333091053625
2017-11-26,10.679615169457765
2017-11-27,11.674342756493832
2017-11-28,11.2448648824087
2017-11-29,10.91111403345105
2017-11-30,11.022757215704239
2017-12-01,10.811131685675162
2017-12-02,11.271789997016523
2017-12-03,11.771085354233481
2017-12-04,10.952349001099964
2017-12-05,11.272511658010599
2017-12-06,11.029908020229804
2017-12-07,11.496502464499542
2017-12-08,11.05832852890668
2017-12-09,10.640991232498974
2017-12-10,10.963167968895267
2017-12-11,11.760948692987114
2017-12-12,11.487054207032811
2017-12-13,11.219906728450727
2017-12-14,11.053853830979941
2017-12-15,11.109109811394806
2017-12-16,11.278952011802065
2017-12-17,9.827294771431664
2017-12-18,10.859748898027098
2017-12-19,11.452302042852772
2017-12-20,10.925582258608197
2017-12-21,11.445244691607641
2017-12-22,11.031564166656604
2017-12-23,11.996144423519766
2017-12-24,11.664976607083057
2017-12-25,11.58512327036701
2017-12-26,12.25344687745882
2017-12-27,12.371756762475478
2017-12-28,11.53361830010779
2017-12-29,11.553300030922331
2017-12-30,11.64924116175773
2017-12-31,12.342476502172213
2018-01-01,11.094085113982944
2018-01-02,10.973899223598949
2018-01-03,11.468000094539606
2018-01-04,10.988400261356562
2018-01-05,10.992568786860215
2018-01-06,11.458833468717762
2018-01-07,11.70436130084267
2018-01-08,11.578382611515593
2018-01-09,12.336197168789788
2018-01-10,12.059636763683383
2018-01-11,11.001319122330022
2018-01-12,11.307241107417044
2018-01-13,10.99394592582235
2018-01-14,11.189188398938633
2018-01-15,11.31890303449241
2018-01-16,12.193002487791818
2018-01-17,11.572109275287572
2018-01-18,11.623790749107695
2018-01-19,11.238440277437306
2018-01-20,11.333873806390777
2018-01-21,12.264209556734519
2018-01-22,11.91779360552814
2018-01-23,11.550589993292597
2018-01-24,12.395750543892891
2018-01-25,12.327271972620252
2018-01-26,11.118112086111408
2018-01-27,12.740231039931125
2018-01-28,11.96001715485847
2018-01-29,11.260554000914492
2018-01-30,12.166312769554315
2018-01-31,12.265942863801687
2018-02-01,12.170388383536373
2018-02-02,12.633617042885453
2018-02-03,12.402024479623295
2018-02-04,11.907037020523536
2018-02-05,11.717092597052927
2018-02-06,12.975672128973882
2018-02-07,11.693275241189596
2018-02-08,12.420336037272389
2018-02-09,11.551992776186655
2018-02-10,12.216330076921084
2018-02-11,12.838350319808324
2018-02-12,12.733557097688063
2018-02-13,12.494692732896105
2018-02-14,13.022891458622334
2018-02-15,11.759279442626088
2018-02-16,12.24861502008783
2018-02-17,13.508120966711608
2018-02-18,12.241890173277694
2018-02-19,12.934282124938129
2018-02-20,12.726421135632009
2018-02-21,13.441532189816968
2018-02-22,12.146232552716496
2018-02-23,13.59437050056286
2018-02-24,12.883583171734488
2018-02-25,12.282196967332569
2018-02-26,12.084443456017405
2018-02-27,12.733481589899526
2018-02-28,13.437681669619101
2018-03-01,13.233559195046956
2018-03-02,13.044719446932929
2018-03-03,13.016496718515913
2018-03-04,13.295408471073452
2018-03-05,11.962035291529986
2018-03-06,12.519156880660416
2018-03-07,13.044877167360582
2018-03-08,11.35850732070131
2018-03-09,12.456939269956989
2018-03-10,12.402883844403316
2018-03-11,12.369744944097622
2018-03-12,11.932640511583452
2018-03-13,13.793550890780313
2018-03-14,12.534196021803217
2018-03-15,14.133873183817341
2018-03-16,12.875661314285447
2018-03-17,13.09885207059776
2018-03-18,12.835274281775897
2018-03-19,12.823773358179894
2018-03-20,13.428402879419409
2018-03-21,12.44881615449805
2018-03-22,12.558575203949033
2018-03-23,13.688226075719157
2018-03-24,12.674271080227202
2018-03-25,13.846515064776314
2018-03-26,12.401029782757822
2018-03-27,13.262519340024143
2018-03-28,13.566416977074333
2018-03-29,12.940085639654844
2018-03-30,13.175836635701936
2018-03-31,13.150218391231816
2018-04-01,12.741687672131764
2018-04-02,13.66464759639762
2018-04-03,13.235742544262012
2018-04-04,13.775238658715454
2018-04-05,12.28534540510183
2018-04-06,12.959297112467501
2018-04-07,13.569261471902662
2018-04-08,13.514027874214333
2018-04-09,12.44359834242121
2018-04-10,13.264007929305713
2018-04-11,13.767332670878044
2018-04-12,13.302799147789798
2018-04-13,13.139294800753287
2018-04-14,12.867302664543995
2018-04-15,13.262634409530872
2018-04-16,13.609284737417155
2018-04-17,13.357569510180875
2018-04-18,12.96859135786814
2018-04-19,12.46892052099645
2018-04-20,14.185681734585367
2018-04-21,12.510264597287053
2018-04-22,13.521953601366528
2018-04-23,13.22740097804398
2018-04-24,13.15321727768159
2018-04-25,13.209160443205224
2018-04-26,12.612580135486557
2018-04-27,14.288554646613987
2018-04-28,13.026984935818723
2018-04-29,13.486203533991398
2018-04-30,13.773256084308409
2018-05-01,13.81549899063735
2018-05-02,13.158423688629167
2018-05-03,13.095841418654354
2018-05-04,13.43940515951365
2018-05-05,13.160017889245498
2018-05-06,12.982380488534618
2018-05-07,13.853445929575422
2018-05-08,12.773053526869083
2018-05-09,13.190696379416933
2018-05-10,13.438456137212556
2018-05-11,13.071631746425176
2018-05-12,13.504785225819365
2018-05-13,13.408357181473317
2018-05-14,13.363128065933244
2018-05-15,12.797859457095285
2018-05-16,12.50311200592965
2018-05-17,12.994513194445467
2018-05-18,13.073360452346263
2018-05-19,13.399273163551372
2018-05-20,13.844280927283675
2018-05-21,13.873163219713762
2018-05-22,14.03523787104072
2018-05-23,13.042426451696263
2018-05-24,12.744087610964286
2018-05-25,13.390189973390909
2018-05-26,12.94116165720742
2018-05-27,13.011775784493253
2018-05-28,13.022168902730893
2018-05-29,13.595810734938427
2018-05-30,12.900341677254515
2018-05-31,12.257528261878987
2018-06-01,13.699564489700219
2018-06-02,13.07626054935955
2018-06-03,12.18406276704311
2018-06-04,13.14823709839849
2018-06-05,14.169339582989089
2018-06-06,13.609476840844287
2018-06-07,12.995455470219081
2018-06-08,13.433732272848076
2018-06-09,13.067509880085922
2018-06-10,12.49595657781458
2018-06-11,11.874249587167007
2018-06-12,12.909461894021508
2018-06-13,12.396616967957923
2018-06-14,12.21808327734652
2018-06-15,12.399572272238036
2018-06-16,12.57597052531147
2018-06-17,13.69255093366305
2018-06-18,12.49424289951042
2018-06-19,12.832990036236495
2018-06-20,12.745167681677305
2018-06-21,12.675890350319815
2018-06-22,12.415958578989066
2018-06-23,12.345463555756734
2018-06-24,11.91488819185879
2018-06-25,12.035275663413271
2018-06-26,13.28321876296972
2018-06-27,12.501165097047595
2018-06-28,12.186666827434669
2018-06-29,12.69380946594186
2018-06-30,12.655467525824589
2018-07-01,13.293755184852976
2018-07-02,11.732396788416604
2018-07-03,12.404399584817599
2018-07-04,12.434860740830254
2018-07-05,12.310640510536768
2018-07-06,12.505693920691773
2018-07-07,12.41070257532755
2018-07-08,11.480244663121425
2018-07-09,11.578659994840427
2018-07-10,12.151427165455162
2018-07-11,11.587677450324595
2018-07-12,12.755288860492247
2018-07-13,12.535002204023094
2018-07-14,12.034093570225822
2018-07-15,13.344812119948264
2018-07-16,12.606012883889754
2018-07-17,12.292595886248098
2018-07-18,12.966585143305009
2018-07-19,12.819167151002171
2018-07-20,12.28837441258251
2018-07-21,12.010326835434554
2018-07-22,11.686530070483624
2018-07-23,11.733883516613876
2018-07-24,12.438048978107245
2018-07-25,12.225527296859758
2018-07-26,12.286822789988115
2018-07-27,12.225514864973059
2018-07-28,13.160244039364127
2018-07-29,11.460309622397778
2018-07-30,11.967051108951331
2018-07-31,10.91838083492199
2018-08-01,11.558579702340092
2018-08-02,11.334635488068905
2018-08-03,11.469546960897585
2018-08-04,11.697869377789795
2018-08-05,10.885575343231382
2018-08-06,12.84947912876805
2018-08-07,11.770345222753463
2018-08-08,11.375845619563151
2018-08-09,11.700657940801472
2018-08-10,11.179575553557296
2018-08-11,12.335437993121063
2018-08-12,11.468464805729303
2018-08-13,11.164384206074658
2018-08-14,12.551774470812596
2018-08-15,11.6257463151709
2018-08-16,12.74087515675549
2018-08-17,11.654573498165927
2018-08-18,11.828023325729085
2018-08-19,11.397892365337585
2018-08-20,11.32553051140475
2018-08-21,11.399194594282323
2018-08-22,11.23701674165007
2018-08-23,11.066430250123211
2018-08-24,10.63039917565644
2018-08-25,11.267533691323479
2018-08-26,10.670302897041209
2018-08-27,11.974981489698715
2018-08-28,11.49984215939608
2018-08-29,11.36047381967026
2018-08-30,12.13855446266246
2018-08-31,11.30510249024866
2018-09-01,10.842535804547644
2018-09-02,11.32613478722578
2018-09-03,10.71541241285746
2018-09-04,11.696837529338717
2018-09-05,10.925259067797752
2018-09-06,10.608970395217456
2018-09-07,10.36163461911844
2018-09-08,10.681105598643041
2018-09-09,11.201112369138572
2018-09-10,10.485932830412947
2018-09-11,11.44012309351407
2018-09-12,12.084107586722547
2018-09-13,11.91191225717553
2018-09-14,10.101884818406798
2018-09-15,11.590761160736779
2018-09-16,11.064775804977495
2018-09-17,10.984140120972235
2018-09-18,11.42360686564356
2018-09-19,11.064664118875841
2018-09-20,11.416940881516087
2018-09-21,10.868175004595635
2018-09-22,12.078228171863069
2018-09-23,10.805852088470715
2018-09-24,11.889780847016699
2018-09-25,12.149717310965949
2018-09-26,10.911192291565456
2018-09-27,11.349545434294734
2018-09-28,11.331932085078606
2018-09-29,10.978985362590537
2018-09-30,11.523958377016122
2018-10-01,10.000284241020188
2018-10-02,10.405288054188267
2018-10-03,10.799689619740825
2018-10-04,10.21977182620557
2018-10-05,10.424133398574233
2018-10-06,11.532366263757135
2018-10-07,11.474461810496877
2018-10-08,10.941401358008457
2018-10-09,10.996397490320724
2018-10-10,11.345542853935392
2018-10-11,10.473465209017977
2018-10-12,11.335564714589871
2018-10-13,11.035997789900529
2018-10-14,11.371836746260318
2018-10-15,10.42235685172685
2018-10-16,11.019528078357627
2018-10-17,10.60432782285784
2018-10-18,11.540220765419232
2018-10-19,11.135174732043701
2018-10-20,10.975406871021738
2018-10-21,10.729871232380068
2018-10-22,11.511376209442282
2018-10-23,10.320177332018657
2018-10-24,11.54813863061001
2018-10-25,9.665023156594678
2018-10-26,10.750384149146264
2018-10-27,10.82328847025799
2018-10-28,10.949782141118709
2018-10-29,10.139313372118316
2018-10-30,11.260249647083397
2018-10-31,10.799720339748838
2018-11-01,11.645178393453556
2018-11-02,10.966019977216396
2018-11-03,11.322958006634904
2018-11-04,10.931658365650055
2018-11-05,9.691685317772844
2018-11-06,11.082624954184611
2018-11-07,10.506790114099458
2018-11-08,11.016937125640517
2018-11-09,10.555043727875214
2018-11-10,11.488629282243084
2018-11-11,10.145923242780324
2018-11-12,10.275877143443836
2018-11-13,10.754133943087849
2018-11-14,10.8671229804171
2018-11-15,10.492774577220352
2018-11-16,10.39231320255832
2018-11-17,10.711260074239373
2018-11-18,10.883171419323284
2018-11-19,11.513954850843666
2018-11-20,10.682080680037066
2018-11-21,10.616228506211202
2018-11-22,11.382083142380855
2018-11-23,10.871929997933817
2018-11-24,11.350024103064136
2018-11-25,11.236953650849987
2018-11-26,10.761355608239008
2018-11-27,11.40266424325085
2018-11-28,11.06876054350822
2018-11-29,11.356256250508308
2018-11-30,10.531932433325661
2018-12-01,11.835307184340824
2018-12-02,11.003504402825763
2018-12-03,10.983663197408735
2018-12-04,11.15968434629208
2018-12-05,11.524238472259162
2018-12-06,11.850398220133314
2018-12-07,10.262454678508838
2018-12-08,11.456503657120868
2018-12-09,11.203119193808877
2018-12-10,10.662674703267507
2018-12-11,9.837537526834806
2018-12-12,12.005071901381225
2018-12-13,11.019447505588055
2018-12-14,11.500001294782587
2018-12-15,11.773445671225263
2018-12-16,11.830036818219318
2018-12-17,12.195270675271114
2018-12-18,10.77597545001708
2018-12-19,12.164376501625544
2018-12-20,11.121708879466546
2018-12-21,11.049380730459527
2018-12-22,11.260896180393106
2018-12-23,11.873713240267234
2018-12-24,11.287728764316547
2018-12-25,11.425212506447922
2018-12-26,12.15254574754269
2018-12-27,11.265629979922453
2018-12-28,11.76328448772935
2018-12-29,11.927187326168607
2018-12-30,12.104463521452573
2018-12-31,10.71873781743277
2019-01-01,11.771306033210335
2019-01-02,11.331472041536887
2019-01-03,11.341191925188266
2019-01-04,11.850948584337742
2019-01-05,12.245491265773008
2019-01-06,10.359111413820218
2019-01-07,10.470399764374392
2019-01-08,11.576114544976143
2019-01-09,11.927517614769355
2019-01-10,12.16271940761415
2019-01-11,11.560281556502897
2019-01-12,11.915735715369323
2019-01-13,12.470140813072527
2019-01-14,12.355706013344887
2019-01-15,11.485861070308868
2019-01-16,12.18326016410472
2019-01-17,11.817990493678256
2019-01-18,11.900820041300756
2019-01-19,11.958249335246592
2019-01-20,11.699323002717842
2019-01-21,11.841917732258345
2019-01-22,11.869931297220024
2019-01-23,11.35433015212333
2019-01-24,12.280811510337829
2019-01-25,11.190636946482648
2019-01-26,12.30072748105185
2019-01-27,12.087436865656766
2019-01-28,12.613890406510807
2019-01-29,12.41203296801602
2019-01-30,11.326737102453567
2019-01-31,11.622269831728334
2019-02-01,12.137831053995203
2019-02-02,13.431297899464498
2019-02-03,11.733289495976944
2019-02-04,12.973783863285787
2019-02-05,12.550278378773875
2019-02-06,12.753896910713179
2019-02-07,11.820208622857018
2019-02-08,12.653708258031418
2019-02-09,12.144847574494642
2019-02-10,12.628857678884964
2019-02-11,12.959605459330474
2019-02-12,12.885051434263742
2019-02-13,13.262057649850048
2019-02-14,12.309580178532237
2019-02-15,11.532286363060097
2019-02-16,11.834631847824822
2019-02-17,12.368902088046614
2019-02-18,11.930679290135604
2019-02-19,12.402451735525155
2019-02-20,12.396228571996588
2019-02-21,12.38387224751847
2019-02-22,12.326988389707838
2019-02-23,12.192129556177576
2019-02-24,13.095373115555093
2019-02-25,12.393307678395889
2019-02-26,12.142247896117526
2019-02-27,11.742232679997093
2019-02-28,12.665340935797692
2019-03-01,13.126038672442037
2019-03-02,11.953731816577053
2019-03-03,12.414922909145927
2019-03-04,12.367730796709962
2019-03-05,12.76960120051469
2019-03-06,12.627522058772161
2019-03-07,12.706425004155006
2019-03-08,12.229028905080947
2019-03-09,14.024833729600585
2019-03-10,13.551775498868873
2019-03-11,12.14487142413275
2019-03-12,12.829988381101638
2019-03-13,12.932949301323722
2019-03-14,13.76329530661933
2019-03-15,13.010458364908251
2019-03-16,13.244703666590366
2019-03-17,12.195850724529988
2019-03-18,12.928959076988606
2019-03-19,13.073184076287244
2019-03-20,13.305560371909852
2019-03-21,12.874755038034927
2019-03-22,12.627152655307679
2019-03-23,12.156766293936538
2019-03-24,13.122129980986783
2019-03-25,13.362977302677288
2019-03-26,12.382022651600062
2019-03-27,13.90431675972804
2019-03-28,13.067248633533586
2019-03-29,12.925526627944377
2019-03-30,12.565489452771141
2019-03-31,13.94851028734396
2019-04-01,12.463654783910147
2019-04-02,13.84812294513108
2019-04-03,13.225272327344886
2019-04-04,13.105120931204686
2019-04-05,12.06753254334567
2019-04-06,12.654958187001412
2019-04-07,12.96536507391427
2019-04-08,12.747945284051113
2019-04-09,12.736171415330245
2019-04-10,12.950985763778494
2019-04-11,12.679369031548676
2019-04-12,12.695056815287115
2019-04-13,13.755678155215186
2019-04-14,12.439334459155646
2019-04-15,13.392182908714
2019-04-16,13.138701481778268
2019-04-17,12.383359251318963
2019-04-18,12.565666944228868
2019-04-19,12.208861855845539
2019-04-20,14.298519198918312
2019-04-21,13.498948749606566
2019-04-22,12.8255585066106
2019-04-23,13.049291876749848
2019-04-24,13.4093257324056
2019-04-25,13.107013730322853
2019-04-26,14.261230254853121
2019-04-27,13.908701333104002
2019-04-28,13.274449546773855
2019-04-29,13.502129378415926
2019-04-30,13.59696132790714
2019-05-01,13.058796824967844
2019-05-02,13.740786628832915
2019-05-03,12.341818806105024
2019-05-04,12.735268235891347
2019-05-05,13.56664732922743
2019-05-06,12.908320729658968
2019-05-07,14.389338698346082
2019-05-08,13.033532511271243
2019-05-09,12.892142384760637
2019-05-10,13.426983955373533
2019-05-11,13.069814665589513
2019-05-12,13.674471385617977
2019-05-13,12.906590536707768
2019-05-14,13.501367708121492
2019-05-15,13.34693494388094
2019-05-16,13.681439817927023
2019-05-17,13.69574637105195
2019-05-18,13.58959725283294
2019-05-19,12.441963874064877
2019-05-20,13.063912590282184
2019-05-21,12.864222277110422
2019-05-22,12.887452899396393
2019-05-23,13.171856284486921
2019-05-24,13.658664034170151
2019-05-25,13.355492056782333
2019-05-26,13.320504976030314
2019-05-27,12.513532084409913
2019-05-28,12.7748695138266
2019-05-29,12.07669565713344
2019-05-30,12.569036040318263
2019-05-31,13.442914149680307
2019-06-01,13.655569940847268
2019-06-02,12.758713746573836
2019-06-03,13.455193357519175
2019-06-04,12.916800033033807
2019-06-05,12.706783019544789
2019-06-06,12.05805750093916
2019-06-07,13.097021030163921
2019-06-08,12.799172215489696
2019-06-09,12.566891314520536
2019-06-10,13.316383537916266
2019-06-11,12.006522251643979
2019-06-12,12.258854799069997
2019-06-13,12.712825954025366
2019-06-14,12.526226946642101
2019-06-15,11.656908807434402
2019-06-16,12.35417070298826
2019-06-17,12.571288104272622
2019-06-18,12.571714623317707
2019-06-19,12.259822156848902
2019-06-20,13.5689492835578
2019-06-21,12.357372318105458
2019-06-22,12.767428837660562
2019-06-23,13.384038869540095
2019-06-24,12.84800806416705
2019-06-25,13.462387093168866
2019-06-26,12.739412185791869
2019-06-27,12.322801362559064
2019-06-28,12.458241278882637
2019-06-29,12.22115584209376
2019-06-30,13.333752239115569
2019-07-01,12.28938181544344
2019-07-02,12.581468560577143
2019-07-03,13.264965387764635
2019-07-04,11.79403647849475
2019-07-05,12.553524760942466
2019-07-06,12.680566211124326
2019-07-07,12.936582153891589
2019-07-08,12.436909463751235
2019-07-09,12.231422162567874
2019-07-10,12.764907034368814
2019-07-11,12.504433688717826
2019-07-12,12.051498222980568
2019-07-13,12.527759308070996
2019-07-14,13.903949469669616
2019-07-15,11.935947244550638
2019-07-16,12.888847923360666
2019-07-17,11.619279478713192
2019-07-18,12.476438133525518
2019-07-19,12.142302199577912
2019-07-20,11.448217351668479
2019-07-21,12.310445213741842
2019-07-22,11.690474889422541
2019-07-23,12.074350158830999
2019-07-24,11.422756955601184
2019-07-25,12.490659745568497
2019-07-26,12.528977938876492
2019-07-27,11.95842649571888
2019-07-28,12.448464735696044
2019-07-29,12.349172320848268
2019-07-30,12.050679857388433
2019-07-31,11.672722591827602
2019-08-01,11.211783689865321
2019-08-02,12.462031625437673
2019-08-03,12.035310398102261
2019-08-04,11.65870491299044
2019-08-05,11.915928025946895
2019-08-06,10.89194540764426
2019-08-07,12.203037878648002
2019-08-08,11.669359661145618
2019-08-09,11.136636571995158
2019-08-10,11.512110553299305
2019-08-11,12.56501648284939
2019-08-12,11.321171941089812
2019-08-13,11.787753926722392
2019-08-14,11.791549277949407
2019-08-15,11.751876718471925
2019-08-16,10.790273039317348
2019-08-17,12.878120909111356
2019-08-18,11.692130606566563
2019-08-19,11.589350918384792
2019-08-20,11.828998186061781
2019-08-21,11.2441829756449
2019-08-22,11.097152951026752
2019-08-23,11.214634738718845
2019-08-24,12.87633947815626
2019-08-25,10.807289220317024
2019-08-26,11.6493733519938
2019-08-27,11.62179028915024
2019-08-28,11.312143758979802
2019-08-29,11.851396103987476
2019-08-30,11.63472878216473
2019-08-31,11.595798370052185
2019-09-01,11.510643853272102
2019-09-02,11.044361437197017
2019-09-03,11.07790007055591
2019-09-04,11.706933339786087
2019-09-05,10.860915646325033
2019-09-06,10.949372049692828
2019-09-07,11.096844714073471
2019-09-08,10.71780002568323
2019-09-09,11.584439815325496
2019-09-10,11.74551076786932
2019-09-11,10.956743890376963
2019-09-12,10.514920933771375
2019-09-13,10.852629930444898
2019-09-14,10.592394886269062
2019-09-15,11.151868862744072
2019-09-16,10.951725103895
2019-09-17,10.749754203233438
2019-09-18,11.247155394400082
2019-09-19,11.115620162482799
2019-09-20,10.434810948654485
2019-09-21,10.715823213656096
2019-09-22,10.557572675986146
2019-09-23,11.37737326698169
2019-09-24,11.202952412079096
2019-09-25,10.485199901137765
2019-09-26,10.497476231532026
2019-09-27,10.824345535285323
2019-09-28,10.678343964857902
2019-09-29,11.344137086950036
2019-09-30,11.080916201163639
2019-10-01,10.701431009086962
2019-10-02,11.326751722268336
2019-10-03,10.468580145097864
2019-10-04,11.370578629424143
2019-10-05,11.301243406393885
2019-10-06,10.89854013286694
2019-10-07,10.663578101281303
2019-10-08,10.923955568204407
2019-10-09,10.76335198044492
2019-10-10,11.178527951696587
2019-10-11,10.939690999178374
2019-10-12,10.737205506195545
2019-10-13,10.764260599308159
2019-10-14,10.164932259231358
2019-10-15,11.816472195385003
2019-10-16,10.744313595006957
2019-10-17,10.518819475328048
2019-10-18,9.996872658798276
2019-10-19,11.2973295378722
2019-10-20,11.575664796541933
2019-10-21,10.545997748543565
2019-10-22,10.996656382122707
2019-10-23,10.078171640079823
2019-10-24,11.267851600596911
2019-10-25,10.3331343656405
2019-10-26,9.748026229371854
2019-10-27,11.022765461246243
2019-10-28,11.663708926190512
2019-10-29,10.623255209384036
2019-10-30,10.945851259217035
2019-10-31,10.633070962606423
2019-11-01,11.092020389497112
2019-11-02,10.451554963198467
2019-11-03,11.275782822695586
2019-11-04,11.658382259338318
2019-11-05,10.594507454830486
2019-11-06,11.58512084256151
2019-11-07,11.002486399586317
2019-11-08,9.513614559931785
2019-11-09,10.806124962082174
2019-11-10,11.198332900688234
2019-11-11,11.016801314833497
2019-11-12,10.903545908599101
2019-11-13,10.919387569241184
2019-11-14,10.60201232873715
2019-11-15,10.81380348901848
2019-11-16,10.221341282440159
2019-11-17,10.815850127538033
2019-11-18,10.685107576762919
2019-11-19,10.98472442643337
2019-11-20,10.047249186619432
2019-11-21,11.219825341242052
2019-11-22,10.746016015710294
2019-11-23,11.373545599007254
2019-11-24,11.273387000918845
2019-11-25,10.692382579755796
2019-11-26,11.02287661786918
2019-11-27,11.042362071494223
2019-11-28,11.401988083402445
2019-11-29,10.553710880882296
2019-11-30,11.326953717941056
2019-12-01,11.208566733401879
2019-12-02,10.868810297096097
2019-12-03,11.46941884280729
2019-12-04,12.392978454044595
2019-12-05,10.797190311343073
2019-12-06,11.585470386805552
2019-12-07,11.276648672802082
2019-12-08,10.981876636400852
2019-12-09,10.768211744071431
2019-12-10,10.412606376352452
2019-12-11,10.95899024450721
2019-12-12,11.195623815126245
2019-12-13,11.609680061165282
2019-12-14,10.086368816131996
2019-12-15,10.131375335827848
2019-12-16,10.852421606764727
2019-12-17,11.411147465041012
2019-12-18,10.778720874587828
2019-12-19,11.426390834680893
2019-12-20,11.335722933011837
2019-12-21,10.548430792804773
2019-12-22,11.611802168134071
2019-12-23,11.311315202402403
2019-12-24,11.995473802621932
2019-12-25,11.978758261198722
2019-12-26,11.260017074998348
2019-12-27,11.295744311305098
2019-12-28,11.77215191343708
2019-12-29,11.145367167921709
2019-12-30,11.692373831100634
2019-12-31,12.124460366234455
2020-01-01,11.896825875029135
2020-01-02,11.557935975167249
2020-01-03,11.113554651722035
2020-01-04,12.307781931107678
2020-01-05,10.870904991177806
2020-01-06,11.036170694543493
2020-01-07,11.651951998174649
2020-01-08,10.621296357939965
2020-01-09,12.454753094354245
2020-01-10,10.456147975455877
2020-01-11,10.719545200943932
2020-01-12,11.566698711925891
2020-01-13,11.938474543339664
2020-01-14,12.78487384611577
2020-01-15,12.115866899754668
2020-01-16,11.326202866804522
2020-01-17,12.459144960686134
2020-01-18,11.902298407360336
2020-01-19,12.050734763723412
2020-01-20,12.253534336384536
2020-01-21,12.509552711489132
2020-01-22,12.236228803197424
2020-01-23,10.968527637053668
2020-01-24,12.923309692207749
2020-01-25,12.586871755788827
2020-01-26,11.838501581370146
2020-01-27,11.822805026001147
2020-01-28,11.829252859704567
2020-01-29,13.644675244134884
2020-01-30,11.06728727080993
2020-01-31,11.419999960852788
2020-02-01,12.056618208479323
2020-02-02,12.48856122794258
2020-02-03,12.243902860203606
2020-02-04,12.55218187980935
2020-02-05,11.97509233056095
2020-02-06,12.819608912731377
2020-02-07,12.919475369950776
2020-02-08,11.827146896352232
2020-02-09,12.863057278813606
2020-02-10,11.795737581068295
2020-02-11,12.052248616683928
2020-02-12,13.073574935259904
2020-02-13,12.301244422446972
2020-02-14,11.818444357197235
2020-02-15,12.74408985307995
2020-02-16,12.45755470642396
2020-02-17,12.310577464646165
2020-02-18,12.172801567783415
2020-02-19,11.278193756261595
2020-02-20,12.242664866047019
2020-02-21,13.643345573921156
2020-02-22,12.76780917986991
2020-02-23,11.323124374482093
2020-02-24,12.325680567146872
2020-02-25,11.786815669102456
2020-02-26,12.285078646373133
2020-02-27,12.497537498231459
2020-02-28,12.686955160354987
2020-02-29,13.214587584923711
2020-03-01,13.710669110521323
2020-03-02,13.425043407907966
2020-03-03,12.065155169606646
2020-03-04,13.505231611247288
2020-03-05,12.37637218164048
2020-03-06,12.559394967555589
2020-03-07,13.392947477095952
2020-03-08,12.851751308834524
2020-03-09,13.272903871895114
2020-03-10,13.455992520149437
2020-03-11,13.170333689922742
2020-03-12,13.743494849972286
2020-03-13,11.913205245498528
2020-03-14,13.858065214628898
2020-03-15,13.173111945076322
2020-03-16,13.110584849854975
2020-03-17,12.356787949922337
2020-03-18,12.28505990833085
2020-03-19,12.587480185876155
2020-03-20,12.848769284257143
2020-03-21,13.466396440365692
2020-03-22,14.076088198553249
2020-03-23,12.302182933580351
2020-03-24,13.080697410635167
2020-03-25,12.611771274671518
2020-03-26,12.572316581740338
2020-03-27,12.973956579105137
2020-03-28,12.301490184192852
2020-03-29,13.403009925959061
2020-03-30,12.488015098994332
2020-03-31,13.034752232288973
2020-04-01,13.86449222327916
2020-04-02,12.961742085030783
2020-04-03,12.708259643212465
2020-04-04,12.863629458376975
2020-04-05,13.788444807681895
2020-04-06,13.82908278341157
2020-04-07,12.226776497387895
2020-04-08,12.727437728966557
2020-04-09,12.881273020687916
2020-04-10,12.36560009683688
2020-04-11,12.844937377355842
2020-04-12,13.170900510835299
2020-04-13,12.926116127538581
2020-04-14,13.562743601377688
2020-04-15,13.054059839963116
2020-04-16,13.520330594187815
2020-04-17,13.080385329840261
2020-04-18,12.604751821436308
2020-04-19,13.587194191517588
2020-04-20,13.21003536522147
2020-04-21,13.107565986816166
2020-04-22,12.99386529895714
2020-04-23,12.48096235903375
2020-04-24,12.867077394096427
2020-04-25,13.734304828095558
2020-04-26,13.685860596275988
2020-04-27,13.663453772375465
2020-04-28,14.170437907551538
2020-04-29,12.649277202094442
2020-04-30,13.218110387136631
2020-05-01,13.042845243086395
2020-05-02,12.335343289871808
2020-05-03,13.445864453798912
2020-05-04,12.55307296232644
2020-05-05,13.18623434378584
2020-05-06,13.740002709959853
2020-05-07,13.726947382715595
2020-05-08,12.223364795209305
2020-05-09,13.289996634766425
2020-05-10,12.626066065992275
2020-05-11,13.881710204920369
2020-05-12,12.98475412903799
2020-05-13,12.913051815124753
2020-05-14,13.837582952173188
2020-05-15,13.572777822761962
2020-05-16,13.01806882932346
2020-05-17,12.396777594519584
2020-05-18,13.745662078577672
2020-05-19,12.441663326957466
2020-05-20,13.840406857137442
2020-05-21,13.38567195048128
2020-05-22,13.092504570408668
2020-05-23,13.309522668966753
2020-05-24,13.422515390287716
2020-05-25,13.74334443963282
2020-05-26,12.174584053873708
2020-05-27,13.805042279750063
2020-05-28,12.736915312524527
2020-05-29,13.456139589224119
2020-05-30,13.757528440892882
2020-05-31,13.28240493579908
2020-06-01,13.242831569605666
2020-06-02,12.69166083718974
2020-06-03,13.833236343605698
2020-06-04,12.554663757018789
2020-06-05,12.81651323221628
2020-06-06,13.229642966114257
2020-06-07,12.593723777646735
2020-06-08,13.707166372240561
2020-06-09,12.958741298192477
2020-06-10,13.485547458754827
2020-06-11,12.453804682449228
2020-06-12,12.572961715014031
2020-06-13,11.776870419453857
2020-06-14,12.611448541770441
2020-06-15,12.20100860921448
2020-06-16,13.428549872749722
2020-06-17,11.827561094201238
2020-06-18,12.703514133365
2020-06-19,12.339597483258414
2020-06-20,12.134780586276671
2020-06-21,12.939119020433294
2020-06-22,12.922721957033046
2020-06-23,12.213956007143317
2020-06-24,13.224909588079024
2020-06-25,11.909065526254661
2020-06-26,12.981071937030327
2020-06-27,13.162662419733538
2020-06-28,13.031372290431849
2020-06-29,12.003688689531176
2020-06-30,13.09718565015595
2020-07-01,13.037515017180281
2020-07-02,12.918420181500828
2020-07-03,12.90560372714991
2020-07-04,13.222379933303015
2020-07-05,13.1920014441825
2020-07-06,11.589013894437992
2020-07-07,12.938462080926902
2020-07-08,12.529572730117575
2020-07-09,12.100496051259798
2020-07-10,12.555792477436823
2020-07-11,12.104736403410657
2020-07-12,12.052086726795485
2020-07-13,12.319990147800928
2020-07-14,12.481874550478489
2020-07-15,11.882544149339237
2020-07-16,11.819113786606872
2020-07-17,11.900014827757174
2020-07-18,12.962799749210618
2020-07-19,12.108941262884192
2020-07-20,11.492988687514153
2020-07-21,12.390768000467496
2020-07-22,11.719128758953772
2020-07-23,12.160003425799719
2020-07-24,12.32479287233332
2020-07-25,11.923921961187094
2020-07-26,11.879243824120248
2020-07-27,12.09912568954806
2020-07-28,11.046578941097692
2020-07-29,12.23938522929737
2020-07-30,12.23215000492105
2020-07-31,11.678090848990722
2020-08-01,11.884224995435662
2020-08-02,12.075590094656105
2020-08-03,12.273101018171786
2020-08-04,12.310914950538073
2020-08-05,12.016558193717866
2020-08-06,11.608603495319917
2020-08-07,12.394372084550431
2020-08-08,10.317609315215927
2020-08-09,12.490568142224168
2020-08-10,11.661513710569956
2020-08-11,10.485537059404392
2020-08-12,11.909178484066016
2020-08-13,11.56041441311365
2020-08-14,11.372896730590622
2020-08-15,12.216761111364212
2020-08-16,12.878304544079953
2020-08-17,11.41155819871071
2020-08-18,11.683815037991799
2020-08-19,12.488014362825403
2020-08-20,11.887320907796282
2020-08-21,10.831864801031104
2020-08-22,10.881737357881667
2020-08-23,11.420168766959106
2020-08-24,11.432730537654006
2020-08-25,11.875663625907713
2020-08-26,11.487304163783168
2020-08-27,10.034893563820404
2020-08-28,11.341019818086073
2020-08-29,12.677988914390584
2020-08-30,10.873077308194752
2020-08-31,11.34772380767949
2020-09-01,12.320419882006297
2020-09-02,11.155232214373124
2020-09-03,10.878482146194983
2020-09-04,11.156847629907793
2020-09-05,12.314016078178327
2020-09-06,11.339024353282136
2020-09-07,11.367031717665135
2020-09-08,11.564928067465237
2020-09-09,11.993689808531105
2020-09-10,10.693339205081537
2020-09-11,10.490860375110435
2020-09-12,11.085622768874511
2020-09-13,11.65616481683519
2020-09-14,10.741931511675869
2020-09-15,11.735490022823377
2020-09-16,11.62960221230125
2020-09-17,11.712091746934634
2020-09-18,11.822832527109641
2020-09-19,10.92564884933725
2020-09-20,10.885262204379602
2020-09-21,10.909639911126582
2020-09-22,10.564745243601212
2020-09-23,10.239385683367336
2020-09-24,10.740257024277783
2020-09-25,11.01042305359978
2020-09-26,10.91025948129914
2020-09-27,10.909317590381859
2020-09-28,10.740946466648982
2020-09-29,10.36197979882154
2020-09-30,10.69704272945264
2020-10-01,10.684116860152082
2020-10-02,11.024181186508669
2020-10-03,10.672222625281226
2020-10-04,10.307355554922891
2020-10-05,10.969377380151535
2020-10-06,10.01331654218459
2020-10-07,10.56143600034812
2020-10-08,11.476331911587799
2020-10-09,11.062676334092467
2020-10-10,11.559650025303146
2020-10-11,11.51465228431963
2020-10-12,10.307928084876345
2020-10-13,10.35767794961872
2020-10-14,10.9145942878894
2020-10-15,11.098551865871023
2020-10-16,10.311208599493446
2020-10-17,11.168106484254768
2020-10-18,10.614522311883762
2020-10-19,11.114166081016078
2020-10-20,11.493985942511054
2020-10-21,10.18453758212244
2020-10-22,11.151255288406064
2020-10-23,10.402761796925544
2020-10-24,10.688696244547042
2020-10-25,11.618586378477948
2020-10-26,11.628609723863647
2020-10-27,11.735593106060488
2020-10-28,10.374811257144364
2020-10-29,11.787193357530501
2020-10-30,10.213000498267123
2020-10-31,10.057289775394773
2020-11-01,10.66528161440057
2020-11-02,10.35269394386011
2020-11-03,10.864857007407556
2020-11-04,11.668163882721098
2020-11-05,11.668837982400824
2020-11-06,10.214272229800201
2020-11-07,11.016425918871091
2020-11-08,10.890598454762172
2020-11-09,10.988862474222103
2020-11-10,10.54576600324417
2020-11-11,10.947978935865976
2020-11-12,10.917206699505831
2020-11-13,10.074497707226698
2020-11-14,10.835330797771311
2020-11-15,11.65988142086893
2020-11-16,11.504472495965972
2020-11-17,10.44904778347506
2020-11-18,11.219986360865548
2020-11-19,10.893864731944271
2020-11-20,11.042427542835497
2020-11-21,10.943121719750394
2020-11-22,11.24884421873999
2020-11-23,10.862225465575271
2020-11-24,10.505853536408495
2020-11-25,11.344295459698367
2020-11-26,10.698094105927252
2020-11-27,10.786473055654945
2020-11-28,10.633163308783915
2020-11-29,10.619195865086567
2020-11-30,12.349056652872077
2020-12-01,11.227977650326926
2020-12-02,11.419555530934613
2020-12-03,10.541393736536333
2020-12-04,10.951711744533176
2020-12-05,11.063503238788197
2020-12-06,10.61496402252391
2020-12-07,11.558244611147916
2020-12-08,10.970156169844103
2020-12-09,11.538651778730943
2020-12-10,11.606770055537952
2020-12-11,11.039447994742972
2020-12-12,11.425486269883715
2020-12-13,10.58538049701275
2020-12-14,11.324697282592505
2020-12-15,11.068129835489193
2020-12-16,11.234077766313954
2020-12-17,12.425221115528483
2020-12-18,11.720410884208123
2020-12-19,10.852062050233659
2020-12-20,11.387607680827989
2020-12-21,10.887175432002245
2020-12-22,12.019175441351313
2020-12-23,10.177971946634456
2020-12-24,11.433420802954647
2020-12-25,11.44075643902354
2020-12-26,11.625820077528815
2020-12-27,10.527089083977588
2020-12-28,12.17940633442619
2020-12-29,11.741689415032003
2020-12-30,11.667742500905598
2020-12-31,12.08094320655773
2021-01-01,11.438056304641872
2021-01-02,11.156924942771308
2021-01-03,11.766978089715211
2021-01-04,12.417951940908937
2021-01-05,10.804851031442553
2021-01-06,12.28314748124798
2021-01-07,12.467176799799207
2021-01-08,11.007866673623882
2021-01-09,11.774589781377164
2021-01-10,12.029535959886354
2021-01-11,11.134257836115815
2021-01-12,10.74947832239045
2021-01-13,11.995727290124481
2021-01-14,11.355752536158278
2021-01-15,12.472895356571934
2021-01-16,11.378240135103402
2021-01-17,11.984031289747852
2021-01-18,11.087856143068537
2021-01-19,12.068668042486365
2021-01-20,11.853068986036538
2021-01-21,11.613900770414043
2021-01-22,11.350467783475624
2021-01-23,11.306655658086148
2021-01-24,12.693587975664245
2021-01-25,12.078965216744043
2021-01-26,12.120104759642702
2021-01-27,11.646644009282488
2021-01-28,11.580677732182624
2021-01-29,13.156508894148057
2021-01-30,12.78670026881139
2021-01-31,11.68786224899348
2021-02-01,12.460238492763875
2021-02-02,12.626230663568634
2021-02-03,12.126857071647285
2021-02-04,13.941416037724366
2021-02-05,12.286801842723523
2021-02-06,12.682887547130635
2021-02-07,11.936689099060839
2021-02-08,13.01438978693156
2021-02-09,12.229315088614225
2021-02-10,11.64343267963707
2021-02-11,12.271489697353802
2021-02-12,11.735707321807702
2021-02-13,12.644985335805053
2021-02-14,11.679696236646947
2021-02-15,12.229975170085044
2021-02-16,12.674862254085172
2021-02-17,12.039548932775297
2021-02-18,12.594756266881747
2021-02-19,12.088599888925577
2021-02-20,12.446556538578518
2021-02-21,12.573989003599976
2021-02-22,12.07498930473488
2021-02-23,12.328448556369802
2021-02-24,13.563956049536415
2021-02-25,12.563594766626228
2021-02-26,12.78428880515768
2021-02-27,12.596675583596397
2021-02-28,12.985242532840074
2021-03-01,13.36443054166624
2021-03-02,12.41150875611239
2021-03-03,12.93275633380394
2021-03-04,12.965912892330211
2021-03-05,12.481703196758266
2021-03-06,12.949594770317331
2021-03-07,13.646759847498496
2021-03-08,13.501469430783203
2021-03-09,12.863210270648558
2021-03-10,13.079426725306664
2021-03-11,12.91338747731064
2021-03-12,12.770707455486033
2021-03-13,12.585696027382118
2021-03-14,12.834147650407942
2021-03-15,13.259785962519082
2021-03-16,12.501092268872585
2021-03-17,13.285077871649948
2021-03-18,13.198338646940377
2021-03-19,13.551318160289986
2021-03-20,11.796354117955575
2021-03-21,13.367931576264601
2021-03-22,12.990177682501914
2021-03-23,12.665669796233367
2021-03-24,13.712210819040509
2021-03-25,13.658997594569867
2021-03-26,13.863684977367775
2021-03-27,13.154538024066335
2021-03-28,12.905131116929235
2021-03-29,12.772902235828646
2021-03-30,12.665685357434807
2021-03-31,13.25701727761628
2021-04-01,13.355238573390393
2021-04-02,13.364472326795417
2021-04-03,13.927545838397192
2021-04-04,11.925676880409586
2021-04-05,13.195779591182413
2021-04-06,12.856454624609515
2021-04-07,13.426838920323528
2021-04-08,12.844190079162216
2021-04-09,12.753221611125003
2021-04-10,13.058168120313121
2021-04-11,12.942233362742094
2021-04-12,13.061081254992024
2021-04-13,14.09242080944702
2021-04-14,12.302204534271338
2021-04-15,13.079317176134769
2021-04-16,12.578164827073152
2021-04-17,12.48610184026553
2021-04-18,13.689497568827608
2021-04-19,12.727421125636173
2021-04-20,13.04889179954769
2021-04-21,13.605939146611016
2021-04-22,13.170227920441757
2021-04-23,13.305333754672931
2021-04-24,13.2344061937738
2021-04-25,12.769742027257202
2021-04-26,14.339826562758848
2021-04-27,13.732028629504697
2021-04-28,13.398741801941107
2021-04-29,12.79097580232141
2021-04-30,13.724641898470033
2021-05-01,13.378559332212575
2021-05-02,12.46449536072635
2021-05-03,12.784053613653773
2021-05-04,11.660093500241107
2021-05-05,14.48738455589399
2021-05-06,12.73929965323931
2021-05-07,12.64888029724489
2021-05-08,12.47617505181646
2021-05-09,13.52776941408589
2021-05-10,13.037873293314064
2021-05-11,12.82542440365145
2021-05-12,12.907971527120555
2021-05-13,12.57783074332799
2021-05-14,12.661715534896878
2021-05-15,13.952468475232193
2021-05-16,13.336453428150081
2021-05-17,13.52431792720972
2021-05-18,13.320004874544892
2021-05-19,12.569896670594362
2021-05-20,13.639679090426007
2021-05-21,11.788616344461769
2021-05-22,13.051584088868681
2021-05-23,13.066645562439193
2021-05-24,13.306203166815049
2021-05-25,13.621846212441959
2021-05-26,13.038715607304715
2021-05-27,12.650383605912928
2021-05-28,13.056082734225443
2021-05-29,12.627366433750908
2021-05-30,12.87318262918322
2021-05-31,12.966337585034887
2021-06-01,12.757394459861741
2021-06-02,12.105560485314715
2021-06-03,13.690931077599124
2021-06-04,13.045232372809416
2021-06-05,12.781067821048333
2021-06-06,13.24610213771789
2021-06-07,13.195544918816912
2021-06-08,12.345162285506056
2021-06-09,13.116201588427083
2021-06-10,12.774136754898048
2021-06-11,12.953726430469606
2021-06-12,12.554560549052873
2021-06-13,12.682447599037303
2021-06-14,11.768806387866036
2021-06-15,11.855071821130608
2021-06-16,13.722829644527744
2021-06-17,13.095354119343774
2021-06-18,12.79195924641732
2021-06-19,12.381335946746974
2021-06-20,12.887421462562237
2021-06-21,12.888961821543662
2021-06-22,12.762612369127334
2021-06-23,13.673789433897728
2021-06-24,12.745435924536597
2021-06-25,12.838674965554016
2021-06-26,12.936363089451408
2021-06-27,12.753337266642005
2021-06-28,11.602259572327231
2021-06-29,12.706669131178229
2021-06-30,12.823045553412266
2021-07-01,12.954500192326199
2021-07-02,12.198150365312351
2021-07-03,12.347230630419395
2021-07-04,12.2003465194495
2021-07-05,12.984463492394138
2021-07-06,13.0542339142217
2021-07-07,12.179079109476763
2021-07-08,11.977495340949682
2021-07-09,12.15267569454473
2021-07-10,12.567675654489117
2021-07-11,11.919393926578113
2021-07-12,12.40182810920638
2021-07-13,11.458730239750404
2021-07-14,12.558777164206688
2021-07-15,12.203263456173582
2021-07-16,12.459545065496174
2021-07-17,12.606332912275933
2021-07-18,12.37910290923101
2021-07-19,11.816295742594882
2021-07-20,12.30915363735181
2021-07-21,11.454028375583048
2021-07-22,11.839391977576263
2021-07-23,12.480851043476006
2021-07-24,11.819126382621027
2021-07-25,12.564288969334976
2021-07-26,12.468822203910403
2021-07-27,10.745903145290498
2021-07-28,12.510607799437807
2021-07-29,11.872459342051439
2021-07-30,11.755008367660027
2021-07-31,12.568248329926229
2021-08-01,12.017447459519293
2021-08-02,12.59369926651668
2021-08-03,12.045987237111552
2021-08-04,12.481806936943096
2021-08-05,11.246832688198188
2021-08-06,11.09220391484081
2021-08-07,11.380864398110264
2021-08-08,12.753103764116034
2021-08-09,12.297496997918293
2021-08-10,12.247305677580838
2021-08-11,12.088412101660408
2021-08-12,11.357556980707436
2021-08-13,10.922492247307163
2021-08-14,12.34618099536946
2021-08-15,11.389861141856409
2021-08-16,11.106217063912036
2021-08-17,11.273161929356283
2021-08-18,10.18089914500263
2021-08-19,11.812954186850645
2021-08-20,10.439690564683982
2021-08-21,11.313963901555773
2021-08-22,11.61531512656052
2021-08-23,11.433528744658537
2021-08-24,11.533707976090419
2021-08-25,11.613804297441106
2021-08-26,11.437877448755518
2021-08-27,11.778043886646596
2021-08-28,11.012615633807927
2021-08-29,11.16364921882029
2021-08-30,10.960696812084084
2021-08-31,10.463862897070447
2021-09-01,10.554841324592791
2021-09-02,12.22172750386168
2021-09-03,10.978899005497542
2021-09-04,11.66996229116336
2021-09-05,10.945706883631674
2021-09-06,10.971223688754598
2021-09-07,11.430487607675047
2021-09-08,11.268684942585663
2021-09-09,11.880821522323167
2021-09-10,11.14470455840574
2021-09-11,10.115514004518992
2021-09-12,11.090340272135887
2021-09-13,11.651314247842645
2021-09-14,11.64491823163839
2021-09-15,11.933406558441698
2021-09-16,11.860637963923173
2021-09-17,11.09280374982744
2021-09-18,11.5894874964723
2021-09-19,10.194637767508421
2021-09-20,11.070299200410343
2021-09-21,11.130501382797755
2021-09-22,11.523393968154501
2021-09-23,10.860976873442155
2021-09-24,11.012803492819637
2021-09-25,10.500364247057307
2021-09-26,10.610490282637116
2021-09-27,11.138633933184664
2021-09-28,11.047377641669524
2021-09-29,10.998856960324787
2021-09-30,10.873273212119026
2021-10-01,11.206850724915698
2021-10-02,10.728257450338566
2021-10-03,11.633608468481233
2021-10-04,10.417869758455634
2021-10-05,9.762146911792223
2021-10-06,10.390162117932425
2021-10-07,11.86170236470609
2021-10-08,10.504090060260362
2021-10-09,11.191065223919384
2021-10-10,10.605580686679028
2021-10-11,11.145560222878693
2021-10-12,10.304198793597877
2021-10-13,10.017182987094007
2021-10-14,11.469585838343528
2021-10-15,10.964044783485585
2021-10-16,10.375529231520952
2021-10-17,11.065030817267358
2021-10-18,10.73692163803982
2021-10-19,10.97851677070828
2021-10-20,10.425869064450598
2021-10-21,11.44321488598338
2021-10-22,10.43969712034141
2021-10-23,10.359881045263236
2021-10-24,10.630780799242244
2021-10-25,11.237763107941287
2021-10-26,11.061607757268856
2021-10-27,11.068215204520328
2021-10-28,11.181418864497884
2021-10-29,9.813332077830458
2021-10-30,11.61027833866506
2021-10-31,10.507014982601317
2021-11-01,10.525429451689769
2021-11-02,10.372213803699259
2021-11-03,11.382307293008141
2021-11-04,11.600759519959912
2021-11-05,10.164471998640115
2021-11-06,10.423555026638748
2021-11-07,11.44502451499945
2021-11-08,10.29997498836322
2021-11-09,9.55092083993958
2021-11-10,10.852399402036689
2021-11-11,9.822903328682239
2021-11-12,10.831545464134894
2021-11-13,11.24213217563079
2021-11-14,11.579361691325891
2021-11-15,10.504783727418646
2021-11-16,10.990459782346088
2021-11-17,10.719613228836359
2021-11-18,11.154181095108132
2021-11-19,10.70492697505778
2021-11-20,10.636992342068403
2021-11-21,11.648135427959021
2021-11-22,11.120576086851123
2021-11-23,10.027675691536947
2021-11-24,10.339604934112971
2021-11-25,10.358229909161308
2021-11-26,11.512247475554094
2021-11-27,11.364298145597598
2021-11-28,10.930989014498671
2021-11-29,10.798431824664158
2021-11-30,11.369842767761645
2021-12-01,10.764132384362622
2021-12-02,10.797769140456762
2021-12-03,11.346659610894104
2021-12-04,11.803213306818412
2021-12-05,11.189664671275704
2021-12-06,11.196755579230386
2021-12-07,10.461500221193551
2021-12-08,11.14734967470257
2021-12-09,11.144813364367947
2021-12-10,10.584532308243173
2021-12-11,11.154894998974402
2021-12-12,11.194848622020931
2021-12-13,10.771032491701469
2021-12-14,10.647312573932442
2021-12-15,11.90144772426383
2021-12-16,10.060616379380535
2021-12-17,10.696608711859453
2021-12-18,12.154996710352478
2021-12-19,10.42263602455268
2021-12-20,10.994484269241136
2021-12-21,12.03907427084625
2021-12-22,10.727305181613502
2021-12-23,10.45399131478488
2021-12-24,11.478390123407078
2021-12-25,11.429546853196454
2021-12-26,11.207442339031601
2021-12-27,11.142153020614
2021-12-28,10.66622753890446
2021-12-29,11.274380738058706
2021-12-30,11.58384709980642
2021-12-31,11.193917341201363
2022-01-01,12.01984263340685
2022-01-02,11.041499967551902
2022-01-03,11.860022022209302
2022-01-04,11.589824256626706
2022-01-05,11.77786517107341
2022-01-06,11.532324130319257
2022-01-07,11.516184474204712
2022-01-08,11.306235000108273
2022-01-09,11.494704327378352
2022-01-10,11.949435255643973
2022-01-11,10.139387869125034
2022-01-12,10.982068195318883
2022-01-13,12.485353524925221
2022-01-14,12.369950173175804
2022-01-15,12.766493615810166
2022-01-16,12.069846218334208
2022-01-17,13.35049476809561
2022-01-18,12.21792496160677
2022-01-19,12.326014360989321
2022-01-20,11.498780853349395
2022-01-21,12.546368876585884
2022-01-22,11.916811509792531
2022-01-23,11.796230193999074
2022-01-24,11.529988879190551
2022-01-25,11.56070674553977
2022-01-26,11.881318169432053
2022-01-27,12.296885353577492
2022-01-28,11.527958510915326
2022-01-29,12.691137739710939
2022-01-30,12.766208637915994
2022-01-31,12.07892568121789
2022-02-01,11.108205576542098
2022-02-02,12.687962224994443
2022-02-03,11.686039538637656
2022-02-04,13.085917539033332
2022-02-05,11.701771718863156
2022-02-06,11.680125364182455
2022-02-07,12.069267118799095
2022-02-08,12.13115517447457
2022-02-09,12.38405470522206
2022-02-10,12.628412475795646
2022-02-11,12.28555511587093
2022-02-12,12.595949104776112
2022-02-13,13.375713554403145
2022-02-14,13.152250693182452
2022-02-15,12.051860500741572
2022-02-16,12.860273810005665
2022-02-17,12.571653516121932
2022-02-18,12.650607150917708
2022-02-19,12.45570357436542
2022-02-20,12.409826485111244
2022-02-21,12.746609028147486
2022-02-22,12.424340001280436
2022-02-23,12.187174626884493
2022-02-24,13.19488082609128
2022-02-25,11.796488190706274
2022-02-26,12.955455491623496
2022-02-27,12.269343681136824
2022-02-28,12.29324054046785
2022-03-01,12.139575452984493
2022-03-02,12.80361299307296
2022-03-03,13.215929917791302
2022-03-04,12.860348078469388
2022-03-05,11.750076105412361
2022-03-06,12.791049321746245
2022-03-07,13.036363978266591
2022-03-08,13.791503738861245
2022-03-09,12.282630904542174
2022-03-10,12.592439322705427
2022-03-11,12.453003456895207
2022-03-12,12.764344862622622
2022-03-13,12.475960349492818
2022-03-14,13.322015379407171
2022-03-15,12.569615989808442
2022-03-16,13.206018167916236
2022-03-17,12.654818295389124
2022-03-18,13.744565589739198
2022-03-19,12.207995951093082
2022-03-20,14.242947086632638
2022-03-21,12.44291513075157
2022-03-22,12.50885194413885
2022-03-23,13.160139691330428
2022-03-24,13.652475668760296
2022-03-25,11.803920170717262
2022-03-26,13.08401786492931
2022-03-27,13.494427782569018
2022-03-28,13.351974682098293
2022-03-29,11.815690489255216
2022-03-30,12.53676484936404
2022-03-31,12.447079679879476
2022-04-01,12.813144621605197
2022-04-02,12.736907946045648
2022-04-03,13.812261941178399
2022-04-04,13.529732484724041
2022-04-05,13.366430042175384
2022-04-06,14.038700597450346
2022-04-07,13.674652424906713
2022-04-08,14.15699190936009
2022-04-09,13.437681658911277
2022-04-10,12.314055331922452
2022-04-11,12.469917843632862
2022-04-12,12.938091437728081
2022-04-13,13.556123043159156
2022-04-14,13.753167471365087
2022-04-15,14.161173911929875
2022-04-16,14.2894965354938
2022-04-17,13.60205911719031
2022-04-18,13.28226319712884
2022-04-19,13.8556053591587
2022-04-20,12.501447683701452
2022-04-21,13.299572588637988
2022-04-22,13.488592476431464
2022-04-23,12.550675782147053
2022-04-24,13.304113407392986
2022-04-25,12.976676476038804
2022-04-26,13.186839198254683
2022-04-27,13.059454486515282
2022-04-28,13.472246447507372
2022-04-29,12.70077610597982
2022-04-30,13.226624886288242
2022-05-01,13.236686056942885
2022-05-02,13.349210395069871
2022-05-03,13.30084008218731
2022-05-04,13.09480742305468
2022-05-05,12.805581876911926
2022-05-06,12.88881846775324
2022-05-07,13.951837623506293
2022-05-08,13.529826702517116
2022-05-09,13.634474533976308
2022-05-10,13.161986887420005
2022-05-11,13.535414368499808
2022-05-12,12.858468986859718
2022-05-13,13.79399744722075
2022-05-14,13.892900702702104
2022-05-15,13.358737217055067
2022-05-16,13.377819916085123
2022-05-17,12.546065514369781
2022-05-18,12.902066383873606
2022-05-19,12.92710529756991
2022-05-20,12.76045911371273
2022-05-21,13.10500365693812
2022-05-22,13.193334881004626
2022-05-23,13.023572112675673
2022-05-24,13.155773188902637
2022-05-25,13.361173917197938
2022-05-26,14.052083433684107
2022-05-27,12.02064797459968
2022-05-28,13.39668729512415
2022-05-29,12.457069263671212
2022-05-30,13.762728746341088
2022-05-31,12.602289200737088
2022-06-01,12.894894518511236
2022-06-02,13.208044082901809
2022-06-03,12.687981456087527
2022-06-04,12.300606539567136
2022-06-05,12.53611229489467
2022-06-06,13.540474379853604
2022-06-07,11.317118751828167
2022-06-08,11.844426816424818
2022-06-09,12.592316639299714
2022-06-10,12.843457494624234
2022-06-11,12.990326743061155
2022-06-12,13.466087887731886
2022-06-13,12.236078628542177
2022-06-14,12.704509818138808
2022-06-15,13.673609940709582
2022-06-16,12.570363224392713
2022-06-17,12.630844177396163
2022-06-18,12.386560443396526
2022-06-19,12.333489297842842
2022-06-20,12.75621864409041
2022-06-21,12.839510963557432
2022-06-22,13.75860273924618
2022-06-23,12.828782847061909
2022-06-24,12.942074343186455
2022-06-25,12.85912858044987
2022-06-26,12.557183095091137
2022-06-27,12.862734542905837
2022-06-28,12.363067794713608
2022-06-29,12.539782887621092
2022-06-30,12.525597174712901
2022-07-01,11.964774692436036
2022-07-02,12.30624076911435
2022-07-03,12.205434750145502
2022-07-04,12.738554545273088
2022-07-05,12.123847604750594
2022-07-06,12.568225277351816
2022-07-07,11.61197694752247
2022-07-08,12.388234080960267
2022-07-09,11.582011772452473
2022-07-10,11.179431715938199
2022-07-11,12.451913885555332
2022-07-12,13.613778810369926
2022-07-13,11.966140992534923
2022-07-14,12.349636995851295
2022-07-15,11.999647846569719
2022-07-16,12.039612274155322
2022-07-17,12.204030619062776
2022-07-18,12.29953959162845
2022-07-19,13.007561500589912
2022-07-20,13.011110497093432
2022-07-21,12.43108307596895
2022-07-22,11.642023826062859
2022-07-23,11.717819412370504
2022-07-24,12.201758930540597
2022-07-25,12.17952468184974
2022-07-26,11.619223392441675
2022-07-27,11.847999904075639
2022-07-28,10.947883441338695
2022-07-29,12.715859534767858
2022-07-30,12.609578645871593
2022-07-31,12.24627703896484
2022-08-01,12.564831459686738
2022-08-02,11.710252821301006
2022-08-03,11.670869142263825
2022-08-04,11.6922519471331
2022-08-05,11.28686146624889
2022-08-06,11.866099067660313
2022-08-07,11.608685045600325
2022-08-08,11.08309463940068
2022-08-09,11.259782333445981
2022-08-10,11.660996846053967
2022-08-11,11.220282485062896
2022-08-12,12.652357145131365
2022-08-13,12.316416164987425
2022-08-14,11.447298306331147
2022-08-15,11.317292615980174
2022-08-16,11.510064039623554
2022-08-17,11.03063720789156
2022-08-18,12.119774485599466
2022-08-19,10.158125247586792
2022-08-20,11.46115589192998
2022-08-21,11.755504887462493
2022-08-22,11.371648724495076
2022-08-23,10.927358281660757
2022-08-24,10.653413114414246
2022-08-25,11.385749197089837
2022-08-26,11.853177525048585
2022-08-27,11.22648798412635
2022-08-28,11.542103097503851
2022-08-29,9.939680295397995
2022-08-30,11.431976483184147
2022-08-31,11.569151934133453
2022-09-01,11.821404591076938
2022-09-02,12.347147123880871
2022-09-03,11.522991353282237
2022-09-04,10.789272429637924
2022-09-05,10.989482999695534
2022-09-06,10.775148776104864
2022-09-07,11.118229957446758
2022-09-08,11.092567757693322
2022-09-09,10.846206161092933
2022-09-10,11.586002835721304
2022-09-11,10.718584728117435
2022-09-12,11.407622901195621
2022-09-13,11.355757289583693
2022-09-14,12.127176981545766
2022-09-15,11.174850931538101
2022-09-16,10.657373002978604
2022-09-17,11.822410250212751
2022-09-18,11.208326210914903
2022-09-19,10.802284318602062
2022-09-20,11.346348414718587
2022-09-21,10.364791017104432
2022-09-22,11.11682458201228
2022-09-23,10.878475221518444
2022-09-24,11.642859327242538
2022-09-25,10.388356575597099
2022-09-26,9.980151305847187
2022-09-27,10.652146384386512
2022-09-28,10.718447268490694
2022-09-29,10.320719063533264
2022-09-30,11.102281328516872
2022-10-01,10.469675538785491
2022-10-02,10.499168559308629
2022-10-03,12.256065471978394
2022-10-04,11.237523603942691
2022-10-05,10.488307888473758
2022-10-06,10.87041605588143
2022-10-07,11.537140887318634
2022-10-08,10.89455574719589
2022-10-09,11.454922746651384
2022-10-10,10.668138531536922
2022-10-11,9.84485213399227
2022-10-12,10.930360491156412
2022-10-13,10.116138932947601
2022-10-14,10.124576460576757
2022-10-15,10.222461064703513
2022-10-16,10.132861815392763
2022-10-17,10.38523414286238
2022-10-18,10.663162543037489
2022-10-19,10.794434211098434
2022-10-20,10.036950623570819
2022-10-21,11.27973024319166
2022-10-22,11.465769052970465
2022-10-23,10.524518969291274
2022-10-24,10.200422798576765
2022-10-25,10.398201752215158
2022-10-26,11.043978710385332
2022-10-27,10.073545231338818
2022-10-28,10.99798043047294
2022-10-29,11.019097208144705
2022-10-30,11.587083292592233
2022-10-31,9.97524730855474
2022-11-01,10.862024670403692
2022-11-02,10.565756177509467
2022-11-03,10.606074794543218
2022-11-04,11.031566222161421
2022-11-05,9.998516044731108
2022-11-06,10.701651531572423
2022-11-07,11.118232505683599
2022-11-08,10.783340883886988
2022-11-09,11.891069496353243
2022-11-10,11.895010411959735
2022-11-11,10.36824907682886
2022-11-12,10.097355298620043
2022-11-13,10.562816323687688
2022-11-14,10.257611036673406
2022-11-15,11.212930562062759
2022-11-16,10.876082667897077
2022-11-17,10.793327257296138
2022-11-18,11.808152137717776
2022-11-19,11.330117069629287
2022-11-20,10.817301744906805
2022-11-21,10.440978954667829
2022-11-22,10.451780644265348
2022-11-23,10.568904656049815
2022-11-24,10.513867664441602
2022-11-25,11.848447210197047
2022-11-26,11.955497960801424
2022-11-27,10.783019393222892
2022-11-28,11.617906239949315
2022-11-29,10.989920928607141
2022-11-30,11.821605225106532
2022-12-01,10.06084158698274
2022-12-02,11.768593306070132
2022-12-03,12.292651748018583
2022-12-04,11.34037230136023
2022-12-05,11.407422136440179
2022-12-06,10.948730328718073
2022-12-07,11.05231375512924
2022-12-08,10.387514923627469
2022-12-09,11.80918045135084
2022-12-10,11.065431578725063
2022-12-11,10.484898661824056
2022-12-12,10.91298104907621
2022-12-13,10.722948073844162
2022-12-14,11.132941042965067
2022-12-15,11.251685651507787
2022-12-16,12.150098966491576
2022-12-17,11.341325499480723
2022-12-18,10.964771002498868
2022-12-19,10.403234052784876
2022-12-20,10.879921363785808
2022-12-21,12.128841045469597
2022-12-22,11.355821053757301
2022-12-23,11.17686343855409
2022-12-24,11.760689412893608
2022-12-25,10.868032456682604
2022-12-26,11.434120910432428
2022-12-27,10.973241417864687
2022-12-28,11.128030666867797
2022-12-29,12.060040073587034
2022-12-30,11.798204312741415
2022-12-31,11.322234234949873
2023-01-01,13.166096119966623
2023-01-02,11.806134276831447
2023-01-03,11.954895629361232
2023-01-04,12.566732626872627
2023-01-05,11.810258666037075
2023-01-06,11.704904397600052
2023-01-07,11.43079727682978
2023-01-08,11.48947369557614
2023-01-09,11.509453675527611
2023-01-10,11.510023698731935
2023-01-11,11.503376504811456
2023-01-12,11.804919472050159
2023-01-13,12.230366148124578
2023-01-14,11.365128939199515
2023-01-15,11.60457463531663
2023-01-16,11.993030727329376
2023-01-17,12.392243815851547
2023-01-18,11.877514659831697
2023-01-19,12.081260184640161
2023-01-20,11.199422930243273
2023-01-21,12.351190340551236
2023-01-22,12.247578043162088
2023-01-23,11.445186166122998
2023-01-24,11.210136775670035
2023-01-25,12.268798931202916
2023-01-26,11.79511780445612
2023-01-27,12.160899468012833
2023-01-28,12.323352592791077
2023-01-29,11.514503814432015
2023-01-30,11.481802545728376
2023-01-31,12.253378512533514
2023-02-01,11.736614032050765
2023-02-02,13.072639202286254
2023-02-03,11.847164000665977
2023-02-04,12.182659067482225
2023-02-05,12.853159936883833
2023-02-06,12.540120428394436
2023-02-07,12.502047455740815
2023-02-08,10.923014908189584
2023-02-09,13.154480201881901
2023-02-10,11.953668509403538
2023-02-11,12.464500839803726
2023-02-12,12.235793288340938
2023-02-13,12.572545660926398
2023-02-14,12.598323603053379
2023-02-15,12.95061818677384
2023-02-16,12.930567220109157
2023-02-17,12.461601478787738
2023-02-18,12.266621306475386
2023-02-19,12.449960829020956
2023-02-20,12.678459300866894
2023-02-21,12.597734608972663
2023-02-22,12.856695063433644
2023-02-23,12.495345703961481
2023-02-24,12.83609258569016
2023-02-25,13.630529415598456
2023-02-26,12.527750672787576
2023-02-27,13.309791094214024
2023-02-28,12.650214447802924
2023-03-01,13.473661231963261
2023-03-02,11.977332835983916
2023-03-03,13.390737416873609
2023-03-04,12.593889662809609
2023-03-05,12.601457873062087
2023-03-06,12.774431150621538
2023-03-07,12.609860312941306
2023-03-08,12.598524344113589
2023-03-09,12.936324166411039
2023-03-10,12.083901716782806
2023-03-11,13.109053584392681
2023-03-12,13.136650434125192
2023-03-13,12.590678891937495
2023-03-14,12.838601788229344
2023-03-15,12.505984774468761
2023-03-16,12.445993399785136
2023-03-17,13.009983532700375
2023-03-18,12.60919439296383
2023-03-19,13.734225690235142
2023-03-20,12.69297084204649
2023-03-21,14.020136601563724
2023-03-22,13.209917544732285
2023-03-23,13.560860609634165
2023-03-24,13.020786894948865
2023-03-25,12.915399242445059
2023-03-26,13.111702234776887
2023-03-27,13.35831344806052
2023-03-28,13.04177696222368
2023-03-29,13.349793012090274
2023-03-30,13.820722464005588
2023-03-31,12.719843285351356
2023-04-01,13.029034453904538
2023-04-02,12.964091228566506
2023-04-03,12.568639234126628
2023-04-04,12.884625121041115
2023-04-05,12.512657336010294
2023-04-06,14.296800923071904
2023-04-07,12.824361275653155
2023-04-08,12.91329318361428
2023-04-09,12.50303845996759
2023-04-10,13.36817099215724
2023-04-11,13.241858647343493
2023-04-12,12.95786540676381
2023-04-13,13.030590435949238
2023-04-14,13.227516090641945
2023-04-15,13.108988696636763
2023-04-16,12.294456210319007
2023-04-17,13.549643335146206
2023-04-18,13.626648952695817
2023-04-19,13.734688530903444
2023-04-20,12.332399063361963
2023-04-21,14.145278596502202
2023-04-22,12.310783475106996
2023-04-23,12.607013516996332
2023-04-24,13.556921847569816
2023-04-25,13.74998639861307
2023-04-26,12.972330596792542
2023-04-27,13.694203550199553
2023-04-28,12.773100602298156
2023-04-29,13.563649671365642
2023-04-30,12.84145932291087
2023-05-01,13.332856433177785
2023-05-02,13.771322688800481
2023-05-03,12.853053753809599
2023-05-04,13.23965200933186
2023-05-05,12.811004289975614
2023-05-06,13.624045577832232
2023-05-07,12.34979279247279
2023-05-08,12.117208723833064
2023-05-09,13.184913240868282
2023-05-10,12.499001756319903
2023-05-11,13.040284591579868
2023-05-12,13.508763393254599
2023-05-13,13.576207788255795
2023-05-14,12.756492675586767
2023-05-15,13.24871008885895
2023-05-16,13.362296723468676
2023-05-17,13.285406466614944
2023-05-18,13.188012311058271
2023-05-19,13.036761617945904
2023-05-20,12.763224785528061
2023-05-21,13.191082834201657
2023-05-22,13.934019939618354
2023-05-23,12.725881975202242
2023-05-24,13.062428592417966
2023-05-25,12.57305977780909
2023-05-26,13.541548005380056
2023-05-27,12.535342972188847
2023-05-28,12.780591440882725
2023-05-29,12.878250185631646
2023-05-30,13.357259163924624
2023-05-31,13.252064559968543
2023-06-01,13.83550009690774
2023-06-02,13.714322725103427
2023-06-03,13.131493578657953
2023-06-04,12.82353033243362
2023-06-05,12.747851645293007
2023-06-06,12.81093914870589
2023-06-07,12.941840420502793
2023-06-08,13.358326525333542
2023-06-09,12.507111048522642
2023-06-10,12.037657073545489
2023-06-11,12.859536526689542
2023-06-12,13.169301500645647
2023-06-13,12.424658789067188
2023-06-14,12.118931828924659
2023-06-15,12.565329946929133
2023-06-16,12.812139421581776
2023-06-17,13.241956089162736
2023-06-18,12.716980511485975
2023-06-19,13.104869521704718
2023-06-20,12.283124327957722
2023-06-21,13.157456024610847
2023-06-22,11.998436124915298
2023-06-23,12.339759140673804
2023-06-24,12.057556382143327
2023-06-25,12.670864967681098
2023-06-26,12.847595646380478
2023-06-27,13.391264868352788
2023-06-28,12.481091558779708
2023-06-29,12.850834201691606
2023-06-30,12.969910110767337
2023-07-01,11.832535813751555
2023-07-02,12.402588517215413
2023-07-03,13.088280532765108
2023-07-04,11.92529160569335
2023-07-05,12.331828697140276
2023-07-06,12.154830005611233
2023-07-07,13.415698553261784
2023-07-08,12.08398501304099
2023-07-09,11.755397852180934
2023-07-10,12.264755783974298
2023-07-11,13.292125602004573
2023-07-12,12.091563092485293
2023-07-13,11.87631096899256
2023-07-14,11.62840725174134
2023-07-15,11.817372705331938
2023-07-16,13.091335242733296
2023-07-17,11.916218585750457
2023-07-18,12.240398033683883
2023-07-19,11.345696379354177
2023-07-20,11.087599689364119
2023-07-21,11.98050901198062
2023-07-22,11.975356197781728
2023-07-23,12.422011512438283
2023-07-24,12.422392319814932
2023-07-25,12.818022053898694
2023-07-26,11.97048836927088
2023-07-27,11.617524790889068
2023-07-28,12.216838631805063
2023-07-29,12.194971570139586
2023-07-30,11.659437249518506
2023-07-31,11.933426323377395
2023-08-01,11.38147192167483
2023-08-02,11.12893374249279
2023-08-03,12.708768832549557
2023-08-04,12.416756624312027
2023-08-05,11.366052756653666
2023-08-06,11.13902975950448
2023-08-07,12.150115683494837
2023-08-08,11.190157590603523
2023-08-09,11.85543266765753
2023-08-10,11.854487407975098
2023-08-11,11.512018544738543
2023-08-12,12.064417938631069
2023-08-13,10.726423838999903
2023-08-14,11.492080315350279
2023-08-15,11.045016550496156
2023-08-16,11.690380664939966
2023-08-17,12.035094367714384
2023-08-18,9.581573036944839
2023-08-19,11.719202147699098
2023-08-20,11.265404899768471
2023-08-21,10.527469551245458
2023-08-22,12.033432660005674
2023-08-23,11.043313612224283
2023-08-24,12.581924999854987
2023-08-25,12.017953613562566
2023-08-26,11.13686262265811
2023-08-27,10.98882055722151
2023-08-28,10.963597909494132
2023-08-29,11.893473236307472
2023-08-30,11.491265488146103
2023-08-31,12.523363210226416
2023-09-01,11.72026857781252
2023-09-02,10.73747771004588
2023-09-03,10.909203907523112
2023-09-04,10.99352178771303
2023-09-05,11.40449429485724
2023-09-06,10.94327710387928
2023-09-07,11.310552429947561
2023-09-08,10.688958702154657
2023-09-09,10.534283054778838
2023-09-10,10.998859855033322
2023-09-11,11.19231486924266
2023-09-12,10.710157537615887
2023-09-13,11.10762690079454
2023-09-14,11.872103721581363
2023-09-15,11.336209214496403
2023-09-16,11.042395636297273
2023-09-17,10.178554968753723
2023-09-18,10.61768993593837
2023-09-19,11.29180111214626
2023-09-20,11.535931441180201
2023-09-21,10.806915664437973
2023-09-22,10.67131825246197
2023-09-23,10.908045283763514
2023-09-24,11.062324789013989
2023-09-25,10.4352940658184
2023-09-26,10.973560301174704
2023-09-27,10.82652653552785
2023-09-28,11.116013760998321
2023-09-29,10.976902146756027
2023-09-30,11.924990796612331
2023-10-01,11.548330334498926
2023-10-02,10.785470532454573
2023-10-03,11.002710819324083
2023-10-04,11.088447016196007
2023-10-05,11.731133982173368
2023-10-06,10.533916430728706
2023-10-07,10.774965144390585
2023-10-08,11.528706621654718
2023-10-09,10.314526965676272
2023-10-10,11.323767607586626
2023-10-11,11.287416255467141
2023-10-12,10.450695744374906
2023-10-13,10.694814692576287
2023-10-14,10.61131808295205
2023-10-15,9.821267477570585
2023-10-16,11.804757319392774
2023-10-17,10.405787877314278
2023-10-18,10.163713822500963
2023-10-19,10.80591654721739
2023-10-20,10.670311661658385
2023-10-21,11.240809651457418
2023-10-22,10.774207278174643
2023-10-23,10.355466208984764
2023-10-24,9.881002773105683
2023-10-25,10.102506769923949
2023-10-26,10.411232292826233
2023-10-27,11.225984279439075
2023-10-28,10.531432839166333
2023-10-29,11.108208802195248
2023-10-30,10.408144172233355
2023-10-31,10.958812196031804
2023-11-01,10.71969330998697
2023-11-02,11.187112211114538
2023-11-03,11.430979829563588
2023-11-04,11.674983404339219
2023-11-05,11.04779963881156
2023-11-06,11.726624071510805
2023-11-07,9.899991454859745
2023-11-08,10.771246556763227
2023-11-09,10.67752364452938
2023-11-10,11.167793864862412
2023-11-11,9.86180269254504
2023-11-12,10.048723939009633
2023-11-13,10.823407478536806
2023-11-14,10.284280597487559
2023-11-15,10.364270465918437
2023-11-16,10.82867262317896
2023-11-17,11.212381456146574
2023-11-18,10.982493993551083
2023-11-19,10.903406311123677
2023-11-20,9.965457224184517
2023-11-21,11.482842099508593
2023-11-22,10.71534653896586
2023-11-23,10.963163975151199
2023-11-24,10.889071930796467
2023-11-25,11.554704392969851
2023-11-26,11.150784460611396
2023-11-27,10.79404602117097
2023-11-28,10.286489796808755
2023-11-29,10.678516239817938
2023-11-30,10.83374218893314
2023-12-01,11.001589586871855
2023-12-02,10.743161371226273
2023-12-03,11.547099266453394
2023-12-04,11.09861635914648
2023-12-05,11.237541539100588
2023-12-06,11.865689990436696
2023-12-07,11.402010739246428
2023-12-08,10.72473045377952
2023-12-09,10.923238758900888
2023-12-10,11.021393632171984
2023-12-11,10.991572806171298
2023-12-12,11.243170590210276
2023-12-13,11.219123095145903
2023-12-14,11.237848240372722
2023-12-15,11.360074035717274
2023-12-16,10.818956568302804
2023-12-17,10.686350270883468
2023-12-18,11.377297087290762
2023-12-19,10.961989806568837
2023-12-20,9.684328044765584
2023-12-21,11.218657120533004
2023-12-22,11.145206703498552
2023-12-23,11.868524351572727
2023-12-24,11.22651256830433
2023-12-25,11.449653919662158
2023-12-26,11.446483503444227
2023-12-27,11.86314452849805
2023-12-28,12.417953698439245
2023-12-29,11.907324297390604
2023-12-30,10.952572512235182
2023-12-31,11.621590632505828
2024-01-01,11.080869078968972
2024-01-02,11.991530366128247
2024-01-03,11.451551236675758
2024-01-04,11.089977346406954
2024-01-05,12.24501968562716
2024-01-06,11.183788817675483
2024-01-07,11.323923788036703
2024-01-08,11.745411166492854
2024-01-09,11.817982106412668
2024-01-10,12.074121704030182
2024-01-11,12.533187702159575
2024-01-12,11.80896597502613
2024-01-13,11.659861608435065
2024-01-14,12.166030133058744
2024-01-15,11.677808283100614
2024-01-16,11.851135885417492
2024-01-17,12.081791390287435
2024-01-18,12.14505226644922
2024-01-19,12.156836081281735
2024-01-20,11.642099474241418
2024-01-21,11.549839818836913
2024-01-22,10.846886837876376
2024-01-23,11.720510339084907
2024-01-24,12.735152073501215
2024-01-25,12.397318346667749
2024-01-26,11.825888548030951
2024-01-27,11.757159458327871
2024-01-28,12.325105011514685
2024-01-29,11.861919479509252
2024-01-30,11.908716620893369
2024-01-31,12.65088737265588
2024-02-01,11.622107230471018
2024-02-02,12.440638352200889
2024-02-03,11.852959623534234
2024-02-04,12.5381575990907
2024-02-05,11.946991143399805
2024-02-06,11.28421433860828
2024-02-07,13.264544598563146
2024-02-08,12.412715898881611
2024-02-09,12.050505589782926
2024-02-10,12.10482379685317
2024-02-11,12.265632286580786
2024-02-12,12.639637335696312
2024-02-13,12.442381722902375
2024-02-14,11.635090510714004
2024-02-15,13.567036849324456
2024-02-16,12.739889211050818
2024-02-17,12.056674413349185
2024-02-18,12.307279163895506
2024-02-19,13.32000732348245
2024-02-20,11.711253016412812
2024-02-21,12.816230535326971
2024-02-22,13.581287604998433
2024-02-23,12.79006054911621
2024-02-24,12.717382371234327
2024-02-25,12.540532265152853
2024-02-26,12.946447127485508
2024-02-27,13.361774903753108
2024-02-28,12.563629423520885
2024-02-29,12.341203795260968
2024-03-01,12.111069680271223
2024-03-02,12.130357188927182
2024-03-03,13.185034498907225
2024-03-04,12.693640154734323
2024-03-05,12.526580664883836
2024-03-06,13.250498467644817
2024-03-07,12.3385625726905
2024-03-08,14.030625451102408
2024-03-09,13.217138616965318
2024-03-10,12.699361019405067
2024-03-11,12.291420651845668
2024-03-12,12.63134814978043
2024-03-13,13.288284693005865
2024-03-14,12.674220926086395
2024-03-15,12.878120410519463
2024-03-16,12.977998293477839
2024-03-17,12.93874828261714
2024-03-18,12.475869072872547
2024-03-19,13.1227855483744
2024-03-20,13.418558654821663
2024-03-21,12.803823179285413
2024-03-22,12.090343525430605
2024-03-23,12.994650680070187
2024-03-24,12.444321949271828
2024-03-25,12.396276152898098
2024-03-26,12.816717993105165
2024-03-27,13.009467044340427
2024-03-28,13.406321554971738
2024-03-29,13.248733013438077
2024-03-30,12.951923111654878
2024-03-31,12.705345978649348
2024-04-01,13.64108509802995
2024-04-02,13.212915658151212
2024-04-03,13.010262128390043
2024-04-04,13.176026854496788
2024-04-05,12.896654705437737
2024-04-06,12.87745501856297
2024-04-07,13.136421867870688
2024-04-08,13.958487968385612
2024-04-09,13.923247831925522
2024-04-10,12.856578950140522
2024-04-11,12.88678192735434
2024-04-12,13.526278963060566
2024-04-13,12.764198784194845
2024-04-14,13.446173708759869
2024-04-15,13.269642824820044
2024-04-16,13.083295364664844
2024-04-17,13.537844178884379
2024-04-18,13.327155338759022
2024-04-19,14.029661962196698
2024-04-20,13.197917199292343
2024-04-21,12.728752470333003
2024-04-22,12.66032462494809
2024-04-23,13.323157441003733
2024-04-24,13.778528200502635
2024-04-25,13.674228317808648
2024-04-26,13.406310291120809
2024-04-27,13.61404360243419
2024-04-28,13.01828886370114
2024-04-29,13.35553231105442
2024-04-30,13.275757453646458
2024-05-01,13.703234388130406
2024-05-02,13.017046056277094
2024-05-03,12.777281496997729
2024-05-04,12.825225150496985
2024-05-05,13.746025074515975
2024-05-06,13.19086218177107
2024-05-07,13.042414535213254
2024-05-08,12.886145998579696
2024-05-09,13.715118965789484
2024-05-10,13.323603125578993
2024-05-11,14.056445280630358
2024-05-12,12.609792301372893
2024-05-13,12.559025489701286
2024-05-14,13.852576135982638
2024-05-15,12.933000339132127
2024-05-16,12.706776729819417
2024-05-17,13.143953656445534
2024-05-18,13.101405555284384
2024-05-19,13.616255625677272
2024-05-20,13.05933764897511
2024-05-21,13.214735792180258
2024-05-22,14.03730204755265
2024-05-23,13.198995333698493
2024-05-24,12.92395898619529
2024-05-25,13.12338082700787
2024-05-26,12.2954268720419
2024-05-27,12.719203261483274
2024-05-28,12.807447211568993
2024-05-29,12.796158529598385
2024-05-30,12.73031123284779
2024-05-31,13.29351850617176
2024-06-01,12.738727077972095
2024-06-02,12.621778557904214
2024-06-03,13.595601663146182
2024-06-04,13.227747486027045
2024-06-05,13.587366569474137
2024-06-06,11.879893529614879
2024-06-07,12.333726053837859
2024-06-08,12.246455694986313
2024-06-09,13.648760561163558
2024-06-10,12.226529816612162
2024-06-11,13.072461152675109
2024-06-12,12.400535944160207
2024-06-13,13.556328957611248
2024-06-14,13.352442651932515
2024-06-15,12.401915917331511
2024-06-16,12.702766408434346
2024-06-17,12.643639327569055
2024-06-18,13.457522721906939
2024-06-19,12.678673165594624
2024-06-20,12.208367407706294
2024-06-21,13.584993776321834
2024-06-22,12.982821093678963
2024-06-23,12.325611675588437
2024-06-24,12.39476821433267
2024-06-25,12.265463337065704
2024-06-26,12.850945455699637
2024-06-27,11.62533130136562
2024-06-28,12.860832161046739
2024-06-29,13.036097195365475
2024-06-30,11.95732270584677
2024-07-01,11.206847473489438
2024-07-02,12.45640151255246
2024-07-03,13.239588621135102
2024-07-04,12.170056849553985
2024-07-05,12.359569108308037
2024-07-06,12.339907998364364
2024-07-07,12.382920566586575
2024-07-08,12.802309986789364
2024-07-09,12.426843210208311
2024-07-10,11.894649107375354
2024-07-11,12.47730049572225
2024-07-12,11.853860840948773
2024-07-13,11.994646356496164
2024-07-14,12.696226606417179
2024-07-15,11.195474509742239
2024-07-16,12.666729847458845
2024-07-17,12.542494451432132
2024-07-18,10.82918367357726
2024-07-19,11.597118097607265
2024-07-20,12.431054067676904
2024-07-21,11.665860749446942
2024-07-22,11.710290081703498
2024-07-23,11.863645311750707
2024-07-24,11.93968776030492
2024-07-25,12.49218937246371
2024-07-26,12.215830670777443
2024-07-27,12.345553425694598
2024-07-28,11.618026239717873
2024-07-29,11.719200628436422
2024-07-30,11.45903288824869
2024-07-31,11.734661562530007
2024-08-01,12.518867848966691
2024-08-02,11.683807776691996
2024-08-03,12.335654615752588
2024-08-04,11.53513413173786
2024-08-05,11.23125408937423
2024-08-06,12.561991367954281
2024-08-07,11.944942318086172
2024-08-08,11.404256593919875
2024-08-09,11.429486365971071
2024-08-10,11.14655257618753
2024-08-11,11.962465287048857
2024-08-12,11.32525345475535
2024-08-13,11.528180680328989
2024-08-14,11.58830270934937
2024-08-15,11.849798941106958
2024-08-16,11.753787011233547
2024-08-17,11.40301597659386
2024-08-18,11.27571577507509
2024-08-19,10.71866572011464
2024-08-20,11.435365280097109
2024-08-21,10.519306636908565
2024-08-22,11.824881789945854
2024-08-23,10.666606501792195
2024-08-24,11.344361666451817
2024-08-25,11.661140861581398
2024-08-26,10.905360632024188
2024-08-27,11.277643054676158
2024-08-28,10.937982281303869
2024-08-29,11.686697356140783
2024-08-30,11.29024955761935
2024-08-31,10.631157532578776
2024-09-01,11.708436991915015
2024-09-02,11.051445610878423
2024-09-03,11.802764770167839
2024-09-04,10.909371560471943
2024-09-05,11.188256983852927
2024-09-06,11.710705196554548
2024-09-07,11.001083783047404
2024-09-08,11.776610199643981
2024-09-09,10.780530007703458
2024-09-10,11.044054253616517
2024-09-11,11.067861376483272
2024-09-12,11.557436428153341
2024-09-13,10.972201276399057
2024-09-14,10.517131452062339
2024-09-15,10.980532064765626
2024-09-16,10.311857306093518
2024-09-17,11.681548428641886
2024-09-18,10.318452382769562
2024-09-19,11.015516038592954
2024-09-20,10.407871852758353
2024-09-21,10.390026608953248
2024-09-22,12.22936393837274
2024-09-23,11.348314891362154
2024-09-24,11.469806111254254
2024-09-25,11.025554887552328
2024-09-26,10.664844162310295
2024-09-27,10.852301276235613
2024-09-28,10.210355311076528
2024-09-29,10.638582399507833
2024-09-30,11.998396858847462
2024-10-01,12.693117108171917
2024-10-02,11.285019431342848
2024-10-03,11.097724396520753
2024-10-04,11.151419689927563
2024-10-05,11.296377935734927
2024-10-06,10.92375118187526
2024-10-07,10.755651638062902
2024-10-08,11.217472743316298
2024-10-09,11.29989042033271
2024-10-10,10.409443957352686
2024-10-11,10.950521239519723
2024-10-12,10.735981358814357
2024-10-13,10.726357614238731
2024-10-14,9.889816410480524
2024-10-15,11.071399259734449
2024-10-16,10.126845719072652
2024-10-17,10.445367694614058
2024-10-18,11.000664913791695
2024-10-19,10.657812126644082
2024-10-20,10.886889639141598
2024-10-21,10.580173957914893
2024-10-22,10.709267981509829
2024-10-23,11.267835189827698
2024-10-24,10.347141879679794
2024-10-25,10.501971148096022
2024-10-26,10.164535021320633
2024-10-27,10.461100468431
2024-10-28,11.245583468369235
2024-10-29,10.801089908344657
2024-10-30,10.861006773338538
2024-10-31,10.73312202050343
2024-11-01,11.614882342142687
2024-11-02,11.03216078913133
2024-11-03,10.836387620180755
2024-11-04,10.240294065757553
2024-11-05,11.204097594965612
2024-11-06,12.09595897689204
2024-11-07,10.121100462239028
2024-11-08,10.80463832847059
2024-11-09,11.132658040479086
2024-11-10,11.501389896625817
2024-11-11,10.59321629614053
2024-11-12,11.75746773300691
2024-11-13,10.73334248885611
2024-11-14,10.864796108093305
2024-11-15,10.93052082811183
2024-11-16,11.816846488170397
2024-11-17,10.127767143570289
2024-11-18,11.160299094628092
2024-11-19,10.920234470600706
2024-11-20,10.86070034861782
2024-11-21,11.55166026979391
2024-11-22,10.39174297716982
2024-11-23,11.359491600420883
2024-11-24,11.16818225049902
2024-11-25,11.090640952389512
2024-11-26,10.506292995201662
2024-11-27,10.661437872187655
2024-11-28,10.479954312407742
2024-11-29,11.493607435121913
2024-11-30,12.068198609203527
2024-12-01,10.307734507617067
2024-12-02,9.914994282242956
2024-12-03,10.681173633201414
2024-12-04,10.803388587745932
2024-12-05,11.187699576659861
2024-12-06,11.239090150514375
2024-12-07,11.694869935395868
2024-12-08,10.8027018881374
2024-12-09,9.951625523284154
2024-12-10,10.906699451848224
2024-12-11,11.277851631941758
2024-12-12,10.289942519398313
2024-12-13,11.297038460278491
2024-12-14,11.023340857892801
2024-12-15,10.45823775385474
2024-12-16,11.441531808038144
2024-12-17,11.250241371987665
2024-12-18,11.69010513000457
2024-12-19,11.313699254464856
2024-12-20,11.74858447564552
2024-12-21,11.254523413142346
2024-12-22,10.848495639010535
2024-12-23,11.359631333105163
2024-12-24,11.84615879711557
2024-12-25,11.853100461986367
2024-12-26,11.530383677792264
2024-12-27,11.846500659500906
2024-12-28,11.44283032035809
2024-12-29,10.879605014084737
2024-12-30,11.061191358881349
2024-12-31,10.584697272072205
2025-01-01,11.494708865183446
2025-01-02,11.821399292129218
2025-01-03,11.592462468737635
2025-01-04,11.716176781950832
2025-01-05,10.326271545567215
2025-01-06,11.431916002484446
2025-01-07,10.623704817540585
2025-01-08,11.540706791449844
2025-01-09,11.183480149716695
2025-01-10,12.060854150744808
2025-01-11,11.762667136314088
2025-01-12,10.86126989697107
2025-01-13,10.879512385125764
2025-01-14,11.545306228187748
2025-01-15,11.916052183663943
2025-01-16,10.90364090894052
2025-01-17,12.31269579296318
2025-01-18,12.503204489711905
2025-01-19,11.244302518049588
2025-01-20,11.452461895601214
2025-01-21,11.60359635837391
2025-01-22,11.827703163625628
2025-01-23,11.528757606343651
2025-01-24,12.155945975327091
2025-01-25,11.837899883202741
2025-01-26,11.468748229775786
2025-01-27,11.636146623411896
2025-01-28,11.20415975824223
2025-01-29,12.096905323094274
2025-01-30,12.318631761428035
2025-01-31,13.046213924083839
2025-02-01,12.804579474792972
2025-02-02,12.554548950483676
2025-02-03,11.897564838394354
2025-02-04,12.380676773948803
2025-02-05,11.851543034462726
2025-02-06,12.043739448994037
2025-02-07,12.39857582240229
2025-02-08,12.45583757541702
2025-02-09,12.304667737623776
2025-02-10,12.545973135668788
2025-02-11,12.883733173212455
2025-02-12,12.586399328599079
2025-02-13,12.470841694743324
2025-02-14,12.447335311843744
2025-02-15,12.111046353531531
2025-02-16,12.388178174172252
2025-02-17,12.397428087604473
2025-02-18,12.011182614908705
2025-02-19,12.404456905515438
2025-02-20,12.568148218820896
2025-02-21,13.11562854258344
2025-02-22,12.193116391807806
2025-02-23,12.3425004310327
2025-02-24,11.66503891653326
2025-02-25,12.082390840258068
2025-02-26,12.392740660840198
2025-02-27,12.9616577969632
2025-02-28,12.675216032487468
2025-03-01,12.538224185031881
2025-03-02,12.379530054699455
2025-03-03,12.524108772787706
2025-03-04,13.039862344602597
2025-03-05,13.652587708955114
2025-03-06,13.130982068011685
2025-03-07,12.724339635983887
2025-03-08,13.124131531611615
2025-03-09,13.246747129191972
2025-03-10,12.407532154750927
2025-03-11,13.411645852988393
2025-03-12,12.859954816133632
2025-03-13,12.810077879698802
2025-03-14,12.669019622921198
2025-03-15,13.305904238348441
2025-03-16,13.347930018592317
2025-03-17,12.84685802200636
2025-03-18,12.794574192008765
2025-03-19,13.227999148526687
2025-03-20,12.65680428180379
2025-03-21,12.914379184596358
2025-03-22,13.250567552970088
2025-03-23,13.352527759354487
2025-03-24,13.305131063018488
2025-03-25,13.289265028917278
2025-03-26,13.605171379262687
2025-03-27,12.549305893872386
2025-03-28,13.14396853605687
2025-03-29,13.713301920254898
2025-03-30,12.835447014714827
2025-03-31,13.04769379055393
2025-04-01,13.523017694300572
2025-04-02,13.816853799457524
2025-04-03,12.485644550054822
2025-04-04,12.648603637023527
2025-04-05,13.998093496688245
2025-04-06,13.229314988518146
2025-04-07,12.314871367590195
2025-04-08,13.924490808648194
2025-04-09,13.799491835684764
2025-04-10,13.44861253426274
2025-04-11,14.019369498494374
2025-04-12,14.09901646371051
2025-04-13,12.814731003662827
2025-04-14,13.470322691065949
2025-04-15,13.010361237223782
2025-04-16,12.735523486592953
2025-04-17,13.43362945590556
2025-04-18,13.118961474032659
2025-04-19,12.859334096343257
2025-04-20,13.082317114007106
2025-04-21,13.095795202218891
2025-04-22,12.495059049100544
2025-04-23,13.065741280247956
2025-04-24,12.828969959124434
2025-04-25,13.610759299154434
2025-04-26,13.307101650220364
2025-04-27,13.234854936774935
2025-04-28,13.014596317967069
2025-04-29,12.845568545288929
2025-04-30,13.854434624368398
2025-05-01,13.856096530287408
2025-05-02,13.137786821074622
2025-05-03,13.483138341657595
2025-05-04,14.087862407870318
2025-05-05,14.651148450675683
2025-05-06,12.971629480603559
2025-05-07,12.492170985049432
2025-05-08,13.07878233706478
2025-05-09,13.18447794299897
2025-05-10,13.521815569436034
2025-05-11,12.759082711155004
2025-05-12,13.680601999251746
2025-05-13,13.255429663292649
2025-05-14,14.17335065799681
2025-05-15,13.036245451611606
2025-05-16,13.349229863539174
2025-05-17,12.756645449303905
2025-05-18,13.148420936728602
2025-05-19,13.021633299621138
2025-05-20,13.647962497332243
2025-05-21,13.48437762232369
2025-05-22,13.878213679308109
2025-05-23,13.066339483641379
2025-05-24,13.176506904256607
2025-05-25,12.449055990058424
2025-05-26,13.661925376295443
2025-05-27,13.48011058027934
2025-05-28,12.437195244512447
2025-05-29,13.769020156253365
2025-05-30,13.355273460770434
2025-05-31,12.983215971654108
2025-06-01,13.839350142303505
2025-06-02,13.088646882816702
2025-06-03,13.398559268519245
2025-06-04,11.512386600450837
2025-06-05,13.014713242980193
2025-06-06,13.411630864595647
2025-06-07,12.577768663856357
2025-06-08,12.6464676277938
2025-06-09,12.857904866677607
2025-06-10,13.44234603618437
2025-06-11,12.586187330254427
2025-06-12,13.170800592813734
2025-06-13,13.196557994877589
2025-06-14,12.15026671534774
2025-06-15,13.14394021323578
2025-06-16,11.996706934206218
2025-06-17,11.816267501474222
2025-06-18,13.076448290667194
2025-06-19,12.626665757281238
2025-06-20,13.252644645384459
2025-06-21,13.255027762089226
2025-06-22,12.40418850471493
2025-06-23,12.313081259319542
2025-06-24,12.628078612509396
2025-06-25,12.822144780570099
2025-06-26,12.058161163367469
2025-06-27,12.260045685583426
2025-06-28,13.178598652655639
2025-06-29,12.252542781345271
2025-06-30,12.523862801025363
2025-07-01,12.944395848590194
2025-07-02,11.535435850157967
2025-07-03,11.826739557685109
2025-07-04,12.243078699155063
2025-07-05,12.191955021979322
2025-07-06,11.922338755736599
2025-07-07,12.679532514022306
2025-07-08,12.994352147771611
2025-07-09,12.541678961102567
2025-07-10,11.229351901318555
2025-07-11,12.80532561976655
2025-07-12,12.565487099538649
2025-07-13,12.745031973943686
2025-07-14,12.073231714925669
2025-07-15,12.742138108147632
2025-07-16,12.316657457098096
2025-07-17,11.599901942190845
2025-07-18,11.972378484146043
2025-07-19,12.233871274168683
2025-07-20,11.884939772494532
2025-07-21,12.263078476942741
2025-07-22,11.325586765009438
2025-07-23,11.833777118675735
2025-07-24,12.165740268325758
2025-07-25,11.565487354516863
2025-07-26,11.228497790801176
2025-07-27,12.191660420049905
2025-07-28,11.347440390675583
2025-07-29,11.895034493346728
2025-07-30,11.930379838907227
2025-07-31,12.105682084736518
2025-08-01,11.919150131718506
2025-08-02,12.674097749273963
2025-08-03,11.84408173085503
2025-08-04,11.832090590896593
2025-08-05,11.877913436001512
2025-08-06,11.671693494895344
2025-08-07,11.263368868450794
2025-08-08,12.371251892162707
2025-08-09,12.028845837713758
2025-08-10,11.311764658523611
2025-08-11,11.98927501182067
2025-08-12,10.714945526629908
2025-08-13,10.972686440913762
2025-08-14,11.524500321392305
2025-08-15,10.40322343336965
2025-08-16,11.358572684142665
2025-08-17,11.198615670971249
2025-08-18,10.995477617742358
2025-08-19,11.39598965750289
2025-08-20,11.561545476338074
2025-08-21,11.595587420846172
2025-08-22,11.827445160742228
2025-08-23,11.106053013795773
2025-08-24,11.013119568999358
2025-08-25,12.54896788245771
2025-08-26,11.633448919676672
2025-08-27,10.946599696329248
2025-08-28,11.15594149602902
2025-08-29,11.364288796931971
2025-08-30,10.898136053951623
2025-08-31,11.176423419740498
2025-09-01,10.96694739032704
2025-09-02,10.714597158829774
2025-09-03,11.18500038000735
2025-09-04,11.522963643332794
2025-09-05,10.95354353607981
2025-09-06,12.192291913506361
2025-09-07,10.56380362045169
2025-09-08,11.84667020224207
2025-09-09,10.467333885793678
2025-09-10,10.483569628989061
2025-09-11,10.549319644949225
2025-09-12,11.335945293550369
2025-09-13,11.026568267674056
2025-09-14,10.283851539800805
2025-09-15,9.810732836943403
2025-09-16,11.487201006015143
2025-09-17,10.878697071162184
2025-09-18,10.229123452547196
2025-09-19,11.679689465123541
2025-09-20,11.176264979404102
2025-09-21,10.343782274585521
2025-09-22,10.618708534358664
2025-09-23,10.459737954366448
2025-09-24,11.774292170316956
2025-09-25,10.655235177634026
2025-09-26,10.979288113027057
2025-09-27,10.978198020928975
2025-09-28,11.592200807307963
2025-09-29,11.784921377132477
2025-09-30,12.033536715981727
2025-10-01,10.297187753623211
2025-10-02,10.573340668292573
2025-10-03,11.22734499013135
2025-10-04,11.274070147246563
2025-10-05,11.080963531221615
2025-10-06,11.629521295541892
2025-10-07,11.146308053942699
2025-10-08,11.578125100956399
2025-10-09,10.532356266518471
2025-10-10,11.740669790913953
2025-10-11,10.361703481667039
2025-10-12,10.948891176672563
2025-10-13,10.354379219282157
2025-10-14,10.982959334043711
2025-10-15,9.91416706941635
2025-10-16,11.148490808963311
2025-10-17,11.088090652192
2025-10-18,11.455126677455644
2025-10-19,10.666382129910087
2025-10-20,10.763809370448593
2025-10-21,10.849345461601878
2025-10-22,11.175711309175268
2025-10-23,10.430082566849464
2025-10-24,10.54894139172024
2025-10-25,11.010595134905268
2025-10-26,11.331061260479954
2025-10-27,10.905019999636112
2025-10-28,10.442898334179016
2025-10-29,9.970852435649192
2025-10-30,11.61151592908543
2025-10-31,11.035333599575328
2025-11-01,11.075061975397453
2025-11-02,9.83911785342923
2025-11-03,10.963446335406637
2025-11-04,11.348639653134692
2025-11-05,10.48809975381774
2025-11-06,11.623287604672775
2025-11-07,10.644098804902137
2025-11-08,11.439063722994861
2025-11-09,10.372742867807117
2025-11-10,10.867523371385854
2025-11-11,10.875044124597995
2025-11-12,11.137334021582046
2025-11-13,11.022988432431736
2025-11-14,10.55708932615436
2025-11-15,10.867725610111135
2025-11-16,10.802113325459503
2025-11-17,10.235933569246953
2025-11-18,11.126352210400999
2025-11-19,11.151489791064378
2025-11-20,10.734730541994455
2025-11-21,11.578804233012294
2025-11-22,9.908655858479575
2025-11-23,10.932925116044993
2025-11-24,11.358205630386076
2025-11-25,11.518710676704432
2025-11-26,11.057378968673683
2025-11-27,10.659460213056393
2025-11-28,12.44599086934191
2025-11-29,11.099386010801009
2025-11-30,11.352771007614734
2025-12-01,10.94096482569904
2025-12-02,10.69168330060139
2025-12-03,11.969061769728134
2025-12-04,11.29601752481597
2025-12-05,11.428440244601035
2025-12-06,10.83458442316081
2025-12-07,10.780536210751837
2025-12-08,11.564698983347748
2025-12-09,12.13571945489612
2025-12-10,11.445995563960308
2025-12-11,10.991698781938595
2025-12-12,10.771395377617408
2025-12-13,11.223458704469397
2025-12-14,11.810935807759925
2025-12-15,11.254760289311717
2025-12-16,11.159493058504488
2025-12-17,10.830572108544832
2025-12-18,11.762655258019995
2025-12-19,10.867969352164728
2025-12-20,10.99172768682111
2025-12-21,10.895128801029577
2025-12-22,11.380344674408576
2025-12-23,11.077298164455986
2025-12-24,11.280118776863322
2025-12-25,11.837633319097119
2025-12-26,11.262630554340976
2025-12-27,10.925708002505976
2025-12-28,11.860558852494869
2025-12-29,10.961061667265291
2025-12-30,11.880188237762196
2025-12-31,12.318048780428668
2026-01-01,11.873570124946214
2026-01-02,11.859081955938324
2026-01-03,11.101645832518908
2026-01-04,11.749301890663478
2026-01-05,12.317498846890707
2026-01-06,12.26531309816583
2026-01-07,11.446271233095851
2026-01-08,11.651816790179472
2026-01-09,11.51084484152756
2026-01-10,12.021606835985994
2026-01-11,11.628402232463948
2026-01-12,11.467365278504246
2026-01-13,11.89064643617729
2026-01-14,12.5026328725749
2026-01-15,11.706728174418993
2026-01-16,12.739914142120016
2026-01-17,11.62779471179575
2026-01-18,12.159664325003753
2026-01-19,10.702197050196697
2026-01-20,12.189176348808846
2026-01-21,11.839147493832781
2026-01-22,11.96666813759396
2026-01-23,11.812376283027445
2026-01-24,11.816933966186149
2026-01-25,12.043902737272177
2026-01-26,12.346137822236438
2026-01-27,12.759339788180815
2026-01-28,11.425316966300757
2026-01-29,12.27815565047017
2026-01-30,12.438697335866221
2026-01-31,11.60816176434338
2026-02-01,12.248671456491905
2026-02-02,11.952513427155758
2026-02-03,12.293660110443222
2026-02-04,12.747781372014709
2026-02-05,11.860050865366675
2026-02-06,12.338100461811761
2026-02-07,11.99903484609909
2026-02-08,11.740195183438196
2026-02-09,12.293308625543043
2026-02-10,11.603136600713949
2026-02-11,13.342634347955755
2026-02-12,13.012366816662835
2026-02-13,12.045540065268309
2026-02-14,12.402421810296035
2026-02-15,12.736705996230414
2026-02-16,13.081513508942962
2026-02-17,11.883078802989573
2026-02-18,12.407933794071338
2026-02-19,12.599561830778221
2026-02-20,13.354423172671677
2026-02-21,12.046344414462549
2026-02-22,12.416801413908827
2026-02-23,11.954174071940384
2026-02-24,11.932130609751459
2026-02-25,12.839103256784036
2026-02-26,13.34366667484317
2026-02-27,13.029066993008374
2026-02-28,12.624229121686342
2026-03-01,12.46476822540394
2026-03-02,13.088404099617817
2026-03-03,12.24208993162714
2026-03-04,12.790448484578915
2026-03-05,13.105427373517047
2026-03-06,12.644432778261546
2026-03-07,12.7818715064429
2026-03-08,12.848952373926366
2026-03-09,13.171099183246534
2026-03-10,12.364285528744213
2026-03-11,13.004517975300576
2026-03-12,12.993900329110806
2026-03-13,13.157984128344033
2026-03-14,13.453766858816447
2026-03-15,12.692630587667434
2026-03-16,13.510366066097621
2026-03-17,12.080329933022991
2026-03-18,12.926509091135634
2026-03-19,12.836005291499823
2026-03-20,12.659870722400708
2026-03-21,13.185711088716026
2026-03-22,13.480982009599062
2026-03-23,12.26181203147261
2026-03-24,13.257392214310446
2026-03-25,12.901706107118706
2026-03-26,13.42209151434819
2026-03-27,13.111377912624217
2026-03-28,12.062334473741728
2026-03-29,13.679322589958455
2026-03-30,13.05963328906055
2026-03-31,13.265570624037014
2026-04-01,13.48789702268974
2026-04-02,12.945553405939169
2026-04-03,13.40076683924781
2026-04-04,12.885191737594665
2026-04-05,12.952927364350773
2026-04-06,13.021764546816385
2026-04-07,13.635826197650179
2026-04-08,13.149158684841273
2026-04-09,12.99632227121541
2026-04-10,12.360200105269316
2026-04-11,13.51172381860088
2026-04-12,13.08395321513201
2026-04-13,13.911138134318156
2026-04-14,13.38447420711208
2026-04-15,13.9599185616933
2026-04-16,13.023844999835145
2026-04-17,13.437333901950552
2026-04-18,14.674178585567532
2026-04-19,13.210497067694272
2026-04-20,13.645828026115916
2026-04-21,13.300992629481362
2026-04-22,12.898462304644877
2026-04-23,14.063333854991697
2026-04-24,12.939474308428595
2026-04-25,13.284631007419895
2026-04-26,12.74725067629148
2026-04-27,13.433894133595162
2026-04-28,13.296979029257388
2026-04-29,13.635582961403639
2026-04-30,14.18261119664616
2026-05-01,13.200064874306316
2026-05-02,13.377006483931257
2026-05-03,13.058773364042993
2026-05-04,12.121301883906698
2026-05-05,12.918014019237502
2026-05-06,13.055682029539522
2026-05-07,12.934867956373385
2026-05-08,13.527205515821326
2026-05-09,13.38945427416064
2026-05-10,12.877866313073778
2026-05-11,13.038039651152276
2026-05-12,13.949982180030467
2026-05-13,12.617984874647467
2026-05-14,12.469323648028734
2026-05-15,13.225886029965103
2026-05-16,12.362983369618926
2026-05-17,12.6889526982845
2026-05-18,13.74517741123219
2026-05-19,13.21412916418607
2026-05-20,13.52291731244185
2026-05-21,12.703131872404207
2026-05-22,13.093180143009002
2026-05-23,12.531946638307955
2026-05-24,13.31909332569677
2026-05-25,13.554850016020945
2026-05-26,13.027425791628922
2026-05-27,12.96197777204519
2026-05-28,12.243893886878293
2026-05-29,13.069276991395416
2026-05-30,12.631419417059032
2026-05-31,13.206498396650943
2026-06-01,12.848407696899484
2026-06-02,13.232110201803135
2026-06-03,12.86101075040592
2026-06-04,12.728876926400423
2026-06-05,13.409502930027337
2026-06-06,12.545240253699948
2026-06-07,12.26286188307577
2026-06-08,12.464451621789113
2026-06-09,13.177234917248764
2026-06-10,12.285947032488792
2026-06-11,11.896196143898072
2026-06-12,12.807707560613366
2026-06-13,12.753717270082602
2026-06-14,13.77111965641929
2026-06-15,12.841595258798314
2026-06-16,13.124179277241893
2026-06-17,12.240375995650155
2026-06-18,12.68189464476562
2026-06-19,12.86695762431441
2026-06-20,12.973846983712892
2026-06-21,13.574131434593204
2026-06-22,12.3308008769375
2026-06-23,12.697433334770245
2026-06-24,12.376804818598634
2026-06-25,12.35499432068568
2026-06-26,13.01353060747279
2026-06-27,12.28040563379367
2026-06-28,12.677080898679728
2026-06-29,12.488514700121144
2026-06-30,12.577694793022538
2026-07-01,11.536917563145957
2026-07-02,11.987671678530791
2026-07-03,12.240247490695893
2026-07-04,11.538477764538113
2026-07-05,12.336323091905294
2026-07-06,12.19013823089078
2026-07-07,12.497055163488298
2026-07-08,12.951404793283277
2026-07-09,11.86208246998676
2026-07-10,12.355989359086704
2026-07-11,12.463383835149115
2026-07-12,11.86002760683467
2026-07-13,12.899887248133007
2026-07-14,12.38251292667457
2026-07-15,12.697504265948828
2026-07-16,12.005826926519456
2026-07-17,12.33966683667425
2026-07-18,11.958283609954302
2026-07-19,12.421142281901327
2026-07-20,11.469429598660929
2026-07-21,12.101305592465113
2026-07-22,11.824848185351895
2026-07-23,12.409072436210412
2026-07-24,12.991344422283891
2026-07-25,11.581683139157885
2026-07-26,11.278879628012358
2026-07-27,12.344877504905972
2026-07-28,10.719362036671088
2026-07-29,11.6931723799962
2026-07-30,11.12309587958845
2026-07-31,11.828865197106511
2026-08-01,12.635404887483995
2026-08-02,11.543720145579274
2026-08-03,11.916076548568169
2026-08-04,12.088154668009896
2026-08-05,11.02450750737836
2026-08-06,12.47612355344713
2026-08-07,13.192108593337906
2026-08-08,12.244595502241225
2026-08-09,11.562196057164181
2026-08-10,11.49809400715887
2026-08-11,11.451121353845172
2026-08-12,10.352025221488582
2026-08-13,11.785077544932882
2026-08-14,11.500790214274424
2026-08-15,12.136789987736282
2026-08-16,11.949034645697166
2026-08-17,11.362574592036864
2026-08-18,11.039089531975147
2026-08-19,11.562857277082301
2026-08-20,11.775593176713757
2026-08-21,10.912825756006013
2026-08-22,11.05624699904174
2026-08-23,11.683763128458812
2026-08-24,11.472682992260847
2026-08-25,11.546757241170976
2026-08-26,10.599874640347904
2026-08-27,10.72164598193902
2026-08-28,11.490088269743122
2026-08-29,11.534260271864461
2026-08-30,11.21288081849846
2026-08-31,11.19538926613787
2026-09-01,11.877732810600554
2026-09-02,11.530102863260526
2026-09-03,10.745609397609844
2026-09-04,10.866268567707825
2026-09-05,11.095571184636558
2026-09-06,11.613614381760202
2026-09-07,10.871176970258619
2026-09-08,11.297227479822887
2026-09-09,11.767611538163715
2026-09-10,11.143248399357178
2026-09-11,11.646772035789201
2026-09-12,11.454431164674613
2026-09-13,11.881371156955456
2026-09-14,10.854701108478423
2026-09-15,11.22165842442545
2026-09-16,11.45272851098369
2026-09-17,10.706151511382402
2026-09-18,11.302103960784827
2026-09-19,11.41975630852409
2026-09-20,10.206537981458617
2026-09-21,10.342598932285663
2026-09-22,11.223422439891985
2026-09-23,10.202795174043755
2026-09-24,10.93493697366182
2026-09-25,11.286169947095203
2026-09-26,10.923758107006021
2026-09-27,11.044536305585437
2026-09-28,10.999487875141327
2026-09-29,11.343442420443596
2026-09-30,11.581367943029973
2026-10-01,11.47134895598935
2026-10-02,11.186380705031413
2026-10-03,10.809792142199727
2026-10-04,10.102180036965965
2026-10-05,10.991650821453412
